-- phpMyAdmin SQL Dump
-- version 3.4.5
-- http://www.phpmyadmin.net
--
-- Host: localhost
-- Generation Time: Jun 21, 2014 at 10:21 AM
-- Server version: 5.5.16
-- PHP Version: 5.3.8

SET SQL_MODE="NO_AUTO_VALUE_ON_ZERO";
SET time_zone = "+00:00";


/*!40101 SET @OLD_CHARACTER_SET_CLIENT=@@CHARACTER_SET_CLIENT */;
/*!40101 SET @OLD_CHARACTER_SET_RESULTS=@@CHARACTER_SET_RESULTS */;
/*!40101 SET @OLD_COLLATION_CONNECTION=@@COLLATION_CONNECTION */;
/*!40101 SET NAMES utf8 */;

--
-- Database: `bajaree`
--

-- --------------------------------------------------------

--
-- Table structure for table `admins`
--

CREATE TABLE IF NOT EXISTS `admins` (
  `admin_id` int(5) NOT NULL AUTO_INCREMENT,
  `admin_full_name` varchar(150) COLLATE utf8_unicode_ci NOT NULL,
  `admin_email` varchar(100) COLLATE utf8_unicode_ci NOT NULL,
  `admin_password` varchar(50) COLLATE utf8_unicode_ci NOT NULL,
  `admin_hash` varchar(50) COLLATE utf8_unicode_ci NOT NULL,
  `admin_type` enum('master','super','normal') COLLATE utf8_unicode_ci NOT NULL,
  `admin_status` enum('active','inactive') COLLATE utf8_unicode_ci NOT NULL,
  `admin_last_login` timestamp NOT NULL DEFAULT CURRENT_TIMESTAMP,
  `admin_update` datetime NOT NULL,
  `admin_updated_by` int(5) NOT NULL,
  PRIMARY KEY (`admin_id`)
) ENGINE=InnoDB  DEFAULT CHARSET=utf8 COLLATE=utf8_unicode_ci AUTO_INCREMENT=5 ;

--
-- Dumping data for table `admins`
--

INSERT INTO `admins` (`admin_id`, `admin_full_name`, `admin_email`, `admin_password`, `admin_hash`, `admin_type`, `admin_status`, `admin_last_login`, `admin_update`, `admin_updated_by`) VALUES
(0, 'System', 'system@bscheme.com', 'e10adc3949ba59abb#b1a2j1r1e2*e56e057f20f883e', 'qk6l2f2onu22kmeqoq1o0plum6', 'master', 'active', '2014-02-02 05:06:22', '2013-04-27 16:10:46', 0),
(1, 'Faruk', 'faruk@bscheme.com', 'e10adc3949ba59abb#b1a2j1r1e2*e56e057f20f883e', 'e33her6q40pfv838dega35s8c3', 'master', 'active', '2014-06-21 07:42:31', '2013-04-27 16:10:46', 0),
(2, 'Rashed', 'rashed@bscheme.com', 'd355613d1ed436902#b1a2j1r1e2*c3ebb0590ea833b', 'e65f3861ccbe532643ca5aeb29bdee4b', 'super', 'active', '2014-03-03 04:06:28', '2014-02-03 10:54:08', 0),
(3, 'Mukesh ', 'mukesh@bscheme.com', 'fe9642294f8e3bdac#b1a2j1r1e2*f9de8d8caff83ad', '3a46918efaec296ef010299b584c7404', 'super', 'active', '2014-03-02 10:44:40', '2014-02-03 10:54:53', 0),
(4, 'William', 'william@bscheme.com', 'e10adc3949ba59abb#b1a2j1r1e2*e56e057f20f883e', '6ig3ntrptrhkb4ud1f1grule17', 'super', 'active', '2014-06-19 04:37:40', '2014-05-28 12:28:40', 0);

-- --------------------------------------------------------

--
-- Table structure for table `areas`
--

CREATE TABLE IF NOT EXISTS `areas` (
  `area_id` int(11) NOT NULL AUTO_INCREMENT,
  `area_city_id` int(11) NOT NULL,
  `area_name` varchar(300) NOT NULL,
  `area_status` enum('allow','notallow') NOT NULL,
  `area_updated` timestamp NOT NULL DEFAULT CURRENT_TIMESTAMP ON UPDATE CURRENT_TIMESTAMP,
  `area_updated_by` int(11) NOT NULL,
  PRIMARY KEY (`area_id`)
) ENGINE=InnoDB  DEFAULT CHARSET=latin1 AUTO_INCREMENT=4 ;

--
-- Dumping data for table `areas`
--

INSERT INTO `areas` (`area_id`, `area_city_id`, `area_name`, `area_status`, `area_updated`, `area_updated_by`) VALUES
(1, 1, 'Banani', 'allow', '2014-05-28 11:22:59', 1),
(2, 1, ' Gulshan-1', 'allow', '2014-05-28 11:22:59', 1),
(3, 1, ' Gulshan-2', 'allow', '2014-05-28 11:22:59', 1);

-- --------------------------------------------------------

--
-- Table structure for table `banners`
--

CREATE TABLE IF NOT EXISTS `banners` (
  `banner_id` int(5) NOT NULL AUTO_INCREMENT,
  `banner_title` varchar(100) COLLATE utf8_unicode_ci NOT NULL,
  `banner_image_name` varchar(200) COLLATE utf8_unicode_ci NOT NULL,
  `banner_description` varchar(500) COLLATE utf8_unicode_ci NOT NULL,
  `banner_priority` int(3) NOT NULL,
  `banner_area` varchar(100) COLLATE utf8_unicode_ci NOT NULL,
  `banner_url` varchar(300) COLLATE utf8_unicode_ci NOT NULL,
  `banner_updated` timestamp NOT NULL DEFAULT CURRENT_TIMESTAMP ON UPDATE CURRENT_TIMESTAMP,
  `banner_updated_by` int(11) NOT NULL,
  PRIMARY KEY (`banner_id`)
) ENGINE=InnoDB DEFAULT CHARSET=utf8 COLLATE=utf8_unicode_ci AUTO_INCREMENT=1 ;

-- --------------------------------------------------------

--
-- Table structure for table `categories`
--

CREATE TABLE IF NOT EXISTS `categories` (
  `category_id` int(5) NOT NULL AUTO_INCREMENT,
  `category_name` varchar(50) COLLATE utf8_unicode_ci NOT NULL,
  `category_description` varchar(500) COLLATE utf8_unicode_ci NOT NULL,
  `category_parent_id` int(5) NOT NULL,
  `category_priority` int(11) NOT NULL,
  `category_logo` varchar(300) COLLATE utf8_unicode_ci NOT NULL,
  `category_updated` timestamp NOT NULL DEFAULT CURRENT_TIMESTAMP,
  `category_updated_by` int(5) NOT NULL,
  `category_type` enum('user_created','builtin') COLLATE utf8_unicode_ci DEFAULT 'user_created',
  `category_level` int(3) NOT NULL,
  PRIMARY KEY (`category_id`)
) ENGINE=InnoDB  DEFAULT CHARSET=utf8 COLLATE=utf8_unicode_ci AUTO_INCREMENT=93 ;

--
-- Dumping data for table `categories`
--

INSERT INTO `categories` (`category_id`, `category_name`, `category_description`, `category_parent_id`, `category_priority`, `category_logo`, `category_updated`, `category_updated_by`, `category_type`, `category_level`) VALUES
(1, 'Brands', 'this is Brands', 0, 1, 'Brands-1373182145.', '2013-07-07 07:29:05', 1, 'builtin', 0),
(2, 'Products', 'this is Product', 0, 1, 'Categories-1373182178.', '2013-07-07 07:29:38', 1, 'builtin', 0),
(25, 'Food', 'Food', 2, 7, 'Food-2.jpg', '2014-02-02 06:31:59', 1, 'builtin', 1),
(26, 'Beverages', 'Beverages', 2, 6, 'Beverages-2.jpg', '2014-02-02 06:33:58', 1, 'builtin', 1),
(27, 'Water', 'Water', 26, 3, 'Water-26.jpg', '2014-02-02 06:35:12', 2, 'user_created', 2),
(28, 'Coffee', 'Coffee', 26, 3, 'Coffee-26.jpg', '2014-02-02 06:35:39', 2, 'user_created', 2),
(29, 'Health & Beauty ', ' Health & Beauty ', 2, 5, 'Health & Beauty -2.jpg', '2014-02-02 06:37:10', 1, 'builtin', 1),
(30, 'Household ', 'Household ', 2, 3, 'Household -2.jpg', '2014-02-02 06:37:51', 1, 'builtin', 1),
(31, ' Organic ', ' Organic ', 2, 4, ' Organic -2.jpg', '2014-02-02 06:38:40', 1, 'builtin', 1),
(32, '  Baby ', '  Baby ', 2, 2, '  Baby -2.jpg', '2014-02-02 06:39:10', 1, 'builtin', 1),
(33, '   Pet Care ', '   Pet Care ', 2, 1, '   Pet Care -2.jpg', '2014-02-02 06:39:42', 1, 'builtin', 1),
(34, 'Fresh food ', 'Fresh food ', 25, 20, 'Fresh Food -25.jpg', '2014-02-02 06:43:45', 2, 'user_created', 2),
(35, 'Vegetable', 'Vegetable', 34, 20, 'Vegetable-34.jpg', '2014-02-02 06:45:22', 2, 'user_created', 3),
(36, 'Fruits', 'Fruits', 34, 20, 'Fruits-34.jpg', '2014-02-02 06:46:27', 2, 'user_created', 3),
(37, 'Frozen food ', 'Frozen food ', 25, 20, 'Frozen Food -25.jpg', '2014-02-02 06:47:05', 2, 'user_created', 2),
(38, 'Office supplies ', 'Office supplies ', 30, 20, 'Dips -25.jpg', '2014-02-02 06:47:30', 2, 'user_created', 2),
(39, 'Rice, noodles & pasta', 'Rice, noodles & pasta', 25, 20, 'Rice, Noodles & Pasta-25.jpg', '2014-02-02 06:47:58', 2, 'user_created', 2),
(40, 'Oil, sauces & spices', 'Oil, sauces & spices', 25, 20, 'Oil, Sauces & Spices-25.jpg', '2014-02-02 06:48:42', 2, 'user_created', 2),
(41, 'Baking ', 'Baking ', 26, 20, 'Baking -26.jpg', '2014-02-02 06:49:09', 2, 'user_created', 2),
(42, 'Bread', 'Bread', 41, 20, 'Bread-41.jpg', '2014-02-02 06:49:39', 1, 'user_created', 3),
(43, 'Cake', 'Cake', 41, 20, 'Cake-41.jpg', '2014-02-02 06:50:10', 1, 'user_created', 3),
(44, 'Juice', 'Juice', 26, 15, 'Juice-26.jpg', '2014-02-03 06:09:09', 2, 'user_created', 2),
(45, 'Biscuits', 'Biscuits', 26, 16, 'Biscuits-26.jpg', '2014-02-03 06:10:27', 2, 'user_created', 2),
(46, 'Soft drinks ', 'Soft drinks ', 26, 14, 'Soft drinks -26.jpg', '2014-02-17 06:55:34', 2, 'user_created', 2),
(47, 'Tea', 'Tea', 26, 13, 'Tea-26.jpg', '2014-02-17 06:58:10', 2, 'user_created', 2),
(48, 'Milk & cream', 'Milk & cream', 26, 12, 'Milk & cream-26.jpg', '2014-02-17 06:59:56', 2, 'user_created', 2),
(49, 'Hot chocolate & nutritional drinks ', 'Hot chocolate & nutritional drinks ', 26, 11, 'Hot chocolate & nutritional drinks -26.jpg', '2014-02-17 07:12:35', 2, 'user_created', 2),
(50, 'Sports & energy drinks', 'Sports & energy drinks', 26, 10, 'Sports & energy drinks-26.jpg', '2014-02-17 07:14:38', 2, 'user_created', 2),
(51, 'Breakfast & cereal ', 'Breakfast & cereal ', 25, 50, 'Breakfast & cereal -25.jpg', '2014-02-17 10:36:48', 2, 'user_created', 2),
(52, 'Dairy ', 'Dairy ', 25, 51, 'Dairy -25.jpg', '2014-02-17 10:37:54', 2, 'user_created', 2),
(53, 'Butter', 'Butter', 52, 21, 'Butter-52.jpg', '2014-02-27 04:49:48', 2, 'user_created', 3),
(54, 'Cheese', 'Cheese', 52, 23, 'Cheese-52.jpg', '2014-02-27 04:50:37', 2, 'user_created', 3),
(55, 'Yogurt', 'Yogurt', 52, 24, 'Yoghurt-52.jpg', '2014-02-27 04:51:15', 2, 'user_created', 3),
(56, 'Oil', 'Oil', 40, 54, 'Oil-40.jpg', '2014-03-02 06:17:55', 2, 'user_created', 3),
(57, 'Sauces', 'Sauces', 40, 53, 'Sauces-40.jpg', '2014-03-02 06:19:31', 2, 'user_created', 3),
(58, 'Spices', 'Spices', 40, 52, 'Spices-40.jpg', '2014-03-02 06:21:33', 2, 'user_created', 3),
(59, 'Rice', 'Rice', 39, 57, 'Rice-39.jpg', '2014-03-02 06:29:23', 2, 'user_created', 3),
(60, 'Noodles', 'Noodles', 39, 56, 'Noodles-39.jpg', '2014-03-02 06:30:55', 2, 'user_created', 3),
(61, ' Pasta', ' Pasta', 39, 55, ' Pasta-39.jpg', '2014-03-02 06:31:20', 2, 'user_created', 3),
(62, 'Deodorants & body sprays ', 'Deodorants & body sprays ', 29, 58, 'Deodorants & body sprays -29.jpg', '2014-03-02 06:39:32', 2, 'user_created', 2),
(63, 'Diet & nutrition ', 'Diet & nutrition ', 29, 59, 'Diet & nutrition -29.jpg', '2014-03-02 06:40:29', 2, 'user_created', 2),
(64, 'Exercise & fitness ', 'Exercise & fitness ', 29, 60, 'Exercise & fitness -29.jpg', '2014-03-02 06:41:25', 2, 'user_created', 2),
(65, 'Facial care ', 'Facial care ', 29, 61, 'Facial care -29.jpg', '2014-03-02 06:41:46', 2, 'user_created', 2),
(66, 'Feminine care ', 'Feminine care ', 29, 62, 'Feminine care -29.jpg', '2014-03-02 06:43:27', 2, 'user_created', 2),
(67, 'Fragrances ', 'Fragrances ', 29, 63, 'Fragrances -29.jpg', '2014-03-02 06:43:46', 2, 'user_created', 2),
(68, 'Hair care ', 'Hair care ', 29, 64, 'Hair care -29.jpg', '2014-03-02 06:44:06', 2, 'user_created', 2),
(69, 'Health care ', 'Health care ', 29, 65, 'Health care -29.jpg', '2014-03-02 06:44:26', 2, 'user_created', 2),
(70, 'Massagers & spa ', 'Massagers & spa ', 29, 66, 'Massagers & spa -29.jpg', '2014-03-02 06:44:50', 2, 'user_created', 2),
(71, 'Natural beauty ', 'Natural beauty ', 29, 68, 'Natural beauty -29.jpg', '2014-03-02 06:45:32', 2, 'user_created', 2),
(72, 'Men''s grooming', 'Men''s grooming ', 29, 67, 'Mens grooming -29.jpg', '2014-03-02 06:51:58', 2, 'user_created', 2),
(73, 'Oral care ', 'Oral care ', 29, 69, 'Oral care -29.jpg', '2014-03-02 07:02:23', 2, 'user_created', 2),
(74, 'Sexual wellness ', 'Sexual wellness ', 29, 70, 'Sexual wellness -29.jpg', '2014-03-02 07:03:42', 2, 'user_created', 2),
(75, 'Shower, bath & soap ', 'Shower, bath & soap ', 29, 71, 'Shower, bath & soap -29.jpg', '2014-03-02 07:04:16', 2, 'user_created', 2),
(76, 'Skin care ', 'Skin care ', 29, 72, 'Skin care -29.jpg', '2014-03-02 07:04:36', 2, 'user_created', 2),
(77, 'Vitamins', 'Vitamins', 29, 73, 'Vitamins-29.jpg', '2014-03-02 07:04:58', 2, 'user_created', 2),
(78, 'Bathroom ', 'Bathroom ', 30, 74, 'Bathroom -30.jpg', '2014-03-02 07:06:51', 2, 'user_created', 2),
(79, 'Batteries ', 'Batteries ', 30, 75, 'Batteries -30.jpg', '2014-03-02 07:07:57', 2, 'user_created', 2),
(80, 'Tools & electrical ', 'Tools & electrical ', 30, 76, 'Tools & electrical -30.jpg', '2014-03-02 07:08:36', 2, 'user_created', 2),
(81, 'Cleaning supplies ', 'Cleaning supplies ', 30, 77, 'Cleaning supplies -30.jpg', '2014-03-02 07:25:03', 2, 'user_created', 2),
(82, 'Facial tissue ', 'Facial tissue ', 30, 78, 'Facial tissue -30.jpg', '2014-03-02 07:25:30', 2, 'user_created', 2),
(83, 'Kitchen ', 'Kitchen ', 30, 79, 'Kitchen -30.jpg', '2014-03-02 07:25:49', 2, 'user_created', 2),
(84, 'Laundry ', 'Laundry ', 30, 80, 'Laundry -30.jpg', '2014-03-02 07:26:09', 2, 'user_created', 2),
(85, 'Light bulbs ', 'Light bulbs ', 30, 81, 'Light bulbs -30.jpg', '2014-03-02 08:08:00', 2, 'user_created', 2),
(86, 'Paper towels & napkins ', 'Paper ,Towels & Napkins ', 30, 82, 'Paper ,Towels & Napkins -30.jpg', '2014-03-02 08:09:31', 2, 'user_created', 2),
(87, 'Paper & plastic ', 'Paper & plastic ', 30, 83, 'Paper & plastic -30.jpg', '2014-03-02 08:14:45', 2, 'user_created', 2),
(88, 'Pest control ', 'Pest control ', 30, 84, 'Pest control -30.jpg', '2014-03-02 08:17:14', 2, 'user_created', 2),
(89, 'Cleaning ', 'Cleaning ', 30, 85, 'Cleaning -30.jpg', '2014-03-02 08:17:42', 2, 'user_created', 2),
(90, 'Car care ', 'Cleaning ', 30, 86, 'Car care -30.jpg', '2014-03-02 08:18:08', 2, 'user_created', 2),
(91, 'Food storage ', 'Food storage ', 30, 87, 'Food storage -30.jpg', '2014-03-02 08:18:52', 2, 'user_created', 2),
(92, 'Dishwashing ', 'Dishwashing ', 30, 88, 'Dishwashing -30.jpg', '2014-03-02 08:19:24', 2, 'user_created', 2);

-- --------------------------------------------------------

--
-- Table structure for table `category_banners`
--

CREATE TABLE IF NOT EXISTS `category_banners` (
  `CB_id` int(11) NOT NULL AUTO_INCREMENT,
  `CB_category_id` int(11) NOT NULL,
  `CB_image_name` varchar(100) COLLATE utf8_unicode_ci NOT NULL,
  `CB_title` varchar(100) COLLATE utf8_unicode_ci NOT NULL,
  `CB_priority` int(11) NOT NULL,
  `CB_description` varchar(300) COLLATE utf8_unicode_ci NOT NULL,
  `CB_url` varchar(300) COLLATE utf8_unicode_ci NOT NULL,
  `CB_url_type` enum('internal','external') COLLATE utf8_unicode_ci NOT NULL DEFAULT 'internal' COMMENT 'if external set target="_blanck" on anchor tag',
  `CB_updated` timestamp NOT NULL DEFAULT CURRENT_TIMESTAMP,
  `CB_updated_by` int(11) NOT NULL,
  PRIMARY KEY (`CB_id`)
) ENGINE=InnoDB  DEFAULT CHARSET=utf8 COLLATE=utf8_unicode_ci COMMENT='category_banners = CB' AUTO_INCREMENT=21 ;

--
-- Dumping data for table `category_banners`
--

INSERT INTO `category_banners` (`CB_id`, `CB_category_id`, `CB_image_name`, `CB_title`, `CB_priority`, `CB_description`, `CB_url`, `CB_url_type`, `CB_updated`, `CB_updated_by`) VALUES
(1, 44, 'Category-44_Time-1392630676.jpg', 'juice', 25, '', 'http://', 'internal', '2014-02-17 09:51:16', 2),
(2, 27, 'Category-27_Time-1392630731.jpg', 'Water', 24, '', 'http://', 'internal', '2014-02-17 09:52:11', 2),
(3, 28, 'Category-28_Time-1392630757.jpg', 'Coffee', 23, '', 'http://', 'internal', '2014-02-17 09:52:37', 2),
(4, 45, 'Category-45_Time-1392630791.jpg', 'Biscuits', 22, '', 'http://', 'internal', '2014-02-17 09:53:11', 2),
(5, 46, 'Category-46_Time-1392630823.jpg', 'Soft drinks ', 21, '', 'http://', 'internal', '2014-02-17 09:53:43', 2),
(6, 47, 'Category-46_Time-1392630845.jpg', 'Tea', 20, '', 'http://', 'internal', '2014-02-17 09:54:05', 2),
(7, 48, 'Category-46_Time-1392630874.jpg', 'Milk & cream', 19, '', 'http://', 'internal', '2014-02-17 09:54:34', 2),
(8, 49, 'Category-49_Time-1392630955.jpg', 'Hot chocolate & nutritional drinks ', 18, '', 'http://', 'internal', '2014-02-17 09:55:55', 2),
(9, 50, 'Category-50_Time-1392630978.jpg', 'Sports & energy drinks', 17, '', 'http://', 'internal', '2014-02-17 09:56:18', 2),
(10, 35, 'Category-35_Time-1392631711.jpg', 'Vegetable', 16, '', 'http://', 'internal', '2014-02-17 10:08:31', 2),
(11, 36, 'Category-36_Time-1392631727.jpg', 'Fruits', 15, '', 'http://', 'internal', '2014-02-17 10:08:47', 2),
(12, 39, 'Category-39_Time-1392632235.jpg', 'Rice, Noodles & Past', 14, '', 'http://', 'internal', '2014-02-17 10:17:15', 2),
(13, 40, 'Category-40_Time-1392632260.jpg', 'Oil, Sauces & Spices', 13, '', 'http://', 'internal', '2014-02-17 10:17:40', 2),
(14, 41, 'Category-40_Time-1392633820.jpg', 'Baking ', 12, '', 'http://', 'internal', '2014-02-17 10:43:40', 2),
(15, 2, 'Category-2_Time-1392634951.jpg', 'FREE GROCERY DELIVERY', 5, 'FREE GROCERY DELIVERY', 'http://testserver.bscheme.com/bajaree/', 'internal', '2014-02-17 11:02:31', 2),
(16, 2, 'Category-2_Time-1392635061.jpg', 'BUY GROCERIES ONLINE', 4, '<p>BUY GROCERIES ONLINE</p>', 'http://testserver.bscheme.com/bajaree/', 'internal', '2014-02-17 11:04:21', 2),
(17, 2, 'Category-2_Time-1392635257.jpg', 'SHOP NOW', 3, '<p>SHOP NOW</p>', 'http://testserver.bscheme.com/bajaree/', 'internal', '2014-02-17 11:07:37', 2),
(18, 51, 'Category-51_Time-1393472584.jpg', 'Breakfast-&-Cereal', 11, '', 'http://', 'internal', '2014-02-27 03:43:04', 2),
(19, 52, 'Category-52_Time-1393488101.jpg', 'Dairy ', 10, 'Dairy', 'http://', 'internal', '2014-02-27 08:01:41', 2),
(20, 53, 'Category-53_Time-1393489591.jpg', 'Butter', 9, '<span></span>Butter', 'http://', 'internal', '2014-02-27 08:26:31', 2);

-- --------------------------------------------------------

--
-- Table structure for table `category_featured`
--

CREATE TABLE IF NOT EXISTS `category_featured` (
  `CF_id` int(11) NOT NULL AUTO_INCREMENT,
  `CF_category_id` int(11) NOT NULL,
  `CF_featured_from` date NOT NULL,
  `CF_featured_to` date NOT NULL,
  `CF_updated` timestamp NOT NULL DEFAULT CURRENT_TIMESTAMP ON UPDATE CURRENT_TIMESTAMP,
  `CF_updated_by` int(11) NOT NULL,
  PRIMARY KEY (`CF_id`)
) ENGINE=InnoDB  DEFAULT CHARSET=latin1 AUTO_INCREMENT=5 ;

--
-- Dumping data for table `category_featured`
--

INSERT INTO `category_featured` (`CF_id`, `CF_category_id`, `CF_featured_from`, `CF_featured_to`, `CF_updated`, `CF_updated_by`) VALUES
(1, 34, '2014-02-01', '2014-02-28', '2014-02-12 11:32:51', 1),
(2, 35, '2014-02-01', '2014-02-11', '2014-02-16 06:34:38', 1),
(3, 26, '2014-02-01', '2014-02-28', '2014-02-13 06:56:32', 1),
(4, 44, '2014-02-16', '2014-12-16', '2014-02-16 07:17:25', 2);

-- --------------------------------------------------------

--
-- Table structure for table `category_promotion`
--

CREATE TABLE IF NOT EXISTS `category_promotion` (
  `CP_id` int(11) NOT NULL AUTO_INCREMENT,
  `CP_category_id` int(11) NOT NULL,
  `CP_image_name` varchar(100) COLLATE utf8_unicode_ci NOT NULL,
  `CP_title` varchar(100) COLLATE utf8_unicode_ci NOT NULL,
  `CP_priority` int(11) NOT NULL,
  `CP_description` varchar(300) COLLATE utf8_unicode_ci NOT NULL,
  `CP_url` varchar(300) COLLATE utf8_unicode_ci NOT NULL,
  `CP_url_type` enum('internal','external') COLLATE utf8_unicode_ci NOT NULL DEFAULT 'internal' COMMENT 'if external set target="_blanck" on anchor tag',
  `CP_updated` timestamp NOT NULL DEFAULT CURRENT_TIMESTAMP,
  `CP_updated_by` int(11) NOT NULL,
  PRIMARY KEY (`CP_id`)
) ENGINE=InnoDB  DEFAULT CHARSET=utf8 COLLATE=utf8_unicode_ci COMMENT='category_promotion = CP' AUTO_INCREMENT=8 ;

--
-- Dumping data for table `category_promotion`
--

INSERT INTO `category_promotion` (`CP_id`, `CP_category_id`, `CP_image_name`, `CP_title`, `CP_priority`, `CP_description`, `CP_url`, `CP_url_type`, `CP_updated`, `CP_updated_by`) VALUES
(1, 25, 'Category-25_Time-1392637120.jpg', 'Food', 7, 'Food', 'http://', 'internal', '2014-02-17 12:04:01', 1),
(2, 26, 'Category-25_Time-1392638684.jpg', 'Beverages', 6, 'Beverages', 'http://', 'internal', '2014-02-17 12:04:44', 1),
(3, 29, 'Category-29_Time-1392638750.jpg', 'Health & Beauty ', 5, 'Health &amp; Beauty', 'http://', 'internal', '2014-02-17 12:05:50', 2),
(4, 31, 'Category-31_Time-1392638793.jpg', 'Organic ', 4, 'Organic', 'http://', 'internal', '2014-02-17 12:06:33', 2),
(5, 30, 'Category-30_Time-1392638814.jpg', 'Household ', 3, '<span></span>Household', 'http://', 'internal', '2014-02-17 12:06:54', 2),
(6, 32, 'Category-30_Time-1392638842.jpg', 'Baby ', 2, '<span></span>Baby', 'http://', 'internal', '2014-02-17 12:07:22', 2),
(7, 33, 'Category-33_Time-1392638874.jpg', 'Pet Care ', 1, '<span></span>Pet Care', 'http://', 'internal', '2014-02-17 12:07:54', 2);

-- --------------------------------------------------------

--
-- Table structure for table `cities`
--

CREATE TABLE IF NOT EXISTS `cities` (
  `city_id` int(5) NOT NULL AUTO_INCREMENT,
  `city_country_id` int(5) NOT NULL,
  `city_name` varchar(100) COLLATE utf8_unicode_ci NOT NULL,
  `city_status` enum('allow','notallow') COLLATE utf8_unicode_ci NOT NULL,
  `city_updated` timestamp NOT NULL DEFAULT CURRENT_TIMESTAMP,
  `city_updated_by` int(11) NOT NULL,
  PRIMARY KEY (`city_id`)
) ENGINE=InnoDB  DEFAULT CHARSET=utf8 COLLATE=utf8_unicode_ci AUTO_INCREMENT=11 ;

--
-- Dumping data for table `cities`
--

INSERT INTO `cities` (`city_id`, `city_country_id`, `city_name`, `city_status`, `city_updated`, `city_updated_by`) VALUES
(1, 1, 'Dhaka', 'allow', '2013-07-31 13:31:55', 1),
(2, 1, ' Barisal', 'notallow', '2013-07-31 13:31:55', 1),
(3, 1, ' Chittagong', 'notallow', '2013-07-31 13:31:55', 1),
(4, 1, ' Khulna', 'notallow', '2013-07-31 13:31:55', 1),
(5, 3, 'Beijing', 'allow', '2013-07-31 13:33:25', 1),
(6, 3, ' Chongqing', 'allow', '2013-07-31 13:33:25', 1),
(7, 3, ' Shanghai', 'allow', '2013-07-31 13:33:25', 1),
(8, 3, '	Tianjin', 'notallow', '2013-07-31 13:33:25', 1),
(9, 1, 'Comilla', 'allow', '2013-08-05 06:29:00', 1),
(10, 1, 'Rajsahi', 'allow', '2013-08-05 06:35:05', 1);

-- --------------------------------------------------------

--
-- Table structure for table `colors`
--

CREATE TABLE IF NOT EXISTS `colors` (
  `color_id` int(5) NOT NULL AUTO_INCREMENT,
  `color_title` varchar(20) COLLATE utf8_unicode_ci NOT NULL,
  `color_code` varchar(20) COLLATE utf8_unicode_ci NOT NULL,
  `color_image_name` varchar(50) COLLATE utf8_unicode_ci NOT NULL,
  `color_updated` timestamp NOT NULL DEFAULT CURRENT_TIMESTAMP,
  `color_updated_by` int(5) NOT NULL,
  PRIMARY KEY (`color_id`)
) ENGINE=InnoDB  DEFAULT CHARSET=utf8 COLLATE=utf8_unicode_ci AUTO_INCREMENT=5 ;

--
-- Dumping data for table `colors`
--

INSERT INTO `colors` (`color_id`, `color_title`, `color_code`, `color_image_name`, `color_updated`, `color_updated_by`) VALUES
(1, 'Test Color 1', '470047', 'img1.jpg', '2013-06-03 05:21:08', 1),
(2, 'Test Color 2', '7bff00', 'b6.jpg', '2013-06-03 05:35:11', 1),
(3, 'Product 1', 'ff00ff', 'b6.jpg', '2013-06-03 09:21:41', 1),
(4, 'AAaa 123 !!!!!!', 'ff00ff', 'img1.jpg', '2013-06-03 11:28:06', 1);

-- --------------------------------------------------------

--
-- Table structure for table `config_settings`
--

CREATE TABLE IF NOT EXISTS `config_settings` (
  `CS_option` varchar(100) COLLATE utf8_unicode_ci NOT NULL,
  `CS_value` varchar(500) COLLATE utf8_unicode_ci NOT NULL,
  `CS_update_date` timestamp NOT NULL DEFAULT CURRENT_TIMESTAMP ON UPDATE CURRENT_TIMESTAMP,
  `CS_updated_by` varchar(200) COLLATE utf8_unicode_ci NOT NULL,
  `CS_auto_load` enum('yes','no') COLLATE utf8_unicode_ci NOT NULL DEFAULT 'no'
) ENGINE=InnoDB DEFAULT CHARSET=utf8 COLLATE=utf8_unicode_ci;

--
-- Dumping data for table `config_settings`
--

INSERT INTO `config_settings` (`CS_option`, `CS_value`, `CS_update_date`, `CS_updated_by`, `CS_auto_load`) VALUES
('SITE_NAME', 'Bajaree', '2014-02-02 08:12:21', 'SQ Group', 'yes'),
('SITE_URL', ' http://localhost/sq', '2014-02-02 05:51:03', ' http://localhost/sq', 'yes'),
('SITE_LOGO', 'favicon.ico', '2014-02-02 05:51:03', 'favicon.ico', 'yes'),
('SITE_FAVICON', 'DFGDFG', '2014-02-02 05:51:03', 'DFGDFG', 'yes'),
('ALBUM_IMAGE_WIDTH', '1024', '2014-02-02 05:51:03', '1024', 'no'),
('CATEGORY_LOGO_WIDTH', '1024', '2014-02-02 05:51:03', '1024', 'no'),
('CLIENT_LOGO_WIDTH', '200', '2014-02-02 05:51:03', '200', 'no'),
('SITE_DEFAULT_META_TITLE', 'Bajaree |', '2014-02-02 08:27:29', 'title new', 'no'),
('SITE_DEFAULT_META_DESCRIPTION', 'description  new', '2014-02-02 05:51:03', 'description  new', 'no'),
('SITE_DEFAULT_META_KEYWORDS', 'key, words, new', '2014-02-02 05:51:03', 'key, words, new', 'no'),
('COMPANY_LOGO_WIDTH', '1024', '2014-02-02 05:51:03', '1024', 'no'),
('COMPANY_BANNER_WIDTH', '400', '2014-02-02 05:51:03', '400', 'no'),
('PRODUCT_IMAGE_WIDTH', '1024', '2014-02-02 05:51:03', '1024', 'no'),
('TESTIMONIAL_IMAGE_WIDTH', '1024', '2014-02-02 05:51:03', '1024', 'no'),
('MENU_TITLE_CHARACTER_LIMIT', '10', '2014-02-02 05:51:03', '10', 'no'),
('ALBUM_IMAGE_THUMB_WIDTH', '21024', '2014-02-02 05:51:03', '21024', 'no'),
('PARTNER_LOGO_WIDTH', '1024', '2014-02-02 05:51:03', '1024', 'no'),
('SMTP_SERVER_ADDRESS', 'ip-203-124-98-163.ip.secureserver.net', '2014-02-13 10:24:34', 'a', 'no'),
('EMAIL_ADDRESS_GENERAL', 'no-reply@bajaree.com', '2014-02-13 10:24:34', 'a', 'no'),
('HOSTING_ID', 'biriqina', '2014-02-13 10:24:34', 'a', 'no'),
('HOSTING_PASS', 'ayNw00XrFT', '2014-02-13 10:24:34', 'a', 'no'),
('SMTP_PORT_NO', '465', '2014-02-13 10:24:34', 'a', 'no'),
('POST_IMAGE_WIDTH', '200', '2014-02-02 05:51:03', '200', 'no'),
('MENU_TITLE_CHARACTER_LIMIT', '10', '2014-02-02 05:51:03', '10', 'no'),
('BANNER_MIN_WIDTH', '150', '2014-02-02 05:51:03', '1', 'no'),
('CATEGORY_BANNER_MAX_WIDTH', '', '2014-05-11 11:09:32', '1', 'no'),
('GOOGLE_ANALYTICS', 'GOOGLE_ANALYTICS', '2014-02-02 08:10:45', '1', 'yes'),
('SITE_AUTHOR', 'Blue Scheme', '2014-02-02 08:14:34', '1', 'yes'),
('CATEGORY_BANNER_MIN_WIDTH', '', '2014-05-11 11:09:32', '1', 'no'),
('CATEGORY_PROMOTION_MIN_WIDTH', '', '2014-05-11 11:09:32', '1', 'no'),
('CATEGORY_PROMOTION_MAX_WIDTH', '', '2014-05-11 11:09:32', '1', 'no'),
('SEND_EMAIL_APPROVED', 'mijo.jfwg@gmail.com,', '2014-03-15 06:35:49', '1', 'yes'),
('FOOTER_CUSTOMER_SERVICE', '<ul>             <li>               <p>Call us weekdays 10am-6pm</p>               <p>weekends &amp; holidays 10am-3pm on</p>               <p> <a href="callto:+6562613456" class="inline">02 874 4554</a> </p>               <p>or email <a href="mailto:help@bajaree.com" class="inline">help@bajaree.com</a></p>             </li>           </ul>', '2014-03-18 12:11:55', '1', 'yes'),
('PRODUCT_LARGE_IMAGE_WIDTH', '', '2014-05-11 11:09:32', '1', 'no'),
('PRODUCT_MEDIUM_IMAGE_WIDTH', '', '2014-05-11 11:09:32', '1', 'no'),
('PRODUCT_SMALL_IMAGE_WIDTH', '', '2014-05-11 11:09:32', '1', 'no'),
('MINIMUM_SHOPPING_AMOUNT', '700', '2014-05-11 11:09:56', '', 'no'),
('MINIMUM_SHOPPING_AMOUNT_CHARGE', '150', '2014-05-11 11:09:56', '', 'no'),
('INVOICE_MAXIMUM_PRODUCT_COUNT', '10', '2014-05-21 10:13:57', '1', 'no'),
('FACEBOOK_LINK', '1', '2014-05-22 08:08:17', '1', 'no'),
('TWITTER_LINK', '2', '2014-05-22 08:08:17', '1', 'no'),
('GOOGLE_PLUS_LINK', '3', '2014-05-22 08:08:17', '1', 'no'),
('LINKEDIN_LINK', '4', '2014-05-22 08:08:17', '1', 'no'),
('PINTEREST_LINK', '5', '2014-05-22 08:08:17', '1', 'no'),
('EXPRESS_DELIVERY_CHARGE', '500', '2014-06-02 10:09:02', '1', 'no'),
('SUPPORT_MOBILE_NO', '0168', '2014-06-03 09:08:29', '1', 'no'),
('START_TIME', '10:00 AM', '2014-06-04 10:14:06', '1', 'no'),
('END_TIME', '10:00 PM', '2014-06-04 08:17:59', '1', 'no'),
('TOTAL_SLOT', '6', '2014-06-04 10:17:28', '1', 'no'),
('CHECKOUT_PAGE_BKASH_TEXT', 'The easiest and safest way to send or receive money instantly on your mobile', '2014-06-19 04:58:41', '1', 'no'),
('CHECKOUT_PAGE_COD_TEXT', 'Cash on Delivery is one of the payment methods for making purchases on bajaree.com.', '2014-06-19 04:43:47', '1', 'no'),
('CHECKOUT_PAGE_EXPRESS_DELIVERY_TEXT', 'Bajaree Express Delivery Service. Delivery will be done within 2 hours. <strong>Charge applicable.</strong>', '2014-06-19 04:48:33', '1', 'no');

-- --------------------------------------------------------

--
-- Table structure for table `countries`
--

CREATE TABLE IF NOT EXISTS `countries` (
  `country_id` int(5) NOT NULL AUTO_INCREMENT,
  `country_name` varchar(100) COLLATE utf8_unicode_ci NOT NULL,
  `country_status` enum('allow','notallow') COLLATE utf8_unicode_ci NOT NULL DEFAULT 'notallow',
  `country_updated` timestamp NOT NULL DEFAULT CURRENT_TIMESTAMP,
  `country_updated_by` int(11) NOT NULL,
  PRIMARY KEY (`country_id`)
) ENGINE=InnoDB  DEFAULT CHARSET=utf8 COLLATE=utf8_unicode_ci AUTO_INCREMENT=8 ;

--
-- Dumping data for table `countries`
--

INSERT INTO `countries` (`country_id`, `country_name`, `country_status`, `country_updated`, `country_updated_by`) VALUES
(1, 'Bangladesh', 'allow', '2013-07-31 13:31:04', 1),
(2, 'Australia', 'notallow', '2013-07-31 13:31:15', 1),
(3, 'China', 'notallow', '2013-07-31 13:31:24', 1),
(4, 'India', 'notallow', '2013-08-05 06:30:10', 1),
(5, 'Pakistan', 'notallow', '2013-08-05 06:30:41', 1),
(6, 'Napel', 'notallow', '2013-08-05 06:32:04', 1),
(7, 'Vutan', 'notallow', '2013-08-05 06:32:33', 1);

-- --------------------------------------------------------

--
-- Table structure for table `faq`
--

CREATE TABLE IF NOT EXISTS `faq` (
  `faq_id` int(3) NOT NULL AUTO_INCREMENT,
  `faq_question` varchar(150) COLLATE utf8_unicode_ci NOT NULL,
  `faq_answer` varchar(500) COLLATE utf8_unicode_ci NOT NULL,
  `faq_priority` int(3) NOT NULL,
  PRIMARY KEY (`faq_id`)
) ENGINE=InnoDB DEFAULT CHARSET=utf8 COLLATE=utf8_unicode_ci AUTO_INCREMENT=1 ;

-- --------------------------------------------------------

--
-- Table structure for table `menu`
--

CREATE TABLE IF NOT EXISTS `menu` (
  `menu_id` int(5) NOT NULL AUTO_INCREMENT,
  `menu_title` varchar(50) COLLATE utf8_unicode_ci NOT NULL,
  PRIMARY KEY (`menu_id`)
) ENGINE=InnoDB DEFAULT CHARSET=utf8 COLLATE=utf8_unicode_ci AUTO_INCREMENT=1 ;

-- --------------------------------------------------------

--
-- Table structure for table `menu_url`
--

CREATE TABLE IF NOT EXISTS `menu_url` (
  `MU_id` int(5) NOT NULL AUTO_INCREMENT,
  `MU_menu_id` int(5) NOT NULL,
  `MU_url_title` varchar(10) COLLATE utf8_unicode_ci NOT NULL,
  `MU_url` varchar(400) COLLATE utf8_unicode_ci NOT NULL,
  `MU_priority` int(3) NOT NULL,
  PRIMARY KEY (`MU_id`)
) ENGINE=InnoDB DEFAULT CHARSET=utf8 COLLATE=utf8_unicode_ci AUTO_INCREMENT=1 ;

-- --------------------------------------------------------

--
-- Table structure for table `orders`
--

CREATE TABLE IF NOT EXISTS `orders` (
  `order_id` int(11) NOT NULL AUTO_INCREMENT,
  `order_user_id` int(11) NOT NULL,
  `order_created` datetime NOT NULL,
  `order_number` varchar(150) COLLATE utf8_unicode_ci NOT NULL COMMENT 'default null. entered by admin when processing orders',
  `order_read` enum('yes','no') COLLATE utf8_unicode_ci NOT NULL DEFAULT 'no' COMMENT 'if order has been viewed',
  `order_status` enum('booking','approved','delivered','paid','closed','pending','cancel') COLLATE utf8_unicode_ci NOT NULL COMMENT 'Only can change at booking stage, booking = user placed order, approved = admin approved order, delivered = product sent to shipping address, paid = customer paid and order completed',
  `order_payment_type` enum('COD','Paypal','Walleto','Card','Bkash') COLLATE utf8_unicode_ci NOT NULL COMMENT 'create table for every option',
  `order_delivery_start_datetime` datetime NOT NULL,
  `order_delivery_end_datetime` datetime NOT NULL,
  `order_is_express` enum('yes','no') COLLATE utf8_unicode_ci NOT NULL DEFAULT 'no',
  `order_total_item` int(3) NOT NULL,
  `order_total_amount` decimal(10,2) NOT NULL COMMENT 'summation of all product price',
  `order_vat_amount` decimal(10,2) NOT NULL,
  `order_discount_amount` decimal(10,2) NOT NULL COMMENT 'summation of all product discount',
  `order_promotion_codes_id` int(11) NOT NULL,
  `order_promotion_discount_amount` decimal(10,2) NOT NULL,
  `order_shipment_charge` decimal(10,2) NOT NULL,
  `order_session_id` varchar(300) COLLATE utf8_unicode_ci NOT NULL,
  `order_note` varchar(500) COLLATE utf8_unicode_ci NOT NULL,
  `order_billing_first_name` varchar(50) COLLATE utf8_unicode_ci NOT NULL,
  `order_billing_middle_name` varchar(50) COLLATE utf8_unicode_ci NOT NULL,
  `order_billing_last_name` varchar(50) COLLATE utf8_unicode_ci NOT NULL,
  `order_billing_phone` varchar(20) COLLATE utf8_unicode_ci NOT NULL,
  `order_billing_best_call_time` varchar(100) COLLATE utf8_unicode_ci NOT NULL,
  `order_billing_address` text COLLATE utf8_unicode_ci NOT NULL,
  `order_billing_country` varchar(100) COLLATE utf8_unicode_ci NOT NULL,
  `order_billing_city` varchar(100) COLLATE utf8_unicode_ci NOT NULL,
  `order_billing_area` varchar(255) COLLATE utf8_unicode_ci NOT NULL,
  `order_billing_zip` varchar(10) COLLATE utf8_unicode_ci NOT NULL,
  `order_shipping_first_name` varchar(50) COLLATE utf8_unicode_ci NOT NULL,
  `order_shipping_middle_name` varchar(50) COLLATE utf8_unicode_ci NOT NULL,
  `order_shipping_last_name` varchar(50) COLLATE utf8_unicode_ci NOT NULL,
  `order_shipping_phone` varchar(20) COLLATE utf8_unicode_ci NOT NULL,
  `order_shipping_best_call_time` varchar(100) COLLATE utf8_unicode_ci NOT NULL,
  `order_shipping_address` text COLLATE utf8_unicode_ci NOT NULL,
  `order_shipping_country` varchar(100) COLLATE utf8_unicode_ci NOT NULL,
  `order_shipping_city` varchar(100) COLLATE utf8_unicode_ci NOT NULL,
  `order_shipping_area` varchar(255) COLLATE utf8_unicode_ci NOT NULL,
  `order_shipping_zip` varchar(10) COLLATE utf8_unicode_ci NOT NULL,
  `order_updated_on` timestamp NOT NULL DEFAULT CURRENT_TIMESTAMP ON UPDATE CURRENT_TIMESTAMP,
  `order_updated_by` int(11) NOT NULL,
  PRIMARY KEY (`order_id`)
) ENGINE=InnoDB  DEFAULT CHARSET=utf8 COLLATE=utf8_unicode_ci AUTO_INCREMENT=40 ;

--
-- Dumping data for table `orders`
--

INSERT INTO `orders` (`order_id`, `order_user_id`, `order_created`, `order_number`, `order_read`, `order_status`, `order_payment_type`, `order_delivery_start_datetime`, `order_delivery_end_datetime`, `order_is_express`, `order_total_item`, `order_total_amount`, `order_vat_amount`, `order_discount_amount`, `order_promotion_codes_id`, `order_promotion_discount_amount`, `order_shipment_charge`, `order_session_id`, `order_note`, `order_billing_first_name`, `order_billing_middle_name`, `order_billing_last_name`, `order_billing_phone`, `order_billing_best_call_time`, `order_billing_address`, `order_billing_country`, `order_billing_city`, `order_billing_area`, `order_billing_zip`, `order_shipping_first_name`, `order_shipping_middle_name`, `order_shipping_last_name`, `order_shipping_phone`, `order_shipping_best_call_time`, `order_shipping_address`, `order_shipping_country`, `order_shipping_city`, `order_shipping_area`, `order_shipping_zip`, `order_updated_on`, `order_updated_by`) VALUES
(1, 1, '2014-03-15 12:14:14', '[150314-1]', 'yes', 'booking', 'COD', '0000-00-00 00:00:00', '0000-00-00 00:00:00', 'yes', 1, 20.00, 0.00, 0.00, 0, 0.00, 0.00, 'mnjqjinpmmojk5f1b4uie06g37', '', 'William', '', 'Gomes', '8801914272921', '', '80, Tejturi Bazar', 'Bangladesh', 'Dhaka', 'Banani', '1215', 'William', '', 'Gomes', '8801914272921', '', '80, Tejturi Bazar', 'Bangladesh', 'Dhaka', 'Banani', '1215', '2014-05-20 09:35:55', 0),
(2, 1, '2014-03-15 12:19:25', '[150314-2]', 'yes', 'approved', 'COD', '0000-00-00 00:00:00', '0000-00-00 00:00:00', 'yes', 1, 20.00, 0.00, 0.00, 0, 0.00, 0.00, 'mnjqjinpmmojk5f1b4uie06g37', 'Dont ring the bell.', 'William', '', 'Gomes', '8801914272921', '', '80, Tejturi Bazar', 'Bangladesh', 'Dhaka', 'Banani', '1215', 'William', '', 'Gomes', '8801914272921', '', '80, Tejturi Bazar', 'Bangladesh', 'Dhaka', 'Banani', '1215', '2014-05-07 09:18:55', 1),
(3, 1, '2014-05-21 11:55:43', '[140521-3]', 'yes', 'booking', 'Bkash', '0000-00-00 00:00:00', '0000-00-00 00:00:00', 'yes', 35, 13649.00, 0.00, 0.00, 0, 0.00, 0.00, 'jta0pi2c6bi09eqrnsivktv3n2', '', 'William', '', 'Gomes', '8801914272921', '', '111111111', 'Bangladesh', 'Dhaka', ' Gulshan-2', '1111111111', 'William', '', 'Gomes', '8801914272921', '', '111111111', 'Bangladesh', 'Dhaka', ' Gulshan-2', '1111111111', '2014-05-21 05:56:05', 0),
(4, 1, '2014-05-27 17:46:37', '[270514-4]', 'yes', 'approved', 'COD', '0000-00-00 00:00:00', '0000-00-00 00:00:00', 'yes', 2, 55.00, 0.00, 0.00, 0, 0.00, 0.00, 'f63vijkj3vemkh6no17tpbm4i3', '', 'William', '', 'Gomes', '8801914272921', '', '111111111', 'Bangladesh', 'Dhaka', ' Gulshan-2', '1111111111', 'William', '', 'Gomes', '8801914272921', '', '111111111', 'Bangladesh', 'Dhaka', ' Gulshan-2', '1111111111', '2014-05-28 06:29:08', 4),
(5, 1, '2014-05-27 17:48:01', '[270514-5]', 'yes', 'approved', 'COD', '0000-00-00 00:00:00', '0000-00-00 00:00:00', 'yes', 3, 425.00, 0.00, 0.00, 0, 0.00, 0.00, 'f63vijkj3vemkh6no17tpbm4i3', '', 'William', '', 'Gomes', '8801914272921', '', '111111111', 'Bangladesh', 'Dhaka', ' Gulshan-2', '1111111111', 'William', '', 'Gomes', '8801914272921', '', '111111111', 'Bangladesh', 'Dhaka', ' Gulshan-2', '1111111111', '2014-06-18 09:55:02', 4),
(6, 1, '2014-05-27 17:52:28', '[140527-6]', 'yes', 'booking', 'COD', '0000-00-00 00:00:00', '0000-00-00 00:00:00', 'yes', 3, 525.00, 0.00, 0.00, 0, 0.00, 0.00, 'f63vijkj3vemkh6no17tpbm4i3', '', 'William', '', 'Gomes', '8801914272921', '', '80, Tejturi Bazar', 'Bangladesh', 'Dhaka', 'Banani', '1215', 'William', '', 'Gomes', '8801914272921', '', '111111111', 'Bangladesh', 'Dhaka', ' Gulshan-2', '1111111111', '2014-06-18 09:55:28', 0),
(7, 1, '2014-05-28 11:03:29', '[280514-7]', 'yes', 'approved', 'COD', '0000-00-00 00:00:00', '0000-00-00 00:00:00', 'yes', 3, 450.00, 0.00, 0.00, 1, 45.00, 0.00, 'f63vijkj3vemkh6no17tpbm4i3', '', '', '', 'Gomes', '8801914272921', '', '80, Tejturi Bazar', 'Bangladesh', 'Dhaka', 'Banani', '1215', 'William', '', 'Gomes', '8801914272921', '', '111111111', 'Bangladesh', 'Dhaka', ' Gulshan-2', '1111111111', '2014-05-28 06:25:51', 1),
(8, 1, '2014-05-31 15:43:35', '[140531-8]', 'no', 'booking', 'COD', '0000-00-00 00:00:00', '0000-00-00 00:00:00', 'yes', 1, 25.00, 0.00, 0.00, 0, 0.00, 0.00, 'v47b2tt47abckno6pcbm629pr7', '', 'William', '', 'Gomes', '8801914272921', '', '111111111', 'Bangladesh', 'Dhaka', ' Gulshan-2', '1111111111', 'William', '', 'Gomes', '8801914272921', '', '111111111', 'Bangladesh', 'Dhaka', ' Gulshan-2', '1111111111', '2014-05-31 09:43:35', 0),
(9, 1, '2014-06-02 14:56:39', '[140602-9]', 'no', 'booking', 'COD', '0000-00-00 00:00:00', '0000-00-00 00:00:00', 'yes', 2, 565.00, 0.00, 0.00, 0, 0.00, 0.00, 'drnsbvgevsdrf2qo31h8a4i950', '', 'William', '', 'Gomes', '8801914272921', '', '80, Tejturi Bazar', 'Bangladesh', 'Dhaka', 'Banani', '1215', 'William', '', 'Gomes', '8801914272921', '', '111111111', 'Bangladesh', 'Dhaka', ' Gulshan-2', '1111111111', '2014-06-02 08:56:39', 0),
(10, 1, '2014-06-02 14:56:46', '[140602-10]', 'no', 'booking', 'COD', '0000-00-00 00:00:00', '0000-00-00 00:00:00', 'yes', 0, 0.00, 0.00, 0.00, 0, 0.00, 0.00, 'drnsbvgevsdrf2qo31h8a4i950', '', 'William', '', 'Gomes', '8801914272921', '', '80, Tejturi Bazar', 'Bangladesh', 'Dhaka', 'Banani', '1215', 'William', '', 'Gomes', '8801914272921', '', '111111111', 'Bangladesh', 'Dhaka', ' Gulshan-2', '1111111111', '2014-06-02 08:56:46', 0),
(11, 1, '2014-06-02 14:56:51', '[140602-11]', 'no', 'booking', 'COD', '0000-00-00 00:00:00', '0000-00-00 00:00:00', 'yes', 0, 0.00, 0.00, 0.00, 0, 0.00, 0.00, 'drnsbvgevsdrf2qo31h8a4i950', '', 'William', '', 'Gomes', '8801914272921', '', '80, Tejturi Bazar', 'Bangladesh', 'Dhaka', 'Banani', '1215', 'William', '', 'Gomes', '8801914272921', '', '111111111', 'Bangladesh', 'Dhaka', ' Gulshan-2', '1111111111', '2014-06-02 08:56:51', 0),
(12, 1, '2014-06-02 14:56:54', '[140602-12]', 'no', 'booking', 'COD', '0000-00-00 00:00:00', '0000-00-00 00:00:00', 'yes', 0, 0.00, 0.00, 0.00, 0, 0.00, 0.00, 'drnsbvgevsdrf2qo31h8a4i950', '', 'William', '', 'Gomes', '8801914272921', '', '80, Tejturi Bazar', 'Bangladesh', 'Dhaka', 'Banani', '1215', 'William', '', 'Gomes', '8801914272921', '', '111111111', 'Bangladesh', 'Dhaka', ' Gulshan-2', '1111111111', '2014-06-02 08:56:54', 0),
(13, 1, '2014-06-02 14:57:03', '[140602-13]', 'no', 'booking', 'COD', '0000-00-00 00:00:00', '0000-00-00 00:00:00', 'yes', 0, 0.00, 0.00, 0.00, 0, 0.00, 0.00, 'drnsbvgevsdrf2qo31h8a4i950', '', 'William', '', 'Gomes', '8801914272921', '', '80, Tejturi Bazar', 'Bangladesh', 'Dhaka', 'Banani', '1215', 'William', '', 'Gomes', '8801914272921', '', '111111111', 'Bangladesh', 'Dhaka', ' Gulshan-2', '1111111111', '2014-06-02 08:57:03', 0),
(14, 1, '2014-06-02 14:58:28', '[140602-14]', 'no', 'booking', 'COD', '0000-00-00 00:00:00', '0000-00-00 00:00:00', 'yes', 0, 0.00, 0.00, 0.00, 0, 0.00, 0.00, 'drnsbvgevsdrf2qo31h8a4i950', '', 'William', '', 'Gomes', '8801914272921', '', '80, Tejturi Bazar', 'Bangladesh', 'Dhaka', 'Banani', '1215', 'William', '', 'Gomes', '8801914272921', '', '111111111', 'Bangladesh', 'Dhaka', ' Gulshan-2', '1111111111', '2014-06-02 08:58:28', 0),
(15, 1, '2014-06-02 14:58:54', '[140602-15]', 'no', 'booking', 'COD', '0000-00-00 00:00:00', '0000-00-00 00:00:00', 'yes', 2, 95.00, 0.00, 0.00, 0, 0.00, 0.00, 'drnsbvgevsdrf2qo31h8a4i950', '', 'William', '', 'Gomes', '8801914272921', '', '111111111', 'Bangladesh', 'Dhaka', ' Gulshan-2', '1111111111', 'William', '', 'Gomes', '8801914272921', '', '111111111', 'Bangladesh', 'Dhaka', ' Gulshan-2', '1111111111', '2014-06-02 08:58:54', 0),
(16, 1, '2014-06-02 14:59:00', '[140602-16]', 'no', 'booking', 'COD', '0000-00-00 00:00:00', '0000-00-00 00:00:00', 'yes', 0, 0.00, 0.00, 0.00, 0, 0.00, 0.00, 'drnsbvgevsdrf2qo31h8a4i950', '', 'William', '', 'Gomes', '8801914272921', '', '111111111', 'Bangladesh', 'Dhaka', ' Gulshan-2', '1111111111', 'William', '', 'Gomes', '8801914272921', '', '111111111', 'Bangladesh', 'Dhaka', ' Gulshan-2', '1111111111', '2014-06-02 08:59:00', 0),
(17, 1, '2014-06-02 15:00:26', '[140602-17]', 'no', 'booking', 'COD', '0000-00-00 00:00:00', '0000-00-00 00:00:00', 'yes', 0, 0.00, 0.00, 0.00, 0, 0.00, 0.00, 'drnsbvgevsdrf2qo31h8a4i950', '', 'William', '', 'Gomes', '8801914272921', '', '111111111', 'Bangladesh', 'Dhaka', ' Gulshan-2', '1111111111', 'William', '', 'Gomes', '8801914272921', '', '111111111', 'Bangladesh', 'Dhaka', ' Gulshan-2', '1111111111', '2014-06-02 09:00:26', 0),
(18, 1, '2014-06-02 15:00:47', '[140602-18]', 'no', 'booking', 'COD', '0000-00-00 00:00:00', '0000-00-00 00:00:00', 'yes', 2, 55.00, 0.00, 0.00, 0, 0.00, 0.00, 'drnsbvgevsdrf2qo31h8a4i950', '', '', '', '', '8801914272921', '', '80, Tejturi Bazar', 'Bangladesh', 'Dhaka', 'Banani', '1215', '', '', '', '8801914272921', '', '80, Tejturi Bazar', 'Bangladesh', 'Dhaka', 'Banani', '1215', '2014-06-02 09:00:47', 0),
(19, 1, '2014-06-02 17:47:19', '[140602-19]', 'no', 'booking', 'COD', '0000-00-00 00:00:00', '0000-00-00 00:00:00', '', 2, 30.00, 0.00, 0.00, 0, 0.00, 0.00, 'drnsbvgevsdrf2qo31h8a4i950', '', '', '', '', '8801914272921', '', '80, Tejturi Bazar', 'Bangladesh', 'Dhaka', 'Banani', '1215', '', '', '', '8801914272921', '', '80, Tejturi Bazar', 'Bangladesh', 'Dhaka', 'Banani', '1215', '2014-06-02 11:47:19', 0),
(20, 1, '2014-06-02 17:49:36', '[140602-20]', 'no', 'booking', 'COD', '0000-00-00 00:00:00', '0000-00-00 00:00:00', 'yes', 2, 335.00, 0.00, 0.00, 0, 0.00, 0.00, 'drnsbvgevsdrf2qo31h8a4i950', '', '', '', '', '8801914272921', '', '80, Tejturi Bazar', 'Bangladesh', 'Dhaka', 'Banani', '1215', '', '', '', '8801914272921', '', '80, Tejturi Bazar', 'Bangladesh', 'Dhaka', 'Banani', '1215', '2014-06-02 11:49:36', 0),
(21, 1, '2014-06-02 17:50:13', '[140602-21]', 'no', 'booking', 'COD', '0000-00-00 00:00:00', '0000-00-00 00:00:00', '', 2, 560.00, 0.00, 0.00, 0, 0.00, 0.00, 'drnsbvgevsdrf2qo31h8a4i950', '', '', '', '', '11111111111111', '', '1111111111', 'Bangladesh', 'Dhaka', 'Banani', '1111111111', '', '', '', '11111111111111', '', '1111111111', 'Bangladesh', 'Dhaka', 'Banani', '1111111111', '2014-06-02 11:50:13', 0),
(22, 1, '2014-06-02 17:52:40', '[140602-22]', 'no', 'booking', 'COD', '0000-00-00 00:00:00', '0000-00-00 00:00:00', 'no', 2, 70.00, 0.00, 0.00, 0, 0.00, 0.00, 'drnsbvgevsdrf2qo31h8a4i950', '', 'William', '', 'Gomes', '8801914272921', '', '111111111', 'Bangladesh', 'Dhaka', ' Gulshan-2', '1111111111', 'William', '', 'Gomes', '8801914272921', '', '111111111', 'Bangladesh', 'Dhaka', ' Gulshan-2', '1111111111', '2014-06-02 11:52:40', 0),
(23, 1, '2014-06-02 17:55:16', '[140602-23]', 'no', 'booking', 'COD', '0000-00-00 00:00:00', '0000-00-00 00:00:00', 'yes', 3, 395.00, 0.00, 0.00, 0, 0.00, 0.00, 'drnsbvgevsdrf2qo31h8a4i950', '', 'William', '', 'Gomes', '8801914272921', '', '80, Tejturi Bazar', 'Bangladesh', 'Dhaka', 'Banani', '1215', 'William', '', 'Gomes', '8801914272921', '', '111111111', 'Bangladesh', 'Dhaka', ' Gulshan-2', '1111111111', '2014-06-02 11:55:16', 0),
(24, 1, '2014-06-02 18:03:33', '[140602-24]', 'no', 'booking', 'COD', '0000-00-00 00:00:00', '0000-00-00 00:00:00', 'yes', 2, 45.00, 0.00, 0.00, 0, 0.00, 500.00, 'drnsbvgevsdrf2qo31h8a4i950', '', 'William', '', 'Gomes', '8801914272921', '', '80, Tejturi Bazar', 'Bangladesh', 'Dhaka', 'Banani', '1215', 'William', '', 'Gomes', '8801914272921', '', '111111111', 'Bangladesh', 'Dhaka', ' Gulshan-2', '1111111111', '2014-06-02 12:03:33', 0),
(25, 1, '2014-06-03 17:57:01', '[140603-25]', 'no', 'booking', 'COD', '0000-00-00 00:00:00', '0000-00-00 00:00:00', 'yes', 13, 325.00, 0.00, 0.00, 0, 0.00, 500.00, '7hcsn8qpb7qodgr2cj2212d584', '', '', '', '', '8801914272921', '', '80, Tejturi Bazar', 'Bangladesh', 'Dhaka', 'Banani', '1215', '', '', '', '8801914272921', '', '80, Tejturi Bazar', 'Bangladesh', 'Dhaka', 'Banani', '1215', '2014-06-03 11:57:01', 0),
(26, 1, '2014-06-04 18:09:45', '[140604-26]', 'no', 'booking', 'COD', '2014-06-05 10:00:00', '2014-06-05 12:00:00', 'no', 1, 70.00, 0.00, 0.00, 0, 0.00, 0.00, 'kjlp6jjdvbqgs2darjikkoti36', '', 'William', '', 'Gomes', '8801914272921', '', '111111111', 'Bangladesh', 'Dhaka', ' Gulshan-2', '1111111111', 'William', '', 'Gomes', '8801914272921', '', '111111111', 'Bangladesh', 'Dhaka', ' Gulshan-2', '1111111111', '2014-06-04 12:09:45', 0),
(27, 1, '2014-06-05 17:25:35', '[140605-27]', 'no', 'booking', 'COD', '0000-00-00 00:00:00', '0000-00-00 00:00:00', 'yes', 15, 420.00, 4.00, 0.00, 0, 0.00, 500.00, '19l3idqu5g9uvqth3kndmc6cm6', '', 'William', '', 'Gomes', '8801914272921', '', '111111111', 'Bangladesh', 'Dhaka', ' Gulshan-2', '1111111111', 'William', '', 'Gomes', '8801914272921', '', '111111111', 'Bangladesh', 'Dhaka', ' Gulshan-2', '1111111111', '2014-06-05 11:25:35', 0),
(28, 1, '2014-06-05 17:31:02', '[140605-28]', 'no', 'booking', 'COD', '2014-06-06 10:00:00', '2014-06-06 12:00:00', 'no', 4, 145.00, 0.38, 0.00, 0, 0.00, 0.00, '19l3idqu5g9uvqth3kndmc6cm6', '', 'William', '', 'Gomes', '8801914272921', '', '80, Tejturi Bazar', 'Bangladesh', 'Dhaka', 'Banani', '1215', 'William', '', 'Gomes', '8801914272921', '', '111111111', 'Bangladesh', 'Dhaka', ' Gulshan-2', '1111111111', '2014-06-05 11:31:02', 0),
(29, 1, '2014-06-18 14:52:06', '[140618-29]', 'no', 'booking', 'COD', '0000-00-00 00:00:00', '0000-00-00 00:00:00', 'yes', 1, 25.00, 0.00, 0.00, 0, 0.00, 500.00, '6ig3ntrptrhkb4ud1f1grule17', 'With Express Delivery', 'William', '', 'Gomes', '8801914272921', '', '80, Tejturi Bazar', 'Bangladesh', 'Dhaka', 'Banani', '1215', 'William', '', 'Gomes', '8801914272921', '', '111111111', 'Bangladesh', 'Dhaka', ' Gulshan-2', '1111111111', '2014-06-18 08:52:06', 0),
(30, 1, '2014-06-18 14:53:10', '[140618-30]', 'no', 'booking', 'COD', '2014-06-18 18:00:00', '2014-06-18 20:00:00', 'no', 6, 600.00, 0.00, 0.00, 0, 0.00, 150.00, '6ig3ntrptrhkb4ud1f1grule17', '', 'William', '', 'Gomes', '8801914272921', '', '80, Tejturi Bazar', 'Bangladesh', 'Dhaka', 'Banani', '1215', 'William', '', 'Gomes', '8801914272921', '', '111111111', 'Bangladesh', 'Dhaka', ' Gulshan-2', '1111111111', '2014-06-18 08:53:10', 0),
(31, 1, '2014-06-18 14:54:50', '[180614-31]', 'yes', 'cancel', 'COD', '2014-06-18 18:00:00', '2014-06-18 20:00:00', 'no', 6, 1620.00, 0.00, 0.00, 0, 0.00, 0.00, '6ig3ntrptrhkb4ud1f1grule17', '', 'William', '', 'Gomes', '8801914272921', '', '80, Tejturi Bazar', 'Bangladesh', 'Dhaka', 'Banani', '1215', 'William', '', 'Gomes', '8801914272921', '', '111111111', 'Bangladesh', 'Dhaka', ' Gulshan-2', '1111111111', '2014-06-18 10:21:20', 4),
(32, 1, '2014-06-18 14:59:14', '[140618-32]', 'no', 'booking', 'COD', '2014-06-18 18:00:00', '2014-06-18 20:00:00', 'no', 1, 400.00, 0.00, 0.00, 0, 0.00, 150.00, '6ig3ntrptrhkb4ud1f1grule17', '', 'William', '', 'Gomes', '8801914272921', '', '111111111', 'Bangladesh', 'Dhaka', ' Gulshan-2', '1111111111', 'William', '', 'Gomes', '8801914272921', '', '111111111', 'Bangladesh', 'Dhaka', ' Gulshan-2', '1111111111', '2014-06-18 08:59:14', 0),
(33, 1, '2014-06-18 15:10:09', '[180614-33]', 'yes', 'cancel', 'COD', '2014-06-18 18:00:00', '2014-06-18 20:00:00', 'no', 3, 995.00, 0.00, 0.00, 0, 0.00, 0.00, '6ig3ntrptrhkb4ud1f1grule17', '', 'William', '', 'Gomes', '8801914272921', '', '111111111', 'Bangladesh', 'Dhaka', ' Gulshan-2', '1111111111', 'William', '', 'Gomes', '8801914272921', '', '111111111', 'Bangladesh', 'Dhaka', ' Gulshan-2', '1111111111', '2014-06-18 10:14:17', 4),
(34, 1, '2014-06-18 15:10:54', '[180614-34]', 'yes', '', 'COD', '2014-06-18 18:00:00', '2014-06-18 20:00:00', 'no', 4, 160.00, 0.00, 0.00, 0, 0.00, 150.00, '6ig3ntrptrhkb4ud1f1grule17', '', 'William', '', 'Gomes', '8801914272921', '', '111111111', 'Bangladesh', 'Dhaka', ' Gulshan-2', '1111111111', 'William', '', 'Gomes', '8801914272921', '', '111111111', 'Bangladesh', 'Dhaka', ' Gulshan-2', '1111111111', '2014-06-18 10:08:40', 4),
(35, 1, '2014-06-18 15:13:12', '[180614-35]', 'yes', 'approved', 'COD', '2014-06-18 18:00:00', '2014-06-18 20:00:00', 'no', 2, 200.00, 0.00, 0.00, 0, 0.00, 150.00, '6ig3ntrptrhkb4ud1f1grule17', '', 'William', '', 'Gomes', '8801914272921', '', '111111111', 'Bangladesh', 'Dhaka', ' Gulshan-2', '1111111111', 'William', '', 'Gomes', '8801914272921', '', '111111111', 'Bangladesh', 'Dhaka', ' Gulshan-2', '1111111111', '2014-06-18 09:57:11', 4),
(36, 1, '2014-06-18 15:28:42', '[140618-36]', 'no', 'booking', 'COD', '2014-06-18 18:00:00', '2014-06-18 20:00:00', 'no', 1, 400.00, 0.00, 0.00, 0, 0.00, 150.00, '6ig3ntrptrhkb4ud1f1grule17', '', 'William', '', 'Gomes', '8801914272921', '', '111111111', 'Bangladesh', 'Dhaka', ' Gulshan-2', '1111111111', 'William', '', 'Gomes', '8801914272921', '', '111111111', 'Bangladesh', 'Dhaka', ' Gulshan-2', '1111111111', '2014-06-18 09:28:42', 0),
(37, 1, '2014-06-18 15:29:47', '[140618-37]', 'no', 'booking', 'COD', '2014-06-18 18:00:00', '2014-06-18 20:00:00', 'no', 5, 1475.00, 0.00, 0.00, 0, 0.00, 0.00, '6ig3ntrptrhkb4ud1f1grule17', '', 'William', '', 'Gomes', '8801914272921', '', '111111111', 'Bangladesh', 'Dhaka', ' Gulshan-2', '1111111111', 'William', '', 'Gomes', '8801914272921', '', '111111111', 'Bangladesh', 'Dhaka', ' Gulshan-2', '1111111111', '2014-06-18 09:29:47', 0),
(38, 1, '2014-06-18 15:44:51', '[140618-38]', 'no', 'booking', 'COD', '2014-06-18 20:00:00', '2014-06-18 22:00:00', 'no', 2, 590.00, 0.00, 0.00, 0, 0.00, 150.00, '6ig3ntrptrhkb4ud1f1grule17', '', '', '', '', 'asdasdasd', '', 'adasdasd', 'Bangladesh', 'Dhaka', 'Banani', 'asdasdasd', '', '', '', 'asdasdasd', '', 'adasdasd', 'Bangladesh', 'Dhaka', 'Banani', 'asdasdasd', '2014-06-18 09:44:51', 0),
(39, 1, '2014-06-18 15:48:36', '[140618-39]', 'no', 'booking', 'COD', '0000-00-00 00:00:00', '0000-00-00 00:00:00', 'yes', 6, 170.00, 0.00, 0.00, 0, 0.00, 500.00, '6ig3ntrptrhkb4ud1f1grule17', '', 'William', '', 'Gomes', '8801914272921', '', '111111111', 'Bangladesh', 'Dhaka', ' Gulshan-2', '1111111111', 'William', '', 'Gomes', '8801914272921', '', '111111111', 'Bangladesh', 'Dhaka', ' Gulshan-2', '1111111111', '2014-06-18 09:48:36', 0);

-- --------------------------------------------------------

--
-- Table structure for table `order_products`
--

CREATE TABLE IF NOT EXISTS `order_products` (
  `OP_id` int(5) NOT NULL AUTO_INCREMENT,
  `OP_order_id` int(5) NOT NULL,
  `OP_user_id` int(11) NOT NULL,
  `OP_product_id` int(5) NOT NULL,
  `OP_product_inventory_id` int(11) NOT NULL,
  `OP_price` decimal(10,2) NOT NULL,
  `OP_discount` decimal(10,2) NOT NULL,
  `OP_product_quantity` int(5) NOT NULL,
  `OP_product_tax` decimal(10,2) NOT NULL,
  `OP_product_total_price` decimal(10,2) NOT NULL COMMENT 'total price = quantity * price',
  `OP_product_total_discount` decimal(10,2) NOT NULL,
  PRIMARY KEY (`OP_id`)
) ENGINE=InnoDB  DEFAULT CHARSET=utf8 COLLATE=utf8_unicode_ci COMMENT='OP= order_products' AUTO_INCREMENT=99 ;

--
-- Dumping data for table `order_products`
--

INSERT INTO `order_products` (`OP_id`, `OP_order_id`, `OP_user_id`, `OP_product_id`, `OP_product_inventory_id`, `OP_price`, `OP_discount`, `OP_product_quantity`, `OP_product_tax`, `OP_product_total_price`, `OP_product_total_discount`) VALUES
(1, 1, 24, 6, 137, 20.00, 0.00, 1, 0.00, 20.00, 0.00),
(2, 2, 24, 6, 137, 20.00, 0.00, 1, 0.00, 20.00, 0.00),
(3, 3, 1, 21, 19, 15.00, 0.00, 1, 0.00, 15.00, 0.00),
(4, 3, 1, 4, 82, 25.00, 0.00, 1, 0.00, 25.00, 0.00),
(5, 3, 1, 32, 30, 25.00, 0.00, 1, 0.00, 25.00, 0.00),
(6, 3, 1, 2, 80, 25.00, 0.00, 1, 0.00, 25.00, 0.00),
(7, 3, 1, 67, 84, 295.00, 0.00, 1, 0.00, 295.00, 0.00),
(8, 3, 1, 45, 42, 40.00, 0.00, 1, 0.00, 40.00, 0.00),
(9, 3, 1, 37, 34, 30.00, 0.00, 1, 0.00, 30.00, 0.00),
(10, 3, 1, 68, 87, 295.00, 0.00, 1, 0.00, 295.00, 0.00),
(11, 3, 1, 10, 9, 25.00, 0.00, 1, 0.00, 25.00, 0.00),
(12, 3, 1, 47, 44, 30.00, 0.00, 1, 0.00, 30.00, 0.00),
(13, 3, 1, 34, 145, 15.00, 0.00, 1, 0.00, 15.00, 0.00),
(14, 3, 1, 48, 45, 35.00, 0.00, 1, 0.00, 35.00, 0.00),
(15, 3, 1, 147, 208, 595.00, 0.00, 1, 0.00, 595.00, 0.00),
(16, 3, 1, 148, 210, 200.00, 0.00, 1, 0.00, 200.00, 0.00),
(17, 3, 1, 149, 212, 463.00, 0.00, 1, 0.00, 463.00, 0.00),
(18, 3, 1, 150, 214, 780.00, 0.00, 1, 0.00, 780.00, 0.00),
(19, 3, 1, 151, 215, 580.00, 0.00, 1, 0.00, 580.00, 0.00),
(20, 3, 1, 152, 217, 530.00, 0.00, 1, 0.00, 530.00, 0.00),
(21, 3, 1, 153, 218, 710.00, 0.00, 1, 0.00, 710.00, 0.00),
(22, 3, 1, 154, 219, 623.00, 0.00, 1, 0.00, 623.00, 0.00),
(23, 3, 1, 156, 221, 580.00, 0.00, 1, 0.00, 580.00, 0.00),
(24, 3, 1, 165, 231, 590.00, 0.00, 1, 0.00, 590.00, 0.00),
(25, 3, 1, 166, 232, 590.00, 0.00, 1, 0.00, 590.00, 0.00),
(26, 3, 1, 167, 233, 300.00, 0.00, 1, 0.00, 300.00, 0.00),
(27, 3, 1, 168, 234, 777.00, 0.00, 1, 0.00, 777.00, 0.00),
(28, 3, 1, 157, 222, 1265.00, 0.00, 1, 0.00, 1265.00, 0.00),
(29, 3, 1, 158, 223, 700.00, 0.00, 1, 0.00, 700.00, 0.00),
(30, 3, 1, 163, 229, 180.00, 0.00, 1, 0.00, 180.00, 0.00),
(31, 3, 1, 169, 235, 280.00, 0.00, 1, 0.00, 280.00, 0.00),
(32, 3, 1, 170, 236, 280.00, 0.00, 1, 0.00, 280.00, 0.00),
(33, 3, 1, 171, 237, 782.00, 0.00, 1, 0.00, 782.00, 0.00),
(34, 3, 1, 159, 224, 732.00, 0.00, 1, 0.00, 732.00, 0.00),
(35, 3, 1, 160, 225, 190.00, 0.00, 1, 0.00, 190.00, 0.00),
(36, 3, 1, 161, 227, 717.00, 0.00, 1, 0.00, 717.00, 0.00),
(37, 3, 1, 162, 228, 350.00, 0.00, 1, 0.00, 350.00, 0.00),
(38, 4, 1, 34, 145, 15.00, 0.00, 1, 0.00, 15.00, 0.00),
(39, 4, 1, 45, 42, 40.00, 0.00, 1, 0.00, 40.00, 0.00),
(40, 5, 1, 64, 86, 295.00, 0.00, 1, 0.00, 295.00, 0.00),
(41, 5, 1, 43, 40, 30.00, 0.00, 1, 0.00, 30.00, 0.00),
(42, 5, 1, 14, 12, 100.00, 0.00, 1, 0.00, 100.00, 0.00),
(43, 6, 1, 13, 11, 100.00, 0.00, 1, 0.00, 100.00, 0.00),
(44, 6, 1, 35, 32, 25.00, 0.00, 1, 0.00, 25.00, 0.00),
(45, 6, 1, 53, 50, 400.00, 0.00, 1, 0.00, 400.00, 0.00),
(46, 7, 1, 53, 50, 400.00, 0.00, 1, 0.00, 400.00, 0.00),
(47, 7, 1, 33, 31, 25.00, 0.00, 1, 0.00, 25.00, 0.00),
(48, 7, 1, 54, 58, 25.00, 0.00, 1, 0.00, 25.00, 0.00),
(49, 8, 1, 33, 31, 25.00, 0.00, 1, 0.00, 25.00, 0.00),
(50, 9, 1, 68, 87, 295.00, 0.00, 1, 0.00, 295.00, 0.00),
(51, 9, 1, 69, 88, 270.00, 0.00, 1, 0.00, 270.00, 0.00),
(52, 15, 1, 6, 137, 70.00, 0.00, 1, 0.00, 70.00, 0.00),
(53, 15, 1, 4, 82, 25.00, 0.00, 1, 0.00, 25.00, 0.00),
(54, 18, 1, 18, 16, 15.00, 0.00, 1, 0.00, 15.00, 0.00),
(55, 18, 1, 45, 42, 40.00, 0.00, 1, 0.00, 40.00, 0.00),
(56, 19, 1, 19, 17, 15.00, 0.00, 1, 0.00, 15.00, 0.00),
(57, 19, 1, 18, 16, 15.00, 0.00, 1, 0.00, 15.00, 0.00),
(58, 20, 1, 67, 84, 295.00, 0.00, 1, 0.00, 295.00, 0.00),
(59, 20, 1, 45, 42, 40.00, 0.00, 1, 0.00, 40.00, 0.00),
(60, 21, 1, 53, 50, 400.00, 0.00, 1, 0.00, 400.00, 0.00),
(61, 21, 1, 49, 46, 160.00, 0.00, 1, 0.00, 160.00, 0.00),
(62, 22, 1, 45, 42, 40.00, 0.00, 1, 0.00, 40.00, 0.00),
(63, 22, 1, 46, 43, 30.00, 0.00, 1, 0.00, 30.00, 0.00),
(64, 23, 1, 11, 10, 350.00, 0.00, 1, 0.00, 350.00, 0.00),
(65, 23, 1, 21, 19, 15.00, 0.00, 1, 0.00, 15.00, 0.00),
(66, 23, 1, 44, 41, 30.00, 0.00, 1, 0.00, 30.00, 0.00),
(67, 24, 1, 17, 15, 15.00, 0.00, 1, 0.00, 15.00, 0.00),
(68, 24, 1, 47, 44, 30.00, 0.00, 1, 0.00, 30.00, 0.00),
(69, 25, 1, 2, 80, 25.00, 0.00, 1, 0.00, 25.00, 0.00),
(70, 25, 1, 4, 82, 25.00, 0.00, 1, 0.00, 25.00, 0.00),
(71, 25, 1, 35, 32, 25.00, 0.00, 11, 0.00, 275.00, 0.00),
(72, 26, 1, 6, 137, 70.00, 0.00, 1, 0.00, 70.00, 0.00),
(73, 27, 1, 33, 31, 25.00, 0.00, 12, 1.50, 300.00, 0.00),
(74, 27, 1, 23, 21, 20.00, 0.00, 1, 0.00, 20.00, 0.00),
(75, 27, 1, 6, 137, 70.00, 0.00, 1, 0.00, 70.00, 0.00),
(76, 27, 1, 42, 39, 30.00, 0.00, 1, 0.00, 30.00, 0.00),
(77, 28, 1, 33, 31, 25.00, 0.00, 1, 1.50, 25.00, 0.00),
(78, 28, 1, 23, 21, 20.00, 0.00, 1, 0.00, 20.00, 0.00),
(79, 28, 1, 6, 137, 70.00, 0.00, 1, 0.00, 70.00, 0.00),
(80, 28, 1, 41, 38, 30.00, 0.00, 1, 0.00, 30.00, 0.00),
(81, 29, 1, 27, 25, 25.00, 0.00, 1, 0.00, 25.00, 0.00),
(82, 30, 1, 14, 12, 100.00, 0.00, 6, 0.00, 600.00, 0.00),
(83, 31, 1, 69, 88, 270.00, 0.00, 6, 0.00, 1620.00, 0.00),
(84, 32, 1, 53, 50, 400.00, 0.00, 1, 0.00, 400.00, 0.00),
(85, 33, 1, 11, 10, 350.00, 0.00, 2, 0.00, 700.00, 0.00),
(86, 33, 1, 68, 87, 295.00, 0.00, 1, 0.00, 295.00, 0.00),
(87, 34, 1, 45, 42, 40.00, 0.00, 4, 0.00, 160.00, 0.00),
(88, 35, 1, 14, 12, 100.00, 0.00, 1, 0.00, 100.00, 0.00),
(89, 35, 1, 13, 11, 100.00, 0.00, 1, 0.00, 100.00, 0.00),
(90, 36, 1, 53, 50, 400.00, 0.00, 1, 0.00, 400.00, 0.00),
(91, 37, 1, 64, 86, 295.00, 0.00, 5, 0.00, 1475.00, 0.00),
(92, 38, 1, 64, 86, 295.00, 0.00, 2, 0.00, 590.00, 0.00),
(93, 39, 1, 5, 83, 25.00, 0.00, 1, 0.00, 25.00, 0.00),
(94, 39, 1, 30, 28, 25.00, 0.00, 1, 0.00, 25.00, 0.00),
(95, 39, 1, 43, 40, 30.00, 0.00, 1, 0.00, 30.00, 0.00),
(96, 39, 1, 41, 38, 30.00, 0.00, 1, 0.00, 30.00, 0.00),
(97, 39, 1, 2, 80, 25.00, 0.00, 1, 0.00, 25.00, 0.00),
(98, 39, 1, 48, 45, 35.00, 0.00, 1, 0.00, 35.00, 0.00);

-- --------------------------------------------------------

--
-- Table structure for table `pages`
--

CREATE TABLE IF NOT EXISTS `pages` (
  `page_id` int(3) NOT NULL AUTO_INCREMENT,
  `page_url` varchar(400) COLLATE utf8_unicode_ci NOT NULL,
  `page_title` varchar(250) COLLATE utf8_unicode_ci NOT NULL,
  `page_short_description` varchar(500) COLLATE utf8_unicode_ci NOT NULL,
  `page_body` text COLLATE utf8_unicode_ci NOT NULL,
  `page_meta_title` varchar(250) COLLATE utf8_unicode_ci NOT NULL,
  `page_meta_description` text COLLATE utf8_unicode_ci NOT NULL,
  `page_meta_keywords` varchar(200) COLLATE utf8_unicode_ci NOT NULL,
  `page_priority` int(11) DEFAULT NULL,
  `page_type` enum('built-in','user-created') COLLATE utf8_unicode_ci NOT NULL DEFAULT 'user-created',
  PRIMARY KEY (`page_id`)
) ENGINE=InnoDB  DEFAULT CHARSET=utf8 COLLATE=utf8_unicode_ci AUTO_INCREMENT=8 ;

--
-- Dumping data for table `pages`
--

INSERT INTO `pages` (`page_id`, `page_url`, `page_title`, `page_short_description`, `page_body`, `page_meta_title`, `page_meta_description`, `page_meta_keywords`, `page_priority`, `page_type`) VALUES
(1, 'condition.php', 'Terms & Conditions', 'Terms and conditions page', '        <p>Bajaree.com ("we," "us," "our") has established these Terms of Use ("Terms") for each customer ("you," "your"), which govern your access to, and use of the www.bajaree.com website (the "Services"), and any information, text, graphics, or other materials uploaded, downloaded, or appearing on the Services (collectively referred to as "Content"). By accessing or using the Services you agree to be bound by these Terms.</p>\r\n        \r\n        <h4>Use of the Services</h4>\r\n        \r\n<p>The Company grants you a single, non-exclusive, limited personal license to access and use the Services conditioned on your continued compliance with these Terms. This license is for the sole purpose of enabling you to use and enjoy the benefit of the Services as provided by the Company, in the manner permitted by these Terms. You may not transfer or share your right to access or use the Services.</p>\r\n\r\n<p>You may use the Services if you are of legal age to form a binding contract and are not a person barred from receiving services under the laws of the Republic of Singapore. You may use the Services only in compliance with these Terms and all applicable local, state, national, and international laws, rules and regulations.</p>\r\n\r\n<p>All right, title, and interest in and to the Services are and will remain the exclusive property of the Company and its licensors. The Services are protected by copyright, trademark, and other laws, of both the Republic of Singapore and foreign countries. Nothing in the Terms gives you a right to use the Company''s name or any of the Company''s trademarks, logos, domain names, and other distinctive brand features, and you may not use the same without our express written permission. Any feedback, comments, or suggestions ("Submission") you may provide regarding the Services is entirely voluntary and we will be free to use such Submission as we see fit and without any obligation to you. By making a Submission, you grant us a non-exclusive, royalty-free, perpetual, irrevocable, and fully sub licensable right to use, reproduce, modify, adapt, publish, translate, create derivative works from, distribute, and display such Submission throughout the world in any media. You also grant us the right to use the name you submit in connection with such Submission.</p>\r\n\r\n<p>The Services that the Company provides are always evolving and the form and nature of the Services that the Company provides may change from time to time without prior notice to you. In addition, the Company may stop (permanently or temporarily) providing the Services (or any features within the Services) to you or to users generally and may not be able to provide you with prior notice. We also retain the right to create limits on use at our sole discretion at any time without prior notice to you.\r\n</p>\r\n<p>In order to use certain Services, you will need to register at the website, create a username and provide certain information about yourself as prompted by the registration form, including a valid email address. We reserve the right to reclaim usernames that violate these Terms.</p>\r\n\r\n<h4>Passwords</h4>\r\n\r\n<p>You are responsible for safeguarding the password that you use to access the Services and for any activities or actions under your password. We encourage you to use "strong" passwords (passwords that use a combination of upper and lower case letters, numbers and symbols) with your account. The Company cannot and will not be liable for any loss or damage arising from your failure to comply with the above requirements.</p>\r\n\r\n<h4>Privacy</h4>\r\n\r\n<p>Any personal information that you provide to the Company is subject to our Privacy Policy, which governs our collection and use of your personal information. You understand that through your use of the Services you consent to the collection and use (as set forth in the Privacy Policy) of this information, including the transfer of this information to other countries for storage, processing, and use by the Company. As part of providing you the Services, we may need to provide you with certain communications, such as service announcements and administrative messages. These communications are considered part of the Services and your account, which you may not be able to opt-out from receiving.</p>\r\n\r\n<h4>Content on the Services</h4>\r\n\r\n<p>We do not endorse, support, represent, or guarantee the completeness, truthfulness, accuracy, or reliability of any Content or communications posted via the Services or endorse any opinions expressed via the Services. You understand that by using the Services, you may be exposed to Content that might be offensive, harmful, inaccurate, or otherwise inappropriate, or in some cases, postings that have been mislabeled or are otherwise deceptive. Under no circumstances will the Company be liable in any way for any Content, including, but not limited to, any errors or omissions in any Content, or any loss or damage of any kind incurred as a result of the use of any Content posted, emailed, transmitted, or otherwise made available via the Services or broadcast elsewhere.</p>\r\n\r\n<h4>Restrictions on the Content and Use of the Services</h4>\r\n\r\n<p>We reserve the right at all times (but will not have an obligation) to remove or refuse to distribute any Content on the Services. We also reserve the right to access, read, preserve, and disclose any information as we reasonably believe is necessary to (i) satisfy any applicable law, regulation, legal process or governmental request, (ii) enforce the Terms, including investigation of potential violations hereof, (iii) detect, prevent, or otherwise address fraud, security, or technical issues, (iv) respond to user support requests, or (v) protect the rights, property, or safety of the Company, its users, and the public.</p>\r\n\r\n<p>You may not do any of the following while accessing or using the Services: (i) access, tamper with, or use non-public areas of the Services, Company''s computer systems, or the technical delivery systems of Company''s providers; (ii) probe, scan, or test the vulnerability of any system or network or breach or circumvent any security or authentication measures; (iii) access or search or attempt to access or search the Services by any means (automated or otherwise) other than through our currently available, published interfaces that are provided by the Company (and only pursuant to those terms and conditions), unless you have been specifically allowed to do so in a separate agreement with the Company; (iv) forge any TCP/IP packet header or any part of the header information in any email or posting, or in any way use the Services to send altered, deceptive, or false source-identifying information; or (v) interfere with, or disrupt, (or attempt to do so), the access of any user, host or network, including, without limitation, sending a virus, overloading, flooding, spamming, mail-bombing the Services, or by scripting the creation of Content in such a manner as to interfere with or create an undue burden on the Services.</p>\r\n\r\n<h4>Intellectual Property</h4>\r\n\r\n<p>You acknowledge that the Services contain information, data, software, photographs, graphics, videos, text, images, typefaces, sounds, and other material (collectively "Content") that are protected by copyrights, trademarks, or other proprietary rights, and that these rights are valid and protected in all forms, media, and technologies existing now or hereinafter developed. You acknowledge that all such Content is proprietary to the Company and/or our suppliers. You may not modify, remove, delete, augment, add to, publish, transmit, participate in the transfer or sale of, create derivative works from, or in any way exploit any of the Content, in whole or in part. If no specific restrictions are displayed, you may make copies of select portions of the Content, provided that the copies are made only for your personal, information, and non-commercial use, and that you do not alter or modify the Content in any way, and maintain any notices contained in the Content, such as all copyright notices, trademark legends, or other proprietary rights notices. Except as provided in the preceding sentence, you may not reproduce, or distribute in any way Content protected by copyright, or other proprietary right, without obtaining permission of the owner of the copyright or other proprietary right.</p>\r\n\r\n<h4>Copyright Policy</h4>\r\n\r\n<p>The Company respects the intellectual property rights of others. If you believe that your Content has been copied in a way that constitutes copyright infringement, please provide us with the following information: (i) a physical or electronic signature of the copyright owner or a person authorized to act on their behalf; (ii) identification of the copyrighted work claimed to have been infringed; (iii) identification of the material that is claimed to be infringing or to be the subject of infringing activity and that is to be removed or access to which is to be disabled, and information reasonably sufficient to permit us to locate the material; (iv) your contact information, including your address, telephone number, and an email address; (v) a statement by you that you have a good faith belief that use of the material in the manner complained of is not authorized by the copyright owner, its agent, or the law; and (vi) a statement that the information in the notification is accurate, and, under penalty of perjury, that you are authorized to act on behalf of the copyright owner.</p>\r\n\r\n<p>We reserve the right to remove Content in violation of this policy without prior notice and at our sole discretion. Our designated copyright agent for notice of alleged copyright infringement appearing on the Services is: Legal Department, bajaree Pte. Ltd. and can be reached at help@bajaree.com.</p>\r\n\r\n<h4>Termination</h4>\r\n\r\n<p>If you violate any of these Terms, your permission to use the Services may be suspended or revoked, and we reserve the right to suspend or terminate your access to, and use of, the Services at any time.</p>\r\n\r\n<h4>The Services are available "AS IS"</h4>\r\n\r\n<p>Your access to and use of the Services or any Content is at your own risk. You understand and agree that the Services are provided to you on an "AS IS" and "AS AVAILABLE" basis. Without limiting the foregoing, THE COMPANY AND ITS PARTNERS DISCLAIM ANY WARRANTIES, EXPRESS OR IMPLIED, OF MERCHANTABILITY, FITNESS FOR A PARTICULAR PURPOSE, OR NON-INFRINGEMENT. We make no warranty and disclaim all responsibility and liability for the completeness, accuracy, availability, timeliness, security, or reliability of the Services or any content thereon. The Company will not be responsible or liable for any harm to your computer system, loss of data, or other harm that results from your access to or use of the Services, or any Content. We make no warranty that the Services will meet your requirements or be available on an uninterrupted, secure, or error-free basis. No advice or information, whether oral or written, obtained from the Company or through the Services, will create any warranty not expressly made herein.</p>\r\n\r\n<h4>Links</h4>\r\n\r\n<p>The Services may contain links to third-party websites or resources. You acknowledge and agree that we are not responsible or liable for: (i) the availability or accuracy of such websites or resources; or (ii) the content, products, or services on or available from such websites or resources. Links to such websites or resources do not imply any endorsement by the Company of such websites or resources, or the content, products, or services available from such websites or resources. You acknowledge sole responsibility for and assume all risk arising from your use of any such websites or resources.</p>\r\n\r\n<h4>Indemnity</h4>\r\n\r\n<p>If anyone brings a claim against the Company related to your access to or use of the Services, your violation of these Terms, or any Content posted, published, transmitted, or otherwise provided by you or on your behalf, you will indemnify and hold us harmless from and against all damages, losses, and expenses of any kind (including reasonable legal fees and costs) related to such claim.</p>\r\n\r\n<h4>Limitation of Liability</h4>\r\n\r\n<p>TO THE MAXIMUM EXTENT PERMITTED BY APPLICABLE LAW, THE COMPANY AND ITS SUBSIDIARIES, AFFILIATES, OFFICERS, EMPLOYEES, AGENTS, PARTNERS, AND LICENSORS WILL NOT BE LIABLE FOR ANY DIRECT, INDIRECT, INCIDENTAL, SPECIAL, CONSEQUENTIAL, OR PUNITIVE DAMAGES, INCLUDING WITHOUT LIMITATION, LOSS OF PROFITS, DATA, USE, GOODWILL, OR OTHER INTANGIBLE LOSSES, RESULTING FROM (i) YOUR ACCESS TO OR USE OF OR INABILITY TO ACCESS OR USE THE SERVICES; (ii) ANY CONDUCT OR CONTENT OF ANY THIRD PARTY ON THE SERVICES, INCLUDING WITHOUT LIMITATION, ANY DEFAMATORY, OFFENSIVE OR ILLEGAL CONDUCT OF OTHER USERS OR THIRD PARTIES; (iii) ANY CONTENT OBTAINED FROM THE SERVICES; AND (iv) UNAUTHORIZED ACCESS, USE OR ALTERATION OF YOUR TRANSMISSIONS OR CONTENT, WHETHER BASED ON WARRANTY, CONTRACT, TORT (INCLUDING NEGLIGENCE) OR ANY OTHER LEGAL THEORY, WHETHER OR NOT THE COMPANY HAS BEEN INFORMED OF THE POSSIBILITY OF SUCH DAMAGE, AND EVEN IF A REMEDY SET FORTH HEREIN IS FOUND TO HAVE FAILED OF ITS ESSENTIAL PURPOSE.</p>\r\n\r\n<h4>Exclusions</h4>\r\n\r\n<p>Some jurisdictions do not allow the exclusion of certain warranties or the exclusion or limitation of liability for consequential or incidental damages, so the limitations above may not apply to you.</p>\r\n\r\n<h4>Waiver and Severability</h4>\r\n\r\n<p>The failure of the Company to enforce any right or provision of these Terms will not be deemed a waiver of such right or provision. In the event that any provision of these Terms is held to be invalid or unenforceable, the remaining provisions of these Terms will remain in full force and effect.</p>\r\n\r\n<h4>Controlling Law and Jurisdiction</h4>\r\n\r\n<p>These Terms and any action related thereto will be governed by the laws of the Republic of Singapore, without regard to or application of its conflict of law provisions or your state or country of residence. All claims, legal proceedings, or litigation arising in connection with the Services will be brought solely in Singapore, and you consent to the jurisdiction of and venue in such courts and waive any objection as to inconvenient forum.</p>\r\n\r\n<h4>Entire Agreement</h4>\r\n\r\n<p>These Terms and our Privacy Policy are the entire and exclusive agreement between the Company and you regarding the Services, and these Terms supersede and replace any prior agreements between the Company and you regarding the Services.</p>\r\n\r\n<p>We may revise these Terms from time to time, and we will try to provide you notice prior to any new terms taking effect. By continuing to access or use the Services after those revisions become effective, you agree to be bound by the revised Terms.</p>\r\n\r\n<p>Effective Feb 10, 2014</p>', 'terms and conditions', 'Bajaree.com ("we," "us," "our") has established these Terms of Use ("Terms") for each customer ("you," "your"), which govern your access to, and use of the www.bajaree.com website (the "Services"), and any information, text, graphics, or other materials uploaded, downloaded, or appearing on the Services (collectively referred to as "Content"). By accessing or using the Services you agree to be bound by these Terms.', '', 10, 'user-created'),
(2, 'about.php', 'About Us', 'About Bajaree', 'Sample Text', 'About Bajaree', 'About Bajaree', 'About,Bajaree', 10, 'user-created'),
(3, 'http://localhost/bajaree/contact.php', 'Contact Us', 'Contact Us', '<span>TOTAL LINK Nobarun Bhaban H # 39/4<br /> Road # 22. Banani,Dhaka, Kamal Ataturk Avenue,Banani,Dhaka-1213<br />Banani Bazar, Dhaka - 1213</span>', 'Contact Us', 'Contact Us', 'Contact Us', 11, 'user-created'),
(4, 'http://localhost/bajaree/support.php', 'Customer Support', 'Customer Support', 'Content comming soon.', 'Customer Support', 'Customer Support', 'Customer Support', 10, 'user-created'),
(5, 'http://localhost/bajaree/how_it_works.php', 'How It Works', 'How It Works', 'Content coming soon.', 'How It Works', 'How It Works', 'How It Works', 8, 'user-created'),
(6, 'http://localhost/bajaree/corporate.php', 'Sign up for a Corporate Account', 'Corporate Accounts', '<div class="col-md-6">\r\n<div class="blockContent">\r\n<h3>Sign up for a Corporate Account</h3>\r\n<p>If you are a business, organization, retailer or similar based in Singapore and want a great deal on pantry and other supplies, Bajaree''s got it! Over 4,000 food, beverage, cleaning and other products in stock, at great prices, and with an additional 2% off for approved corporate accounts!</p>\r\n<img class="img-responsive" style="margin-top: 20px;" src="http://localhost/bajaree/upload/file_manager/corporateAccount-img.png" alt="" /></div>\r\n</div>\r\n<div class="col-md-6">\r\n<div class="blockContent">\r\n<h3>Apply for a Corporate Account below - if approved we''ll contact you within 3 business days and get you set up and ready to order!</h3>\r\n<h4>Apply for a Corporate Account now and get:</h4>\r\n<ul>\r\n<li>An additional 2% off Bajaree''s already low prices</li>\r\n<li>Can order via email, fax, or phone, in addition to the Bajaree website</li>\r\n<li>Can place bulk orders of products</li>\r\n<li>Can apply for credit terms</li>\r\n<li>Special delivery queue to ensure you get your order when you need it</li>\r\n</ul>\r\n<h4>Bajaree Corporate Account Application</h4>\r\n<p>Thank you for your interest in ordering with Bajaree. To be considered for a corporate account, please provide all the information requested. We will contact approved accounts via the email supplied within 3 business days.</p>\r\n<!--                <button style="margin-top:20px;" class="btn btn-default btn-primary" type="submit">Submit</button>--></div>\r\n</div>', 'Corporate Accounts', 'Corporate Accounts', 'Corporate,Accounts', 5, 'user-created'),
(7, 'http://localhost/bajaree/sell-on-bajaree.php', 'Sale on Bajaree', 'Sale on Bajaree', '<div class="col-md-6">\r\n<div class="blockContent">\r\n<h3>Sell on Bajaree</h3>\r\n<p>Impressed with what you see? If you''re a CPG manufacturer or distributor and are interested in featuring your products on Bajaree, please contact us via the form below. We are always on the lookout for new products and are constantly adding new manufacturers and brands.</p>\r\n<img class="img-responsive" style="margin-top: 20px;" src="http://localhost/bajaree/upload/file_manager/navFoodCupboard.jpg" alt="" /></div>\r\n</div>\r\n<div class="col-md-6">\r\n<div class="blockContent">\r\n<h3>Besides beautifully showcasing your products, Bajaree offers you several benefits compared to traditional brick-and-mortar retailers:</h3>\r\n<ul>\r\n<li>A direct-2-consumer channel without private label competition</li>\r\n<li>No listing fees</li>\r\n<li>Ability to set your own prices</li>\r\n<li>Can apply for credit terms</li>\r\n<li>Plenty of consumer purchasing behavior data, including pre-point of sale insights</li>\r\n</ul>\r\n<p>Sound good? Get in touch today! We''d love to hear from you.</p>\r\n<form class="form">\r\n<div class="form-group"><label for="exampleInputEmail1">Email Address *</label> <input id="exampleInputEmail1" class="form-control" type="email" placeholder="Enter email" /></div>\r\n<div class="form-group"><label for="exampleInputPassword1">Message *</label> <textarea class="form-control" rows="3"></textarea></div>\r\n<button class="btn btn-primary" type="submit">Submit</button></form></div>\r\n</div>', 'Sale on Bajaree', 'Sale on Bajaree', 'Sale on Bajaree', 5, 'user-created');

-- --------------------------------------------------------

--
-- Table structure for table `products`
--

CREATE TABLE IF NOT EXISTS `products` (
  `product_id` int(11) NOT NULL AUTO_INCREMENT,
  `product_title` varchar(250) COLLATE utf8_unicode_ci NOT NULL,
  `product_default_inventory_id` int(11) NOT NULL,
  `product_is_express` enum('yes','no') COLLATE utf8_unicode_ci NOT NULL,
  `product_sku` varchar(255) COLLATE utf8_unicode_ci NOT NULL,
  `product_short_description` varchar(400) COLLATE utf8_unicode_ci NOT NULL,
  `product_long_description` text COLLATE utf8_unicode_ci NOT NULL,
  `product_meta_title` varchar(300) COLLATE utf8_unicode_ci NOT NULL,
  `product_meta_keywords` varchar(150) COLLATE utf8_unicode_ci NOT NULL,
  `product_meta_description` varchar(400) COLLATE utf8_unicode_ci NOT NULL,
  `product_tags` text COLLATE utf8_unicode_ci NOT NULL,
  `product_priority` int(12) NOT NULL DEFAULT '0',
  `product_show_as_new_from` date NOT NULL,
  `product_show_as_new_to` date NOT NULL,
  `product_show_as_featured_from` date NOT NULL,
  `product_show_as_featured_to` date NOT NULL,
  `product_status` enum('active','inactive') COLLATE utf8_unicode_ci NOT NULL,
  `product_total_viewed` int(11) NOT NULL,
  `product_total_sale` int(11) NOT NULL,
  `product_tax_class_id` int(11) NOT NULL,
  `product_updated` timestamp NOT NULL DEFAULT CURRENT_TIMESTAMP,
  `product_updated_by` int(5) NOT NULL,
  PRIMARY KEY (`product_id`)
) ENGINE=InnoDB  DEFAULT CHARSET=utf8 COLLATE=utf8_unicode_ci COMMENT='weight will be gram' AUTO_INCREMENT=291 ;

--
-- Dumping data for table `products`
--

INSERT INTO `products` (`product_id`, `product_title`, `product_default_inventory_id`, `product_is_express`, `product_sku`, `product_short_description`, `product_long_description`, `product_meta_title`, `product_meta_keywords`, `product_meta_description`, `product_tags`, `product_priority`, `product_show_as_new_from`, `product_show_as_new_to`, `product_show_as_featured_from`, `product_show_as_featured_to`, `product_status`, `product_total_viewed`, `product_total_sale`, `product_tax_class_id`, `product_updated`, `product_updated_by`) VALUES
(1, 'Cabbage () ', 139, 'yes', 'P-1', 'Cabbage () ', 'Cabbage (badhakopi)', 'Heinz Tomato Ketchup', 'Heinz Tomato Ketchup', 'Heinz Tomato Ketchup', '', 15, '1970-01-01', '1970-01-01', '1970-01-01', '1970-01-01', 'active', 0, 0, 2, '2014-02-03 05:10:23', 3),
(2, 'Pran joy', 80, 'yes', 'P-2', 'Pran Joy mango', 'Pran Joy mango', 'asdasasdasd', 'asdasdasdasdad', 'asdasdasdasdasdasd', '', 500, '0000-00-00', '0000-00-00', '2014-02-16', '2014-12-16', 'active', 0, 0, 0, '2014-02-03 05:57:06', 1),
(3, 'Fit crackers milk flavour ', 2, 'yes', 'P-3', 'Fit crackers milk flavour ', 'Fit crackers milk flavour ', 'Heinz Tomato Ketchup', 'Heinz Tomato Ketchup', 'Heinz Tomato Ketchup', '', 10, '0000-00-00', '0000-00-00', '2014-02-16', '2014-12-16', 'active', 0, 0, 0, '2014-02-03 06:02:02', 3),
(4, 'Pran Joy', 82, 'yes', 'P-4', 'Pran Joy orange', 'Pran Joy orange', 'Heinz Tomato Ketchup', 'Heinz Tomato Ketchup', 'Heinz Tomato Ketchup', '', 3, '0000-00-00', '0000-00-00', '1970-01-01', '1970-01-01', 'active', 0, 0, 0, '2014-02-03 06:31:10', 3),
(5, 'Pran Joy', 83, 'yes', 'P-5', 'Pran Joy fruit cocktail', 'Pran Joy fruit cocktail', 'Heinz Tomato Ketchup', 'Heinz Tomato Ketchup', 'Heinz Tomato Ketchup', '', 3, '0000-00-00', '0000-00-00', '1970-01-01', '1970-01-01', 'active', 0, 0, 0, '2014-02-03 07:02:10', 3),
(6, 'Pran mango juice pack', 137, 'yes', 'P-6', 'Pran mango juice pack', 'Pran mango juice pack', 'Heinz Tomato Ketchup', 'Heinz Tomato Ketchup', 'Heinz Tomato Ketchup', '', 4, '0000-00-00', '0000-00-00', '1970-01-01', '1970-01-01', 'active', 0, 0, 0, '2014-02-03 08:04:34', 3),
(7, 'Pran mango juice pack', 6, 'yes', 'P-7', 'Pran mango juice pack', 'Pran mango juice pack', 'Heinz Tomato Ketchup', 'Heinz Tomato Ketchup', 'Heinz Tomato Ketchup', '', 5, '0000-00-00', '0000-00-00', '1970-01-01', '1970-01-01', 'inactive', 0, 0, 0, '2014-02-03 08:11:07', 3),
(8, 'Pran mango juice pack', 7, 'yes', 'P-8', 'Pran mango juice pack', 'Pran mango juice pack', 'Heinz Tomato Ketchup', 'Heinz Tomato Ketchup', 'Heinz Tomato Ketchup', '', 6, '0000-00-00', '0000-00-00', '1970-01-01', '1970-01-01', 'inactive', 0, 0, 0, '2014-02-03 08:32:26', 3),
(9, 'Pran mango juice pack', 8, 'yes', 'P-9', 'Pran mango juice pack', 'Pran mango juice pack', 'Heinz Tomato Ketchup', 'Heinz Tomato Ketchup', 'Heinz Tomato Ketchup', '', 5, '0000-00-00', '0000-00-00', '1970-01-01', '1970-01-01', 'inactive', 0, 0, 0, '2014-02-03 08:38:06', 3),
(10, 'Pran premium mango juice', 9, 'yes', 'P-10', 'Pran premium mango juice', 'Pran premium mango juice', 'Heinz Tomato Ketchup', 'Heinz Tomato Ketchup', 'Heinz Tomato Ketchup', '', 4, '0000-00-00', '0000-00-00', '1970-01-01', '1970-01-01', 'active', 0, 0, 0, '2014-02-03 08:46:00', 3),
(11, 'Delmonte prune juice ', 10, 'yes', 'P-11', 'Delmonte prune juice ', 'Delmonte prune juice', 'Heinz Tomato Ketchup', 'Heinz Tomato Ketchup', 'Heinz Tomato Ketchup', '', 5, '0000-00-00', '0000-00-00', '1970-01-01', '1970-01-01', 'active', 0, 0, 0, '2014-02-03 08:52:14', 3),
(12, 'Pran juice (Premium)', 144, 'yes', 'P-12', 'Pran juice (Premium) mango flavour', 'Pran juice (Premium) mango flavour', 'Heinz Tomato Ketchup', 'Heinz Tomato Ketchup', 'Heinz Tomato Ketchup', '', 5, '0000-00-00', '0000-00-00', '1970-01-01', '1970-01-01', 'active', 0, 0, 0, '2014-02-03 09:36:10', 3),
(13, 'Pran juice (Premium)', 11, 'yes', 'P-13', 'Pran juice (Premium) orange flavor', 'Pran juice (Premium) orange flavor', 'Heinz Tomato Ketchup', 'Heinz Tomato Ketchup', 'Heinz Tomato Ketchup', 'a:2:{i:0;s:5:"sweet";i:1;s:9:"pineapple";}', 3, '0000-00-00', '0000-00-00', '1970-01-01', '1970-01-01', 'active', 0, 0, 0, '2014-02-03 09:38:41', 3),
(14, 'Pran juice (Premium)', 12, 'yes', 'P-14', 'Pran juice (Premium) fruit cocktail', 'Pran juice (Premium) fruit cocktail', 'Heinz Tomato Ketchup', 'Heinz Tomato Ketchup', 'Heinz Tomato Ketchup', '', 4, '0000-00-00', '0000-00-00', '1970-01-01', '1970-01-01', 'active', 0, 0, 0, '2014-02-03 09:49:08', 3),
(15, 'Pran apple nectar', 13, 'yes', 'P-15', 'Pran apple nectar', 'Pran apple nectar', 'Heinz Tomato Ketchup', 'Heinz Tomato Ketchup', 'Heinz Tomato Ketchup', '', 4, '0000-00-00', '0000-00-00', '1970-01-01', '1970-01-01', 'active', 0, 0, 0, '2014-02-03 09:59:25', 3),
(16, 'Schweppes dry ginger ale Can', 14, 'yes', 'P-16', 'Schweppes dry ginger ale Can', 'Schweppes dry ginger ale Can', 'Heinz Tomato Ketchup', 'Heinz Tomato Ketchup', 'Heinz Tomato Ketchup', '', 4, '0000-00-00', '0000-00-00', '1970-01-01', '1970-01-01', 'active', 0, 0, 0, '2014-02-03 10:03:49', 3),
(17, 'Pran junior juice', 15, 'yes', 'P-17', 'Pran junior juice orange flavour', 'Pran junior juice orange flavour', 'Heinz Tomato Ketchup', 'Heinz Tomato Ketchup', 'Heinz Tomato Ketchup', '', 5, '0000-00-00', '0000-00-00', '1970-01-01', '1970-01-01', 'active', 0, 0, 0, '2014-02-03 10:06:59', 3),
(18, 'Pran junior juice', 16, 'yes', 'P-18', 'Pran junior juice mango flavour', 'Pran junior juice mango flavour', 'Heinz Tomato Ketchup', 'Heinz Tomato Ketchup', 'Heinz Tomato Ketchup', '', 5, '0000-00-00', '0000-00-00', '1970-01-01', '1970-01-01', 'active', 0, 0, 0, '2014-02-03 10:12:31', 3),
(19, 'Pran junior juice', 17, 'yes', 'P-19', 'Pran junior juice fruit cocktail', 'Pran junior juice fruit cocktail', 'Heinz Tomato Ketchup', 'Heinz Tomato Ketchup', 'Heinz Tomato Ketchup', '', 3, '0000-00-00', '0000-00-00', '1970-01-01', '1970-01-01', 'active', 0, 0, 0, '2014-02-03 10:17:01', 3),
(20, 'Pran junior juice', 18, 'yes', 'P-20', 'Pran junior juice litchi', 'Pran junior juice litchi', 'Heinz Tomato Ketchup', 'Heinz Tomato Ketchup', 'Heinz Tomato Ketchup', '', 3, '0000-00-00', '0000-00-00', '1970-01-01', '1970-01-01', 'active', 0, 0, 0, '2014-02-03 10:19:37', 3),
(21, 'Pran frooto', 19, 'yes', 'P-21', 'Pran frooto mango flavour', 'Pran frooto mango flavour', 'Heinz Tomato Ketchup', 'Heinz Tomato Ketchup', 'Heinz Tomato Ketchup', '', 4, '0000-00-00', '0000-00-00', '1970-01-01', '1970-01-01', 'active', 0, 0, 0, '2014-02-03 10:25:51', 3),
(22, 'Schweppes soda water ', 238, 'yes', 'P-22', 'Schweppes soda water ', 'Schweppes soda water', 'Heinz Tomato Ketchup', 'Heinz Tomato Ketchup', 'Heinz Tomato Ketchup', '', 3, '0000-00-00', '0000-00-00', '1970-01-01', '1970-01-01', 'active', 0, 0, 0, '2014-02-03 10:46:57', 3),
(23, 'Pran mango juice bottle', 21, 'yes', 'P-23', 'Pran mango juice bottle', 'Pran mango juice bottle', 'Heinz Tomato Ketchup', 'Heinz Tomato Ketchup', 'Heinz Tomato Ketchup', '', 4, '0000-00-00', '0000-00-00', '1970-01-01', '1970-01-01', 'active', 0, 0, 0, '2014-02-03 10:53:51', 3),
(24, 'Frooto mango juice', 246, 'yes', 'P-24', 'Frooto mango juice', 'Frooto mango juice', 'Heinz Tomato Ketchup', 'Heinz Tomato Ketchup', 'Heinz Tomato Ketchup', '', 3, '0000-00-00', '0000-00-00', '1970-01-01', '1970-01-01', 'active', 0, 0, 0, '2014-02-03 11:03:07', 3),
(25, 'Schweppes tonic water ', 23, 'yes', 'P-25', 'Schweppes tonic water ', 'Schweppes tonic water', 'Heinz Tomato Ketchup', 'Heinz Tomato Ketchup', 'Heinz Tomato Ketchup', '', 3, '0000-00-00', '0000-00-00', '1970-01-01', '1970-01-01', 'active', 0, 0, 0, '2014-02-03 11:11:46', 3),
(26, '7 Rings Orange Juice ', 24, 'yes', 'P-26', 'Frooto mango juice', '7 Rings Orange Juice', 'Heinz Tomato Ketchup', 'Heinz Tomato Ketchup', 'Heinz Tomato Ketchup', '', 4, '0000-00-00', '0000-00-00', '1970-01-01', '1970-01-01', 'inactive', 0, 0, 0, '2014-02-04 04:26:32', 3),
(27, 'Sunny orange', 25, 'yes', 'P-27', 'Sunny orange', 'Sunny orange', 'Heinz Tomato Ketchup', 'Heinz Tomato Ketchup', 'Heinz Tomato Ketchup', '', 3, '0000-00-00', '0000-00-00', '1970-01-01', '1970-01-01', 'active', 0, 0, 0, '2014-02-04 04:41:24', 3),
(28, 'Kagozee', 0, 'yes', 'P-28', 'Kagozee lemon flavour', 'Kagozee lemon flavour', 'Heinz Tomato Ketchup', 'Heinz Tomato Ketchup', 'Heinz Tomato Ketchup', '', 3, '0000-00-00', '0000-00-00', '1970-01-01', '1970-01-01', 'active', 0, 0, 0, '2014-02-04 04:52:44', 3),
(29, 'Munchy''s Lexus Sandwich Chocolate Cream ', 27, 'yes', 'P-29', 'Munchy''s Lexus Sandwich Calcium Cracker Chocolate Cream ', 'Munchy''s Lexus Sandwich Calcium Cracker Chocolate Cream ', 'Heinz Tomato Ketchup', 'Heinz Tomato Ketchup', 'Heinz Tomato Ketchup', '', 5, '0000-00-00', '0000-00-00', '2014-02-16', '2014-12-16', 'active', 0, 0, 0, '2014-02-04 04:57:48', 3),
(30, 'Apple nectar', 28, 'yes', 'P-30', 'Apple nectar', 'Apple nectar', 'Heinz Tomato Ketchup', 'Heinz Tomato Ketchup', 'Heinz Tomato Ketchup', '', 4, '0000-00-00', '0000-00-00', '1970-01-01', '1970-01-01', 'active', 0, 0, 0, '2014-02-04 05:05:38', 3),
(31, 'Tiffany Chocolate Cream Wafers ', 29, 'yes', 'P-31', 'Tiffany Chocolate Cream Wafers ', 'Tiffany Chocolate Cream Wafers ', 'Heinz Tomato Ketchup', 'Heinz Tomato Ketchup', 'Heinz Tomato Ketchup', '', 4, '0000-00-00', '0000-00-00', '2014-02-16', '2014-12-16', 'active', 0, 0, 0, '2014-02-04 05:19:38', 3),
(32, 'Pran guava juice', 30, 'yes', 'P-32', 'Pran guava juice', 'Pran guava juice', 'Heinz Tomato Ketchup', 'Heinz Tomato Ketchup', 'Heinz Tomato Ketchup', '', 4, '0000-00-00', '0000-00-00', '1970-01-01', '1970-01-01', 'active', 0, 0, 0, '2014-02-04 05:29:44', 3),
(33, 'Pran mango juice ', 31, 'yes', 'P-33', 'Pran mango juice ', 'Pran mango juice', 'Heinz Tomato Ketchup', 'Heinz Tomato Ketchup', 'Heinz Tomato Ketchup', '', 3, '1970-01-01', '1970-01-01', '1970-01-01', '1970-01-01', 'active', 0, 0, 3, '2014-02-04 05:51:45', 3),
(34, 'Pran orange juice', 145, 'yes', 'P-34', 'Pran orange juice', 'Pran orange juice', 'Heinz Tomato Ketchup', 'Heinz Tomato Ketchup', 'Heinz Tomato Ketchup', '', 3, '0000-00-00', '0000-00-00', '1970-01-01', '1970-01-01', 'active', 0, 0, 0, '2014-02-04 06:01:41', 3),
(35, 'Pran apple juice ', 32, 'yes', 'P-35', 'Pran apple juice ', 'Pran apple juice', 'Heinz Tomato Ketchup', 'Heinz Tomato Ketchup', 'Heinz Tomato Ketchup', '', 2, '0000-00-00', '0000-00-00', '1970-01-01', '1970-01-01', 'active', 0, 0, 0, '2014-02-04 06:06:29', 3),
(36, 'Ano Danish Butter Cookies Tin Blue ', 33, 'yes', 'P-36', 'Ano Danish Butter Cookies Tin Blue ', 'Ano Danish Butter Cookies Tin Blue ', 'Heinz Tomato Ketchup', 'Heinz Tomato Ketchup', 'Heinz Tomato Ketchup', '', 4, '0000-00-00', '0000-00-00', '2014-02-16', '2014-12-16', 'active', 0, 0, 0, '2014-02-04 06:10:50', 3),
(37, 'Pran juice ', 34, 'yes', 'P-37', 'Pran juice fruit cocktail (tin can)', 'Pran juice fruit cocktail (tin can)', 'Heinz Tomato Ketchup', 'Heinz Tomato Ketchup', 'Heinz Tomato Ketchup', '', 3, '0000-00-00', '0000-00-00', '1970-01-01', '1970-01-01', 'active', 0, 0, 0, '2014-02-04 06:16:15', 3),
(38, 'Baton Rouge Ovaltine Biscuit ', 59, 'yes', 'P-38', 'Baton Rouge Ovaltine Biscuit ', 'Baton Rouge Ovaltine Biscuit ', 'Heinz Tomato Ketchup', 'Heinz Tomato Ketchup', 'Heinz Tomato Ketchup', '', 5, '0000-00-00', '0000-00-00', '2014-02-16', '2014-12-16', 'active', 0, 0, 0, '2014-02-04 06:21:47', 3),
(39, 'Pran juice', 35, 'yes', 'P-39', 'Pran mango juice can', 'Pran mango juice can', 'Heinz Tomato Ketchup', 'Heinz Tomato Ketchup', 'Heinz Tomato Ketchup', '', 3, '0000-00-00', '0000-00-00', '1970-01-01', '1970-01-01', 'active', 0, 0, 0, '2014-02-04 06:36:03', 3),
(40, 'Pran juice', 36, 'yes', 'P-40', 'Pran tamarind Juice can', 'Pran tamarind Juice can', 'Heinz Tomato Ketchup', 'Heinz Tomato Ketchup', 'Heinz Tomato Ketchup', '', 3, '0000-00-00', '0000-00-00', '1970-01-01', '1970-01-01', 'active', 0, 0, 0, '2014-02-04 07:07:41', 3),
(41, 'Pran juice', 38, 'yes', 'P-41', 'Pran orange Juice can', 'Pran orange&nbsp;Juice can', 'Heinz Tomato Ketchup', 'Heinz Tomato Ketchup', 'Heinz Tomato Ketchup', '', 3, '0000-00-00', '0000-00-00', '1970-01-01', '1970-01-01', 'active', 0, 0, 0, '2014-02-04 07:21:26', 3),
(42, 'Pran juice', 39, 'yes', 'P-42', 'Pran banana Juice can', 'Pran banana&nbsp;Juice can', 'Heinz Tomato Ketchup', 'Heinz Tomato Ketchup', 'Heinz Tomato Ketchup', '', 3, '0000-00-00', '0000-00-00', '1970-01-01', '1970-01-01', 'active', 0, 0, 0, '2014-02-04 07:50:17', 3),
(43, 'Pran juice', 40, 'yes', 'P-43', 'Pran guava Juice can', 'Pran guava Juice can', 'Heinz Tomato Ketchup', 'Heinz Tomato Ketchup', 'Heinz Tomato Ketchup', '', 2, '0000-00-00', '0000-00-00', '1970-01-01', '1970-01-01', 'active', 0, 0, 0, '2014-02-04 08:00:11', 3),
(44, 'Pran juice', 41, 'yes', 'P-44', 'Pran pineapple juice can', 'Pran pineapple juice can', 'Heinz Tomato Ketchup', 'Heinz Tomato Ketchup', 'Heinz Tomato Ketchup', '', 5, '0000-00-00', '0000-00-00', '1970-01-01', '1970-01-01', 'active', 0, 0, 0, '2014-02-04 08:20:42', 3),
(45, 'Aarong mango juice ', 42, 'yes', 'P-45', 'Aarong mango juice ', 'Aarong mango juice ', 'Heinz Tomato Ketchup', 'Heinz Tomato Ketchup', 'Heinz Tomato Ketchup', '', 3, '0000-00-00', '0000-00-00', '2014-01-01', '2014-03-12', 'active', 0, 0, 0, '2014-02-04 08:33:31', 3),
(46, 'Acme mango juice classic ', 43, 'yes', 'P-46', 'Acme mango juice classic ', 'Acme mango juice classic', 'Heinz Tomato Ketchup', 'Heinz Tomato Ketchup', 'Heinz Tomato Ketchup', '', 2, '0000-00-00', '0000-00-00', '1970-01-01', '1970-01-01', 'active', 0, 0, 0, '2014-02-04 08:48:32', 3),
(47, 'Acme mango juice', 44, 'yes', 'P-47', 'Acme mango juice premium ', 'Acme mango juice premium ', 'Heinz Tomato Ketchup', 'Heinz Tomato Ketchup', 'Heinz Tomato Ketchup', '', 3, '1970-01-01', '1970-01-01', '1970-01-01', '1970-01-01', 'active', 0, 0, 0, '2014-02-04 08:54:26', 3),
(48, 'Acme mango orange juice', 45, 'yes', 'P-48', 'Acme mango orange juice', 'Acme mango orange juice', 'Heinz Tomato Ketchup', 'Heinz Tomato Ketchup', 'Heinz Tomato Ketchup', '', 3, '0000-00-00', '0000-00-00', '1970-01-01', '1970-01-01', 'active', 0, 0, 0, '2014-02-04 09:42:38', 3),
(49, '7 Rings mango juice 2ltr', 46, 'yes', 'P-49', '7 Rings mango juice 2ltr', '7 Rings mango juice 2ltr', 'Heinz Tomato Ketchup', 'Heinz Tomato Ketchup', 'Heinz Tomato Ketchup', '', 3, '0000-00-00', '0000-00-00', '1970-01-01', '1970-01-01', 'active', 0, 0, 0, '2014-02-04 09:55:33', 3),
(50, 'Bengal Orange Cake Biscuit ', 47, 'yes', 'P-50', 'Bengal Orange Cake Biscuit ', 'Bengal Orange Cake Biscuit ', 'Heinz Tomato Ketchup', 'Heinz Tomato Ketchup', 'Heinz Tomato Ketchup', '', 4, '0000-00-00', '0000-00-00', '2014-02-16', '2014-12-16', 'active', 0, 0, 0, '2014-02-05 06:48:00', 3),
(51, 'Bengal Orange Cake Biscuit Tin', 48, 'yes', 'P-51', 'Bengal Orange Cake Biscuit Tin', 'Bengal Orange Cake Biscuit Tin', 'Heinz Tomato Ketchup', 'Heinz Tomato Ketchup', 'Heinz Tomato Ketchup', '', 4, '0000-00-00', '0000-00-00', '2014-02-16', '2014-12-16', 'active', 0, 0, 0, '2014-02-05 06:56:47', 3),
(52, 'Acme orange juice classic', 49, 'yes', 'P-52', 'Acme orange juice classic', 'Acme orange juice classic', 'Heinz Tomato Ketchup', 'Heinz Tomato Ketchup', 'Heinz Tomato Ketchup', '', 3, '0000-00-00', '0000-00-00', '1970-01-01', '1970-01-01', 'active', 0, 0, 0, '2014-02-06 10:25:35', 3),
(53, 'Berri grapefruit juice ', 50, 'yes', 'P-53', 'Berri grapefruit juice ', 'Berri grapefruit juice', 'Heinz Tomato Ketchup', 'Heinz Tomato Ketchup', 'Heinz Tomato Ketchup', '', 5, '0000-00-00', '0000-00-00', '1970-01-01', '1970-01-01', 'active', 0, 0, 0, '2014-02-06 10:35:17', 3),
(54, 'Berri cranberry juice', 58, 'yes', 'P-54', 'Berri cranberry juice', 'Berri cranberry juice', 'Heinz Tomato Ketchup', 'Heinz Tomato Ketchup', 'Heinz Tomato Ketchup', '', 2, '0000-00-00', '0000-00-00', '1970-01-01', '1970-01-01', 'active', 0, 0, 0, '2014-02-06 10:58:47', 3),
(55, 'Bengal Pineapple Cream biscuit ', 51, 'yes', 'P-55', 'Bengal Pineapple Cream biscuit ', 'Bengal Pineapple Cream biscuit', 'Heinz Tomato Ketchup', 'Heinz Tomato Ketchup', 'Heinz Tomato Ketchup', '', 4, '0000-00-00', '0000-00-00', '1970-01-01', '1970-01-01', 'active', 0, 0, 0, '2014-02-08 08:17:06', 3),
(56, 'Bissin Premium Coconut Wafers ', 52, 'yes', 'P-56', 'Bissin Premium Coconut Wafers ', 'Bissin Premium Coconut Wafers', 'Heinz Tomato Ketchup', 'Heinz Tomato Ketchup', 'Heinz Tomato Ketchup', '', 4, '0000-00-00', '0000-00-00', '1970-01-01', '1970-01-01', 'active', 0, 0, 0, '2014-02-08 08:21:08', 3),
(57, 'Cadbury Oreo Biscuit ', 53, 'yes', 'P-57', 'Cadbury Oreo Biscuit ', 'Cadbury Oreo Biscuit ', 'Heinz Tomato Ketchup', 'Heinz Tomato Ketchup', 'Heinz Tomato Ketchup', '', 5, '0000-00-00', '0000-00-00', '2014-02-16', '2014-12-16', 'active', 0, 0, 0, '2014-02-08 08:38:18', 3),
(58, 'Cadbury Oreo Sandwich Biscuits ', 54, 'yes', 'P-58', 'Cadbury Oreo Sandwich Biscuits', 'Cadbury Oreo Sandwich Biscuits Pack ', 'Heinz Tomato Ketchup', 'Heinz Tomato Ketchup', 'Heinz Tomato Ketchup', '', 4, '0000-00-00', '0000-00-00', '1970-01-01', '1970-01-01', 'active', 0, 0, 0, '2014-02-08 08:56:45', 3),
(59, 'Cocola Chocolate Biscuits ', 142, 'yes', 'P-59', 'Cocola Chocolate Biscuits ', 'Cocola Chocolate Biscuits', 'Heinz Tomato Ketchup', 'Heinz Tomato Ketchup', 'Heinz Tomato Ketchup', '', 4, '0000-00-00', '0000-00-00', '1970-01-01', '1970-01-01', 'active', 0, 0, 0, '2014-02-08 09:00:32', 3),
(60, 'Danish Florida Orange Biscuit ', 55, 'yes', 'P-60', 'Danish Florida Orange Biscuit ', 'Danish Florida Orange Biscuit', 'Heinz Tomato Ketchup', 'Heinz Tomato Ketchup', 'Heinz Tomato Ketchup', '', 4, '0000-00-00', '0000-00-00', '1970-01-01', '1970-01-01', 'active', 0, 0, 0, '2014-02-08 09:03:55', 3),
(61, 'Danish Hi Energy Biscuits ', 56, 'yes', 'P-61', 'Danish Hi Energy Biscuits ', 'Danish Hi Energy Biscuits', 'Heinz Tomato Ketchup', 'Heinz Tomato Ketchup', 'Heinz Tomato Ketchup', '', 4, '0000-00-00', '0000-00-00', '1970-01-01', '1970-01-01', 'active', 0, 0, 0, '2014-02-08 09:22:30', 3),
(62, 'Danish Lexus Vegetable Calcium Crackers ', 143, 'yes', 'P-62', 'Danish Lexus Vegetable Calcium Crackers ', 'Danish Lexus Vegetable Calcium Crackers', 'Heinz Tomato Ketchup', 'Heinz Tomato Ketchup', 'Heinz Tomato Ketchup', '', 4, '0000-00-00', '0000-00-00', '1970-01-01', '1970-01-01', 'active', 0, 0, 0, '2014-02-08 09:35:08', 3),
(63, 'Danish Mckenzie Vegetable Crackers', 0, 'yes', 'P-63', '', 'Danish Mckenzie Vegetable Crackers', 'Heinz Tomato Ketchup', 'Heinz Tomato Ketchup', 'Heinz Tomato Ketchup', '', 4, '0000-00-00', '0000-00-00', '0000-00-00', '0000-00-00', 'active', 0, 0, 0, '2014-02-15 07:10:16', 3),
(64, 'Cyprina Apple Juice', 86, 'yes', 'P-64', 'Cyprina Apple Juice', 'Cyprina apple juices are 100% pure and natural. You can drink it without hesitation as it is free from any preservative.', 'Heinz Tomato Ketchup', 'Heinz Tomato Ketchup', 'Heinz Tomato Ketchup', '', 3, '0000-00-00', '0000-00-00', '1970-01-01', '1970-01-01', 'active', 0, 0, 0, '2014-02-15 09:19:44', 3),
(65, 'Danish Milk Marie Biscuits ', 74, 'yes', 'P-65', 'Danish Milk Marie Biscuits ', 'Danish Milk Marie Biscuits ', 'Heinz Tomato Ketchup', 'Heinz Tomato Ketchup', 'Heinz Tomato Ketchup', '', 4, '0000-00-00', '0000-00-00', '2014-02-16', '2014-02-25', 'active', 0, 0, 0, '2014-02-16 08:24:42', 3),
(66, 'Doreo Black Chocolate Sandwich Biscuit', 78, 'yes', 'P-66', 'Danish Milk Marie Biscuits ', 'Doreo Black Chocolate Sandwich Biscuit', 'Heinz Tomato Ketchup', 'Heinz Tomato Ketchup', 'Heinz Tomato Ketchup', '', 4, '0000-00-00', '0000-00-00', '1970-01-01', '1970-01-01', 'active', 0, 0, 0, '2014-02-16 08:37:33', 3),
(67, 'Cyprina Mango Mixed Juice ', 84, 'yes', 'P-67', 'Cyprina Mango Mixed Juice ', 'Cyprina apple juices are 100% pure and natural. You can drink it without hesitation as it is free from any preservative.', 'Heinz Tomato Ketchup', 'Heinz Tomato Ketchup', 'Heinz Tomato Ketchup', '', 3, '0000-00-00', '0000-00-00', '1970-01-01', '1970-01-01', 'active', 0, 0, 0, '2014-02-16 09:57:34', 3),
(68, 'Cyprina juice drink cranberry ', 87, 'yes', 'P-68', 'Cyprina juice drink cranberry', 'Cyprina apple juices are 100% pure and natural. You can drink it without hesitation as it is free from any preservative.', 'Heinz Tomato Ketchup', 'Heinz Tomato Ketchup', 'Heinz Tomato Ketchup', '', 3, '0000-00-00', '0000-00-00', '1970-01-01', '1970-01-01', 'active', 0, 0, 0, '2014-02-16 10:25:02', 3),
(69, 'Cyprina orange juice ', 88, 'yes', 'P-69', 'Cyprina orange juice ', 'Cyprina apple juices are 100% pure and natural. You can drink it without hesitation as it is free from any preservative.', 'Heinz Tomato Ketchup', 'Heinz Tomato Ketchup', 'Heinz Tomato Ketchup', '', 2, '0000-00-00', '0000-00-00', '2014-02-16', '2014-12-16', 'active', 0, 0, 0, '2014-02-16 10:28:35', 3),
(70, 'Eterna Strawberry Wafer Stick ', 89, 'yes', 'P-70', 'Eterna Strawberry Wafer Stick ', 'Eterna Strawberry Wafer Stick ', 'Heinz Tomato Ketchup', 'Heinz Tomato Ketchup', 'Heinz Tomato Ketchup', '', 4, '0000-00-00', '0000-00-00', '1970-01-01', '1970-01-01', 'active', 0, 0, 0, '2014-02-17 06:00:18', 3),
(71, 'Kerk Cream Crackers Istimewa ', 91, 'yes', 'P-71', 'Kerk Cream Crackers Istimewa ', 'Kerk Cream Crackers Istimewa', 'Heinz Tomato Ketchup', 'Heinz Tomato Ketchup', 'Heinz Tomato Ketchup', '', 3, '0000-00-00', '0000-00-00', '1970-01-01', '1970-01-01', 'active', 0, 0, 0, '2014-02-17 06:04:13', 3),
(72, 'Fit Crackers Milk Flavour ', 94, 'yes', 'P-72', 'Fit Crackers Milk Flavour ', 'Fit Crackers Milk Flavour ', 'Heinz Tomato Ketchup', 'Heinz Tomato Ketchup', 'Heinz Tomato Ketchup', '', 4, '0000-00-00', '0000-00-00', '1970-01-01', '1970-01-01', 'inactive', 0, 0, 0, '2014-02-17 06:24:23', 3),
(73, 'Haque Anarkali Biscuits ', 95, 'yes', 'P-73', 'Haque Anarkali Biscuits ', 'Haque Anarkali Biscuits ', 'Heinz Tomato Ketchup', 'Heinz Tomato Ketchup', 'Heinz Tomato Ketchup', '', 4, '0000-00-00', '0000-00-00', '1970-01-01', '1970-01-01', 'active', 0, 0, 0, '2014-02-17 06:28:04', 3),
(74, 'Haque Bourbon ', 97, 'yes', 'P-74', 'Haque Bourbon ', 'Haque Bourbon ', 'Heinz Tomato Ketchup', 'Heinz Tomato Ketchup', 'Heinz Tomato Ketchup', '', 4, '0000-00-00', '0000-00-00', '1970-01-01', '1970-01-01', 'active', 0, 0, 0, '2014-02-17 06:35:09', 3),
(75, 'Haque Cream Crackers ', 98, 'yes', 'P-75', 'Haque Cream Crackers ', 'Haque Cream Crackers ', 'Heinz Tomato Ketchup', 'Heinz Tomato Ketchup', 'Heinz Tomato Ketchup', '', 4, '0000-00-00', '0000-00-00', '1970-01-01', '1970-01-01', 'active', 0, 0, 0, '2014-02-17 06:41:50', 3),
(76, 'Haque Ding Dong Wafer ', 99, 'yes', 'P-76', 'Haque Ding Dong Wafer ', 'Haque Ding Dong Wafer ', 'Heinz Tomato Ketchup', 'Heinz Tomato Ketchup', 'Heinz Tomato Ketchup', '', 2, '0000-00-00', '0000-00-00', '1970-01-01', '1970-01-01', 'active', 0, 0, 0, '2014-02-17 06:51:04', 3),
(77, 'Haque Ghee Biscuit Cream Sand', 0, 'yes', 'P-77', '', 'Haque Ghee Biscuit Cream Sand', 'Heinz Tomato Ketchup', 'Heinz Tomato Ketchup', 'Heinz Tomato Ketchup', '', 4, '0000-00-00', '0000-00-00', '0000-00-00', '0000-00-00', 'inactive', 0, 0, 0, '2014-02-17 07:01:04', 3),
(78, 'Haque Milk chocolate digestive biscuit ', 101, 'yes', 'P-78', 'Haque Milk chocolate digestive biscuit ', 'Haque Milk chocolate digestive biscuit ', 'Heinz Tomato Ketchup', 'Heinz Tomato Ketchup', 'Heinz Tomato Ketchup', '', 4, '0000-00-00', '0000-00-00', '1970-01-01', '1970-01-01', 'active', 0, 0, 0, '2014-02-17 07:04:08', 3),
(79, 'Haque Mr Cookie Biscuits ', 102, 'yes', 'P-79', 'Haque Mr. Cookie Biscuit ', 'Haque Mr Cookie Biscuits ', 'Heinz Tomato Ketchup', 'Heinz Tomato Ketchup', 'Heinz Tomato Ketchup', '', 4, '0000-00-00', '0000-00-00', '1970-01-01', '1970-01-01', 'active', 0, 0, 0, '2014-02-17 07:07:24', 3),
(80, 'Nescafe Classic ', 105, 'yes', 'P-80', 'Nescafe Classic ', 'Nescafe Classic', 'Heinz Tomato Ketchup', 'Heinz Tomato Ketchup', 'Heinz Tomato Ketchup', '', 4, '0000-00-00', '0000-00-00', '1970-01-01', '1970-01-01', 'active', 0, 0, 0, '2014-02-17 08:30:10', 3),
(81, 'Nescafe Gold Jar ', 106, 'yes', 'P-81', 'Nescafe Gold Jar ', 'Nescafe Gold Jar', 'Heinz Tomato Ketchup', 'Heinz Tomato Ketchup', 'Heinz Tomato Ketchup', '', 4, '0000-00-00', '0000-00-00', '1970-01-01', '1970-01-01', 'active', 0, 0, 0, '2014-02-17 08:37:00', 3),
(82, 'Nescafe Original ', 107, 'yes', 'P-82', 'Nescafe Original ', 'Nescafe Original', 'Heinz Tomato Ketchup', 'Heinz Tomato Ketchup', 'Heinz Tomato Ketchup', '', 3, '0000-00-00', '0000-00-00', '1970-01-01', '1970-01-01', 'active', 0, 0, 0, '2014-02-17 08:40:26', 3),
(83, 'Nestle Coffee Mate Box', 109, 'yes', 'P-83', 'Nestle Coffee Mate Box', 'Nestle Coffee Mate Box', 'Heinz Tomato Ketchup', 'Heinz Tomato Ketchup', 'Heinz Tomato Ketchup', '', 4, '0000-00-00', '0000-00-00', '1970-01-01', '1970-01-01', 'active', 0, 0, 0, '2014-02-17 08:45:17', 3),
(84, 'Nestle Coffee Mate Jar ', 110, 'yes', 'P-84', 'Nestle Coffee Mate Jar ', 'Nestle Coffee Mate Jar', 'Heinz Tomato Ketchup', 'Heinz Tomato Ketchup', 'Heinz Tomato Ketchup', '', 5, '0000-00-00', '0000-00-00', '1970-01-01', '1970-01-01', 'active', 0, 0, 0, '2014-02-17 08:47:39', 3),
(85, 'Nestle Coffee Mate Poly ', 111, 'yes', 'P-85', 'Nestle Coffee Mate Poly ', 'Nestle Coffee Mate Poly', 'Heinz Tomato Ketchup', 'Heinz Tomato Ketchup', 'Heinz Tomato Ketchup', '', 4, '0000-00-00', '0000-00-00', '1970-01-01', '1970-01-01', 'active', 0, 0, 0, '2014-02-17 09:10:31', 3),
(86, 'Nestle Nescafe 3 in 1 Coffee Mix ', 112, 'yes', 'P-86', 'Nestle Nescafe 3 in 1 Coffee Mix ', 'Nestle Nescafe 3 in 1 Coffee Mix', 'Heinz Tomato Ketchup', 'Heinz Tomato Ketchup', 'Heinz Tomato Ketchup', '', 4, '0000-00-00', '0000-00-00', '1970-01-01', '1970-01-01', 'active', 0, 0, 0, '2014-02-17 09:14:05', 3),
(87, 'Twix chocolate', 113, 'yes', 'P-87', 'Twix chocolate', 'Twix chocolate', 'Heinz Tomato Ketchup', 'Heinz Tomato Ketchup', 'Heinz Tomato Ketchup', '', 3, '0000-00-00', '0000-00-00', '1970-01-01', '1970-01-01', 'active', 0, 0, 0, '2014-02-17 11:21:48', 3),
(88, 'Mum drinking water', 114, 'yes', 'P-88', 'Mum drinking water', 'Mum drinking water', 'Heinz Tomato Ketchup', 'Heinz Tomato Ketchup', 'Heinz Tomato Ketchup', '', 2, '0000-00-00', '0000-00-00', '1970-01-01', '1970-01-01', 'active', 0, 0, 0, '2014-02-17 11:33:54', 3),
(89, 'Coca cola', 127, 'yes', 'P-89', 'Coca Cola', 'Coca Cola', 'Heinz Tomato Ketchup', 'Heinz Tomato Ketchup', 'Heinz Tomato Ketchup', '', 2, '0000-00-00', '0000-00-00', '1970-01-01', '1970-01-01', 'active', 0, 0, 0, '2014-02-17 11:38:27', 3),
(90, 'Gatorade tropical drink', 116, 'yes', 'P-90', 'Gatorade tropical drink', 'Gatorade tropical drink', 'Heinz Tomato Ketchup', 'Heinz Tomato Ketchup', 'Heinz Tomato Ketchup', '', 5, '0000-00-00', '0000-00-00', '1970-01-01', '1970-01-01', 'active', 0, 0, 0, '2014-02-17 11:47:45', 3),
(91, 'Twinings camomile tea', 117, 'yes', 'P-91', 'Twinings camomile tea', 'Twinings camomile tea', 'Heinz Tomato Ketchup', 'Heinz Tomato Ketchup', 'Heinz Tomato Ketchup', '', 2, '0000-00-00', '0000-00-00', '1970-01-01', '1970-01-01', 'active', 0, 0, 0, '2014-02-18 04:57:41', 3),
(92, 'Milk vita liquid milk ', 118, 'yes', 'P-92', 'Milk vita liquid milk', 'Milk vita liquid milk', 'Heinz Tomato Ketchup', 'Heinz Tomato Ketchup', 'Heinz Tomato Ketchup', '', 2, '0000-00-00', '0000-00-00', '1970-01-01', '1970-01-01', 'active', 0, 0, 0, '2014-02-18 05:08:40', 3),
(93, 'Perrier Mineral Water ', 123, 'yes', 'P-93', 'Perrier Mineral Water ', 'Perrier Mineral Water', 'Heinz Tomato Ketchup', 'Heinz Tomato Ketchup', 'Heinz Tomato Ketchup', '', 4, '0000-00-00', '0000-00-00', '1970-01-01', '1970-01-01', 'active', 0, 0, 0, '2014-02-18 07:09:02', 3),
(94, 'Evian Water ', 0, 'yes', 'P-94', '', 'Evian Water', 'Heinz Tomato Ketchup', 'Heinz Tomato Ketchup', 'Heinz Tomato Ketchup', '', 4, '0000-00-00', '0000-00-00', '0000-00-00', '0000-00-00', 'active', 0, 0, 0, '2014-02-18 07:15:29', 3),
(95, 'Jibon Natural Mineral Water ', 125, 'yes', 'P-95', 'Jibon Natural Mineral Water ', 'Jibon Natural Mineral Water', 'Heinz Tomato Ketchup', 'Heinz Tomato Ketchup', 'Heinz Tomato Ketchup', '', 4, '0000-00-00', '0000-00-00', '1970-01-01', '1970-01-01', 'active', 0, 0, 0, '2014-02-18 07:22:30', 3),
(96, 'Nestle Nescafe Matinal', 129, 'yes', 'P-96', 'Nestle Nescafe Matinal', 'Nestle Nescafe Matinal', 'Heinz Tomato Ketchup', 'Heinz Tomato Ketchup', 'Heinz Tomato Ketchup', '', 2, '0000-00-00', '0000-00-00', '1970-01-01', '1970-01-01', 'active', 0, 0, 0, '2014-02-18 09:04:16', 3),
(97, 'Twinings english breakfast tea', 131, 'yes', 'P-97', 'Twinings english breakfast tea', 'Twinings english breakfast tea', 'Heinz Tomato Ketchup', 'Heinz Tomato Ketchup', 'Heinz Tomato Ketchup', '', 3, '0000-00-00', '0000-00-00', '1970-01-01', '1970-01-01', 'active', 0, 0, 0, '2014-02-18 09:38:04', 3),
(98, 'Twinings green tea', 132, 'yes', 'P-98', 'Twinings green tea', 'Twinings green tea', 'Heinz Tomato Ketchup', 'Heinz Tomato Ketchup', 'Heinz Tomato Ketchup', '', 3, '0000-00-00', '0000-00-00', '1970-01-01', '1970-01-01', 'active', 0, 0, 0, '2014-02-18 09:49:51', 3),
(99, 'Twinings lemon tea', 133, 'yes', 'P-99', 'Twinings lemon tea', 'Twinings lemon tea', 'Heinz Tomato Ketchup', 'Heinz Tomato Ketchup', 'Heinz Tomato Ketchup', '', 3, '0000-00-00', '0000-00-00', '1970-01-01', '1970-01-01', 'active', 0, 0, 0, '2014-02-18 10:04:40', 3),
(100, 'Fresh home made bread ', 138, 'yes', 'P-100', 'Fresh home made bread', 'Fresh home made bread', 'Heinz Tomato Ketchup', 'Heinz Tomato Ketchup', 'Heinz Tomato Ketchup', '', 3, '0000-00-00', '0000-00-00', '1970-01-01', '1970-01-01', 'active', 0, 0, 0, '2014-02-19 06:46:12', 3),
(101, 'Iko Muesli Hi-Fiber Biscuits Pack', 149, 'yes', 'P-101', 'Iko Muesli Hi-Fiber Biscuits Pack', 'Iko Muesli Hi-Fiber Biscuits Pack', 'Heinz Tomato Ketchup', 'Heinz Tomato Ketchup', 'Heinz Tomato Ketchup', '', 4, '0000-00-00', '0000-00-00', '1970-01-01', '1970-01-01', 'active', 0, 0, 0, '2014-02-24 08:44:53', 3),
(102, 'Iko Sugar Free Oatmeal Crackers ', 151, 'yes', 'P-102', 'Iko Sugar Free Oatmeal Crackers ', 'Iko Sugar Free Oatmeal Crackers', 'Heinz Tomato Ketchup', 'Heinz Tomato Ketchup', 'Heinz Tomato Ketchup', '', 4, '0000-00-00', '0000-00-00', '1970-01-01', '1970-01-01', 'active', 0, 0, 0, '2014-02-24 09:29:08', 3),
(103, 'Iko Oat Assorted Calcium Cracker Tin ', 0, 'yes', 'P-103', '', 'Iko Oat Assorted Calcium Cracker Tin', 'Heinz Tomato Ketchup', 'Heinz Tomato Ketchup', 'Heinz Tomato Ketchup', '', 4, '0000-00-00', '0000-00-00', '0000-00-00', '0000-00-00', 'inactive', 0, 0, 0, '2014-02-24 09:29:09', 3),
(104, 'Iko Oat Assorted Calcium Cracker Tin ', 150, 'yes', 'P-104', 'Iko Oat Assorted Calcium Cracker Tin ', 'Iko Oat Assorted Calcium Cracker Tin', 'Heinz Tomato Ketchup', 'Heinz Tomato Ketchup', 'Heinz Tomato Ketchup', '', 4, '0000-00-00', '0000-00-00', '1970-01-01', '1970-01-01', 'active', 0, 0, 0, '2014-02-24 09:29:09', 3),
(105, 'Julie''s Pacific Biscuit ', 152, 'yes', 'P-105', 'Julie''s Pacific Biscuit ', 'Julie''s Pacific Biscuit', 'Heinz Tomato Ketchup', 'Heinz Tomato Ketchup', 'Heinz Tomato Ketchup', '', 4, '0000-00-00', '0000-00-00', '1970-01-01', '1970-01-01', 'active', 0, 0, 0, '2014-02-25 06:18:02', 3),
(106, 'Kerk Lingo Assorted Biscuits Tin', 153, 'yes', 'P-106', 'Kerk Lingo Assorted Biscuits Tin', 'Kerk Lingo Assorted Biscuits Tin', 'Heinz Tomato Ketchup', 'Heinz Tomato Ketchup', 'Heinz Tomato Ketchup', '', 4, '0000-00-00', '0000-00-00', '1970-01-01', '1970-01-01', 'active', 0, 0, 0, '2014-02-25 07:00:04', 3),
(107, 'Khong Guan Cocoa Puff Biscuits', 154, 'yes', 'P-107', 'Khong Guan Cocoa Puff Biscuits', 'Khong Guan Cocoa Puff Biscuits', 'Heinz Tomato Ketchup', 'Heinz Tomato Ketchup', 'Heinz Tomato Ketchup', '', 4, '0000-00-00', '0000-00-00', '1970-01-01', '1970-01-01', 'active', 0, 0, 0, '2014-02-25 07:02:52', 3),
(108, 'Khong Guan Marie Biscuit ', 155, 'yes', 'P-108', 'Khong Guan Marie Biscuit ', 'Khong Guan Marie Biscuit', 'Heinz Tomato Ketchup', 'Heinz Tomato Ketchup', 'Heinz Tomato Ketchup', '', 4, '0000-00-00', '0000-00-00', '1970-01-01', '1970-01-01', 'active', 0, 0, 0, '2014-02-25 07:09:22', 3),
(109, 'Kishwan Grisbi Chocolate Cookies ', 156, 'yes', 'P-109', 'Kishwan Grisbi Chocolate Cookies ', 'Kishwan Grisbi Chocolate Cookies', 'Heinz Tomato Ketchup', 'Heinz Tomato Ketchup', 'Heinz Tomato Ketchup', '', 4, '0000-00-00', '0000-00-00', '1970-01-01', '1970-01-01', 'active', 0, 0, 0, '2014-02-25 07:12:50', 3),
(110, 'Kishwan Ovaltin Cookies ', 157, 'yes', 'P-110', 'Kishwan Ovaltin Cookies ', 'Kishwan Ovaltin Cookies', 'Heinz Tomato Ketchup', 'Heinz Tomato Ketchup', 'Heinz Tomato Ketchup', '', 4, '0000-00-00', '0000-00-00', '1970-01-01', '1970-01-01', 'active', 0, 0, 0, '2014-02-25 07:20:09', 3),
(111, 'Kishwan Special Toast', 158, 'yes', 'P-111', 'Kishwan Special Toast', 'Kishwan Special Toast', 'Heinz Tomato Ketchup', 'Heinz Tomato Ketchup', 'Heinz Tomato Ketchup', '', 4, '0000-00-00', '0000-00-00', '1970-01-01', '1970-01-01', 'active', 0, 0, 0, '2014-02-25 07:23:50', 3),
(112, 'Kraft Oreo Biscuits ', 160, 'yes', 'P-112', 'Kraft Oreo Biscuits ', 'Kraft Oreo Biscuits', 'Heinz Tomato Ketchup', 'Heinz Tomato Ketchup', 'Heinz Tomato Ketchup', '', 4, '0000-00-00', '0000-00-00', '1970-01-01', '1970-01-01', 'active', 0, 0, 0, '2014-02-25 07:27:22', 3),
(113, 'Modhuban Horlicks Biscuit ', 161, 'yes', 'P-113', 'Modhuban Horlicks Biscuit ', 'Modhuban Horlicks Biscuit', 'Heinz Tomato Ketchup', 'Heinz Tomato Ketchup', 'Heinz Tomato Ketchup', '', 4, '0000-00-00', '0000-00-00', '1970-01-01', '1970-01-01', 'active', 0, 0, 0, '2014-02-25 07:29:11', 3),
(114, 'Modhuban Premium Quality Dry Cake ', 162, 'yes', 'P-114', 'Modhuban Premium Quality Dry Cake ', 'Modhuban Premium Quality Dry Cake', 'Heinz Tomato Ketchup', 'Heinz Tomato Ketchup', 'Heinz Tomato Ketchup', '', 3, '0000-00-00', '0000-00-00', '1970-01-01', '1970-01-01', 'active', 0, 0, 0, '2014-02-25 07:31:50', 3),
(115, 'Multi Energy Biscuits Pack ', 163, 'yes', 'P-115', 'Multi Energy Biscuits Pack', 'Multi Energy Biscuits Pack', 'Heinz Tomato Ketchup', 'Heinz Tomato Ketchup', 'Heinz Tomato Ketchup', '', 4, '0000-00-00', '0000-00-00', '1970-01-01', '1970-01-01', 'inactive', 0, 0, 0, '2014-02-25 07:36:13', 3),
(116, 'Munchys Topmix Assorted Biscuits Tin ', 164, 'yes', 'P-116', 'Munchys Topmix Assorted Biscuits Tin ', 'Munchys Topmix Assorted Biscuits Tin', 'Heinz Tomato Ketchup', 'Heinz Tomato Ketchup', 'Heinz Tomato Ketchup', '', 4, '0000-00-00', '0000-00-00', '1970-01-01', '1970-01-01', 'active', 0, 0, 0, '2014-02-25 07:39:47', 3),
(117, 'Nitchi Premium Wafer Stick Strawberry ', 165, 'yes', 'P-117', 'Nitchi Premium Wafer Stick Strawberry ', 'Nitchi Premium Wafer Stick Strawberry', 'Heinz Tomato Ketchup', 'Heinz Tomato Ketchup', 'Heinz Tomato Ketchup', '', 4, '0000-00-00', '0000-00-00', '1970-01-01', '1970-01-01', 'active', 0, 0, 0, '2014-02-25 07:43:23', 3),
(118, 'Coca cola can ', 166, 'yes', 'P-118', 'Coca cola can ', 'Coca cola can', 'Heinz Tomato Ketchup', 'Heinz Tomato Ketchup', 'Heinz Tomato Ketchup', '', 3, '0000-00-00', '0000-00-00', '1970-01-01', '1970-01-01', 'active', 0, 0, 0, '2014-02-25 07:52:22', 3),
(119, 'Diet coke can', 168, 'yes', 'P-119', 'Diet coke can', 'Diet coke can', 'Heinz Tomato Ketchup', 'Heinz Tomato Ketchup', 'Heinz Tomato Ketchup', '', 3, '0000-00-00', '0000-00-00', '1970-01-01', '1970-01-01', 'active', 0, 0, 0, '2014-02-25 08:05:30', 3),
(120, 'Coca cola light can', 170, 'yes', 'P-120', 'Coca cola light can', 'Coca cola light can', 'Heinz Tomato Ketchup', 'Heinz Tomato Ketchup', 'Heinz Tomato Ketchup', '', 3, '0000-00-00', '0000-00-00', '1970-01-01', '1970-01-01', 'active', 0, 0, 0, '2014-02-25 08:21:58', 3),
(121, 'Sprite', 172, 'yes', 'P-121', 'Sprite', 'Sprite', 'Heinz Tomato Ketchup', 'Heinz Tomato Ketchup', 'Heinz Tomato Ketchup', '', 3, '0000-00-00', '0000-00-00', '1970-01-01', '1970-01-01', 'active', 0, 0, 0, '2014-02-25 08:31:02', 3),
(122, 'Sprite can ', 175, 'yes', 'P-122', 'Sprite can', 'Sprite can', 'Heinz Tomato Ketchup', 'Heinz Tomato Ketchup', 'Heinz Tomato Ketchup', '', 3, '0000-00-00', '0000-00-00', '1970-01-01', '1970-01-01', 'active', 0, 0, 0, '2014-02-25 08:38:18', 3),
(123, 'Novelty Bit n Joy Cheese & Butter Biscuit ', 177, 'yes', 'P-123', 'Novelty Bit n Joy Cheese & Butter Biscuit ', 'Novelty Bit n Joy Cheese &amp; Butter Biscuit', 'Heinz Tomato Ketchup', 'Heinz Tomato Ketchup', 'Heinz Tomato Ketchup', '', 4, '0000-00-00', '0000-00-00', '1970-01-01', '1970-01-01', 'active', 0, 0, 0, '2014-02-25 08:41:13', 3),
(124, 'Fanta', 178, 'yes', 'P-124', 'Fanta', 'Fanta', 'Heinz Tomato Ketchup', 'Heinz Tomato Ketchup', 'Heinz Tomato Ketchup', '', 4, '0000-00-00', '0000-00-00', '1970-01-01', '1970-01-01', 'active', 0, 0, 0, '2014-02-25 08:54:18', 3),
(125, 'Fanta can', 180, 'yes', 'P-125', 'Fanta can', 'Fanta can', 'Heinz Tomato Ketchup', 'Heinz Tomato Ketchup', 'Heinz Tomato Ketchup', '', 5, '0000-00-00', '0000-00-00', '1970-01-01', '1970-01-01', 'active', 0, 0, 0, '2014-02-25 08:58:20', 3),
(126, 'Novelty Chocolate Marie Biscuit ', 182, 'yes', 'P-126', 'Novelty Chocolate Marie Biscuit ', 'Novelty Chocolate Marie Biscuit', 'Heinz Tomato Ketchup', 'Heinz Tomato Ketchup', 'Heinz Tomato Ketchup', '', 4, '0000-00-00', '0000-00-00', '1970-01-01', '1970-01-01', 'active', 0, 0, 0, '2014-02-25 09:09:31', 3),
(127, 'Mirinda orange', 183, 'yes', 'P-127', 'Mirinda orange', 'Mirinda orange', 'Heinz Tomato Ketchup', 'Heinz Tomato Ketchup', 'Heinz Tomato Ketchup', '', 3, '0000-00-00', '0000-00-00', '1970-01-01', '1970-01-01', 'active', 0, 0, 0, '2014-02-25 09:10:29', 3),
(128, 'Pepsi ', 185, 'yes', 'P-128', 'Pepsi', 'Pepsi', 'Heinz Tomato Ketchup', 'Heinz Tomato Ketchup', 'Heinz Tomato Ketchup', '', 4, '0000-00-00', '0000-00-00', '1970-01-01', '1970-01-01', 'active', 0, 0, 0, '2014-02-25 09:19:12', 3),
(129, 'Pepsi light can ', 188, 'yes', 'P-129', 'Pepsi light can', 'Pepsi light can', 'Heinz Tomato Ketchup', 'Heinz Tomato Ketchup', 'Heinz Tomato Ketchup', '', 4, '0000-00-00', '0000-00-00', '1970-01-01', '1970-01-01', 'active', 0, 0, 0, '2014-02-25 09:24:09', 3),
(130, 'Novelty G Biscuit ', 189, 'yes', 'P-130', 'Novelty Milk Marie Biscuit ', 'Novelty G Biscuit', 'Heinz Tomato Ketchup', 'Heinz Tomato Ketchup', 'Heinz Tomato Ketchup', '', 4, '0000-00-00', '0000-00-00', '1970-01-01', '1970-01-01', 'active', 0, 0, 0, '2014-02-25 09:45:40', 3),
(131, 'Olympic Coconut Plus Biscuit ', 191, 'yes', 'P-131', 'Olympic Coconut Plus Biscuit ', 'Olympic Coconut Plus Biscuit', 'Heinz Tomato Ketchup', 'Heinz Tomato Ketchup', 'Heinz Tomato Ketchup', '', 4, '0000-00-00', '0000-00-00', '1970-01-01', '1970-01-01', 'active', 0, 0, 0, '2014-02-25 09:53:48', 3),
(132, '7 Up cherry ', 192, 'yes', 'P-132', '7 Up cherry', '7 Up cherry', 'Heinz Tomato Ketchup', 'Heinz Tomato Ketchup', 'Heinz Tomato Ketchup', '', 3, '0000-00-00', '0000-00-00', '1970-01-01', '1970-01-01', 'active', 0, 0, 0, '2014-02-25 09:58:11', 3),
(133, 'Coca cola bottle ', 193, 'yes', 'P-133', 'Coca cola bottle', 'Coca cola bottle', 'Heinz Tomato Ketchup', 'Heinz Tomato Ketchup', 'Heinz Tomato Ketchup', '', 4, '0000-00-00', '0000-00-00', '1970-01-01', '1970-01-01', 'active', 0, 0, 0, '2014-02-25 10:24:01', 3),
(134, 'Sharbat rooh afza ', 194, 'yes', 'P-134', 'Sharbat rooh afza', 'Sharbat rooh afza', 'Heinz Tomato Ketchup', 'Heinz Tomato Ketchup', 'Heinz Tomato Ketchup', '', 5, '0000-00-00', '0000-00-00', '1970-01-01', '1970-01-01', 'active', 0, 0, 0, '2014-02-25 10:26:54', 3),
(135, 'Fanta fruit twist ', 195, 'yes', 'P-135', 'Fanta fruit twist', 'Fanta fruit twist', 'Heinz Tomato Ketchup', 'Heinz Tomato Ketchup', 'Heinz Tomato Ketchup', '', 4, '0000-00-00', '0000-00-00', '1970-01-01', '1970-01-01', 'active', 0, 0, 0, '2014-02-25 10:31:34', 3),
(136, 'Fanta icy lemon ', 196, 'yes', 'P-136', 'Fanta icy lemon\r\n', 'Fanta icy lemon <br /><br />', 'Heinz Tomato Ketchup', 'Heinz Tomato Ketchup', 'Heinz Tomato Ketchup', '', 3, '0000-00-00', '0000-00-00', '1970-01-01', '1970-01-01', 'active', 0, 0, 0, '2014-02-25 10:34:09', 3),
(137, 'Appy fizz ', 197, 'yes', 'P-137', 'Appy fizz', 'Appy fizz', 'Heinz Tomato Ketchup', 'Heinz Tomato Ketchup', 'Heinz Tomato Ketchup', '', 3, '0000-00-00', '0000-00-00', '1970-01-01', '1970-01-01', 'active', 0, 0, 0, '2014-02-25 10:38:13', 3),
(138, 'Pepsi max', 198, 'yes', 'P-138', 'Pepsi max', 'Pepsi max', 'Heinz Tomato Ketchup', 'Heinz Tomato Ketchup', 'Heinz Tomato Ketchup', '', 3, '0000-00-00', '0000-00-00', '1970-01-01', '1970-01-01', 'active', 0, 0, 0, '2014-02-25 10:38:18', 3),
(139, 'Olympic Milk Marie Biscuit Pack ', 199, 'yes', 'P-139', 'Olympic Milk Marie Biscuit Pack ', 'Olympic Milk Marie Biscuit Pack', 'Heinz Tomato Ketchup', 'Heinz Tomato Ketchup', 'Heinz Tomato Ketchup', '', 4, '0000-00-00', '0000-00-00', '1970-01-01', '1970-01-01', 'active', 0, 0, 0, '2014-02-26 05:14:26', 3),
(140, 'Olympic Milk Plus Biscuit ', 200, 'yes', 'P-140', 'Olympic Milk Plus Biscuit ', 'Olympic Milk Plus Biscuit', 'Heinz Tomato Ketchup', 'Heinz Tomato Ketchup', 'Heinz Tomato Ketchup', '', 4, '0000-00-00', '0000-00-00', '1970-01-01', '1970-01-01', 'active', 0, 0, 0, '2014-02-26 05:17:54', 3),
(141, 'Olympic Popular Marie Gold ', 201, 'yes', 'P-141', 'Olympic Popular Marie Gold ', 'Olympic Popular Marie Gold', 'Heinz Tomato Ketchup', 'Heinz Tomato Ketchup', 'Heinz Tomato Ketchup', '', 4, '0000-00-00', '0000-00-00', '1970-01-01', '1970-01-01', 'active', 0, 0, 0, '2014-02-26 05:19:41', 3),
(142, 'Olympic Premium Energy Plus Biscuit ', 202, 'yes', 'P-142', '240gm', 'Olympic Premium Energy Plus Biscuit', 'Heinz Tomato Ketchup', 'Heinz Tomato Ketchup', 'Heinz Tomato Ketchup', '', 4, '0000-00-00', '0000-00-00', '1970-01-01', '1970-01-01', 'active', 0, 0, 0, '2014-02-26 05:21:48', 3),
(143, 'Olympic Tip Biscuits ', 204, 'yes', 'P-143', 'Olympic Tip Biscuits ', 'Olympic Tip Biscuits', 'Heinz Tomato Ketchup', 'Heinz Tomato Ketchup', 'Heinz Tomato Ketchup', '', 4, '0000-00-00', '0000-00-00', '1970-01-01', '1970-01-01', 'active', 0, 0, 0, '2014-02-26 05:26:37', 3),
(144, 'Pran Mama Milk Wafer Pack ', 205, 'yes', 'P-144', 'Pran Mama Milk Wafer Pack ', 'Pran Mama Milk Wafer Pack', 'Heinz Tomato Ketchup', 'Heinz Tomato Ketchup', 'Heinz Tomato Ketchup', '', 4, '0000-00-00', '0000-00-00', '1970-01-01', '1970-01-01', 'active', 0, 0, 0, '2014-02-26 05:29:14', 3),
(145, 'Pran Milkies Biscuit ', 206, 'yes', 'P-145', 'Pran Milkies Biscuit ', 'Pran Milkies Biscuit', 'Heinz Tomato Ketchup', 'Heinz Tomato Ketchup', 'Heinz Tomato Ketchup', '', 4, '0000-00-00', '0000-00-00', '1970-01-01', '1970-01-01', 'active', 0, 0, 0, '2014-02-26 05:31:51', 3),
(146, 'Pran Special Dry Cake Biscuit ', 207, 'yes', 'P-146', 'Pran Special Dry Cake Biscuit ', 'Pran Special Dry Cake Biscuit', 'Heinz Tomato Ketchup', 'Heinz Tomato Ketchup', 'Heinz Tomato Ketchup', '', 4, '0000-00-00', '0000-00-00', '1970-01-01', '1970-01-01', 'active', 0, 0, 0, '2014-02-26 05:34:04', 3),
(147, 'Kellogg''s Corn Flakes', 208, 'yes', 'P-147', 'Kellogg''s Corn Flakes', 'Kellogg''s Corn Flakes', 'Heinz Tomato Ketchup', 'Heinz Tomato Ketchup', 'Heinz Tomato Ketchup', '', 4, '0000-00-00', '0000-00-00', '1970-01-01', '1970-01-01', 'active', 0, 0, 0, '2014-02-26 05:43:19', 3),
(148, 'Kellogg''s Chocos', 210, 'yes', 'P-148', 'Kellogg''s Chocos', 'Kellogg''s Chocos', 'Heinz Tomato Ketchup', 'Heinz Tomato Ketchup', 'Heinz Tomato Ketchup', '', 4, '0000-00-00', '0000-00-00', '1970-01-01', '1970-01-01', 'active', 0, 0, 0, '2014-02-26 05:49:51', 3),
(149, 'Kellogg''s Coco Pops', 212, 'yes', 'P-149', 'Kellogg''s Coco Pops', 'Kellogg''s Coco Pops', 'Heinz Tomato Ketchup', 'Heinz Tomato Ketchup', 'Heinz Tomato Ketchup', '', 4, '0000-00-00', '0000-00-00', '1970-01-01', '1970-01-01', 'active', 0, 0, 0, '2014-02-26 05:58:21', 3),
(150, 'Kellogg''s All Bran Wheat Flakes ', 214, 'yes', 'P-150', 'Kellogg''s All Bran Wheat Flakes ', 'Kellogg''s All Bran Wheat Flakes', 'Heinz Tomato Ketchup', 'Heinz Tomato Ketchup', 'Heinz Tomato Ketchup', '', 4, '0000-00-00', '0000-00-00', '1970-01-01', '1970-01-01', 'active', 0, 0, 0, '2014-02-26 06:02:07', 3),
(151, 'Kellogg''s Special K ', 215, 'yes', 'P-151', 'Kellogg''s Special K 400 gm', 'Kellogg''s Special K', 'Heinz Tomato Ketchup', 'Heinz Tomato Ketchup', 'Heinz Tomato Ketchup', '', 3, '0000-00-00', '0000-00-00', '1970-01-01', '1970-01-01', 'active', 0, 0, 0, '2014-02-26 06:04:20', 3),
(152, 'Kellogg''s Corn Flakes Real Almond & Honey ', 217, 'yes', 'P-152', 'Kellogg''s Corn Flakes Real Almond & Honey \r\n', 'Kellogg''s Corn Flakes Real Almond &amp; Honey', 'Heinz Tomato Ketchup', 'Heinz Tomato Ketchup', 'Heinz Tomato Ketchup', '', 4, '0000-00-00', '0000-00-00', '1970-01-01', '1970-01-01', 'active', 0, 0, 0, '2014-02-26 06:07:24', 3),
(153, 'Kellogg''s Frosties ', 218, 'yes', 'P-153', 'Kellogg''s Frosties ', 'Kellogg''s Frosties', 'Heinz Tomato Ketchup', 'Heinz Tomato Ketchup', 'Heinz Tomato Ketchup', '', 4, '0000-00-00', '0000-00-00', '1970-01-01', '1970-01-01', 'active', 0, 0, 0, '2014-02-26 06:09:30', 3),
(154, 'Kellogg''s Rice Krispies ', 219, 'yes', 'P-154', 'Kellogg''s Rice Krispies ', 'Kellogg''s Rice Krispies', 'Heinz Tomato Ketchup', 'Heinz Tomato Ketchup', 'Heinz Tomato Ketchup', '', 4, '0000-00-00', '0000-00-00', '1970-01-01', '1970-01-01', 'active', 0, 0, 0, '2014-02-26 06:12:13', 3),
(155, 'Kellogg''s Corn Flakes Original', 220, 'yes', 'P-155', 'Kellogg''s Corn Flakes Original', 'Kellogg''s Corn Flakes Original', 'Heinz Tomato Ketchup', 'Heinz Tomato Ketchup', 'Heinz Tomato Ketchup', '', 4, '0000-00-00', '0000-00-00', '1970-01-01', '1970-01-01', 'active', 0, 0, 0, '2014-02-26 06:14:51', 3),
(156, 'Alpen Blue No Sugar ', 221, 'yes', 'P-156', 'Alpen Blue No Sugar ', 'Alpen Blue No Sugar', 'Heinz Tomato Ketchup', 'Heinz Tomato Ketchup', 'Heinz Tomato Ketchup', '', 4, '0000-00-00', '0000-00-00', '1970-01-01', '1970-01-01', 'active', 0, 0, 0, '2014-02-26 06:16:58', 3),
(157, 'Iko High Fibre Daily ', 222, 'yes', 'P-157', 'Iko High Fibre Daily ', 'Iko High Fibre Daily', 'Heinz Tomato Ketchup', 'Heinz Tomato Ketchup', 'Heinz Tomato Ketchup', '', 4, '0000-00-00', '0000-00-00', '1970-01-01', '1970-01-01', 'active', 0, 0, 0, '2014-02-26 06:19:13', 3),
(158, 'Kellog''s Muesli - Country Store ', 223, 'yes', 'P-158', 'Kellog''s Muesli - Country Store ', 'Kellog''s Muesli - Country Store', 'Heinz Tomato Ketchup', 'Heinz Tomato Ketchup', 'Heinz Tomato Ketchup', '', 4, '0000-00-00', '0000-00-00', '1970-01-01', '1970-01-01', 'active', 0, 0, 0, '2014-02-26 06:21:36', 3),
(159, 'Nestle Cookies Crisp ', 224, 'yes', 'P-159', 'Nestle Cookies Crisp ', 'Nestle Cookies Crisp', 'Heinz Tomato Ketchup', 'Heinz Tomato Ketchup', 'Heinz Tomato Ketchup', '', 4, '0000-00-00', '0000-00-00', '1970-01-01', '1970-01-01', 'active', 0, 0, 0, '2014-02-26 06:23:56', 3),
(160, 'Nestle Corn Flakes ', 225, 'yes', 'P-160', 'Nestle Corn Flakes ', 'Nestle Corn Flakes', 'Heinz Tomato Ketchup', 'Heinz Tomato Ketchup', 'Heinz Tomato Ketchup', '', 4, '0000-00-00', '0000-00-00', '1970-01-01', '1970-01-01', 'active', 0, 0, 0, '2014-02-26 06:27:17', 3),
(161, 'Nestle Fitness Fruits ', 227, 'yes', 'P-161', 'Nestle Fitness Fruits ', 'Nestle Fitness Fruits', 'Heinz Tomato Ketchup', 'Heinz Tomato Ketchup', 'Heinz Tomato Ketchup', '', 4, '0000-00-00', '0000-00-00', '1970-01-01', '1970-01-01', 'active', 0, 0, 0, '2014-02-26 06:30:25', 3),
(162, 'Nestle Koko Krunch', 228, 'yes', 'P-162', 'Nestle Koko Krunch', 'Nestle Koko Krunch', 'Heinz Tomato Ketchup', 'Heinz Tomato Ketchup', 'Heinz Tomato Ketchup', '', 4, '0000-00-00', '0000-00-00', '1970-01-01', '1970-01-01', 'active', 0, 0, 0, '2014-02-26 06:50:35', 3),
(163, 'Quaker White Oats ', 229, 'yes', 'P-163', 'Quaker White Oats ', 'Quaker White Oats', 'Heinz Tomato Ketchup', 'Heinz Tomato Ketchup', 'Heinz Tomato Ketchup', '', 4, '0000-00-00', '0000-00-00', '1970-01-01', '1970-01-01', 'active', 0, 0, 0, '2014-02-26 06:55:33', 3),
(164, 'Tastie Breadcrumbs White Pack ', 230, 'yes', 'P-164', 'Tastie Breadcrumbs White Pack ', 'Tastie Breadcrumbs White Pack', 'Heinz Tomato Ketchup', 'Heinz Tomato Ketchup', 'Heinz Tomato Ketchup', '', 4, '0000-00-00', '0000-00-00', '1970-01-01', '1970-01-01', 'active', 0, 0, 0, '2014-02-26 07:06:20', 3),
(165, 'Alpen Original Swiss Recipe', 231, 'yes', 'P-165', 'Alpen Original Swiss Recipe', 'Alpen Original Swiss Recipe', 'Heinz Tomato Ketchup', 'Heinz Tomato Ketchup', 'Heinz Tomato Ketchup', '', 4, '0000-00-00', '0000-00-00', '1970-01-01', '1970-01-01', 'active', 0, 0, 0, '2014-02-26 07:19:40', 3),
(166, 'Carmans Natural Bircher Muesli ', 232, 'yes', 'P-166', 'Carmans Natural Bircher Muesli ', 'Carmans Natural Bircher Muesli', 'Heinz Tomato Ketchup', 'Heinz Tomato Ketchup', 'Heinz Tomato Ketchup', '', 4, '0000-00-00', '0000-00-00', '1970-01-01', '1970-01-01', 'active', 0, 0, 0, '2014-02-26 08:05:04', 3),
(167, 'Crown Choco Pops ', 233, 'yes', 'P-167', 'Crown Choco Pops ', 'Crown Choco Pops', 'Heinz Tomato Ketchup', 'Heinz Tomato Ketchup', 'Heinz Tomato Ketchup', '', 4, '0000-00-00', '0000-00-00', '1970-01-01', '1970-01-01', 'active', 0, 0, 0, '2014-02-26 08:08:24', 3),
(168, 'General Mills Cookie Crisp Cereal', 234, 'yes', 'P-168', 'General Mills Cookie Crisp Cereal', 'General Mills Cookie Crisp Cereal', 'Heinz Tomato Ketchup', 'Heinz Tomato Ketchup', 'Heinz Tomato Ketchup', '', 4, '0000-00-00', '0000-00-00', '1970-01-01', '1970-01-01', 'active', 0, 0, 0, '2014-02-26 08:10:17', 3),
(169, 'Tyton Nutribite Choco Crunch ', 235, 'yes', 'P-169', 'Tyton Nutribite Choco Crunch ', 'Tyton Nutribite Choco Crunch', 'Heinz Tomato Ketchup', 'Heinz Tomato Ketchup', 'Heinz Tomato Ketchup', '', 4, '0000-00-00', '0000-00-00', '1970-01-01', '1970-01-01', 'active', 0, 0, 0, '2014-02-26 08:12:32', 3),
(170, 'Tyton Nutribite Corn Flakes', 236, 'yes', 'P-170', 'Tyton Nutribite Corn Flakes', 'Tyton Nutribite Corn Flakes', 'Heinz Tomato Ketchup', 'Heinz Tomato Ketchup', 'Heinz Tomato Ketchup', '', 4, '0000-00-00', '0000-00-00', '1970-01-01', '1970-01-01', 'active', 0, 0, 0, '2014-02-26 08:15:40', 3),
(171, 'Whole Grain Kix Crispy Corn', 237, 'yes', 'P-171', 'Whole Grain Kix Crispy Corn', 'Whole Grain Kix Crispy Corn', 'Heinz Tomato Ketchup', 'Heinz Tomato Ketchup', 'Heinz Tomato Ketchup', '', 4, '0000-00-00', '0000-00-00', '1970-01-01', '1970-01-01', 'active', 0, 0, 0, '2014-02-26 08:17:55', 3);
INSERT INTO `products` (`product_id`, `product_title`, `product_default_inventory_id`, `product_is_express`, `product_sku`, `product_short_description`, `product_long_description`, `product_meta_title`, `product_meta_keywords`, `product_meta_description`, `product_tags`, `product_priority`, `product_show_as_new_from`, `product_show_as_new_to`, `product_show_as_featured_from`, `product_show_as_featured_to`, `product_status`, `product_total_viewed`, `product_total_sale`, `product_tax_class_id`, `product_updated`, `product_updated_by`) VALUES
(172, 'Brooke Bond Taaza Tea Poly ', 239, 'yes', 'P-172', 'Brooke Bond Taaza Tea Poly ', 'Brooke Bond Taaza Tea Poly', 'Heinz Tomato Ketchup', 'Heinz Tomato Ketchup', 'Heinz Tomato Ketchup', '', 3, '0000-00-00', '0000-00-00', '1970-01-01', '1970-01-01', 'active', 0, 0, 0, '2014-02-26 09:01:40', 3),
(173, 'Tetley Premium Leaf Tea ', 242, 'yes', 'P-173', 'Tetley Premium Leaf Tea ', 'Tetley Premium Leaf Tea', 'Heinz Tomato Ketchup', 'Heinz Tomato Ketchup', 'Heinz Tomato Ketchup', '', 4, '0000-00-00', '0000-00-00', '1970-01-01', '1970-01-01', 'active', 0, 0, 0, '2014-02-26 09:05:23', 3),
(174, 'Tetley Premium Tea Bags ', 243, 'yes', 'P-174', 'Tetley Premium Tea Bags ', 'Tetley Premium Tea Bags', 'Heinz Tomato Ketchup', 'Heinz Tomato Ketchup', 'Heinz Tomato Ketchup', '', 4, '0000-00-00', '0000-00-00', '1970-01-01', '1970-01-01', 'active', 0, 0, 0, '2014-02-26 09:07:53', 3),
(175, 'Australian apple', 248, 'yes', 'P-175', 'Australian apple', 'Australian apple', 'Heinz Tomato Ketchup', 'Heinz Tomato Ketchup', 'Heinz Tomato Ketchup', '', 4, '0000-00-00', '0000-00-00', '1970-01-01', '1970-01-01', 'active', 0, 0, 0, '2014-02-27 04:16:02', 3),
(176, 'Aarong Butter ', 250, 'yes', 'P-176', 'Aarong Butter', 'Aarong Butter', 'Heinz Tomato Ketchup', 'Heinz Tomato Ketchup', 'Heinz Tomato Ketchup', '', 4, '0000-00-00', '0000-00-00', '1970-01-01', '1970-01-01', 'active', 0, 0, 0, '2014-02-27 04:28:45', 3),
(177, 'Banana (Deshi Shagor Kola) ', 249, 'yes', 'P-177', 'Banana (Deshi Shagor Kola)', 'Banana (Deshi Shagor Kola)', 'Heinz Tomato Ketchup', 'Heinz Tomato Ketchup', 'Heinz Tomato Ketchup', '', 3, '0000-00-00', '0000-00-00', '1970-01-01', '1970-01-01', 'active', 0, 0, 0, '2014-02-27 04:52:01', 3),
(178, 'Anchor Unsalted Butter ', 251, 'yes', 'P-178', 'Anchor Unsalted Butter ', 'Anchor Unsalted Butter', 'Heinz Tomato Ketchup', 'Heinz Tomato Ketchup', 'Heinz Tomato Ketchup', '', 4, '0000-00-00', '0000-00-00', '1970-01-01', '1970-01-01', 'active', 0, 0, 0, '2014-02-27 04:55:23', 3),
(179, 'Banana (Nepali Shagor Kola) ', 252, 'yes', 'P-179', 'Banana (Nepali Shagor Kola)', 'Banana (Nepali Shagor Kola)', 'Heinz Tomato Ketchup', 'Heinz Tomato Ketchup', 'Heinz Tomato Ketchup', '', 4, '0000-00-00', '0000-00-00', '1970-01-01', '1970-01-01', 'active', 0, 0, 0, '2014-02-27 04:56:38', 3),
(180, 'Lurpak Butter ', 253, 'yes', 'P-180', 'Lurpak Butter ', 'Lurpak Butter', 'Heinz Tomato Ketchup', 'Heinz Tomato Ketchup', 'Heinz Tomato Ketchup', '', 4, '0000-00-00', '0000-00-00', '1970-01-01', '1970-01-01', 'active', 0, 0, 0, '2014-02-27 04:57:19', 3),
(181, 'Westgold Unsalted Butter ', 254, 'yes', 'P-181', 'Westgold Unsalted Butter ', 'Westgold Unsalted Butter', 'Heinz Tomato Ketchup', 'Heinz Tomato Ketchup', 'Heinz Tomato Ketchup', '', 4, '0000-00-00', '0000-00-00', '1970-01-01', '1970-01-01', 'active', 0, 0, 0, '2014-02-27 05:00:14', 3),
(182, 'Black grapes ', 255, 'yes', 'P-182', 'Black grapes', 'Black grapes', 'Heinz Tomato Ketchup', 'Heinz Tomato Ketchup', 'Heinz Tomato Ketchup', '', 3, '0000-00-00', '0000-00-00', '1970-01-01', '1970-01-01', 'active', 0, 0, 0, '2014-02-27 05:01:05', 3),
(183, 'Grand''Or butter ', 256, 'yes', 'P-183', 'Lurpak Butter ', 'Grand''Or butter', 'Heinz Tomato Ketchup', 'Heinz Tomato Ketchup', 'Heinz Tomato Ketchup', '', 4, '0000-00-00', '0000-00-00', '1970-01-01', '1970-01-01', 'inactive', 0, 0, 0, '2014-02-27 05:02:08', 3),
(184, 'Milk Vita Butter ', 258, 'yes', 'P-184', 'Milk Vita Butter ', 'Milk Vita Butter', 'Heinz Tomato Ketchup', 'Heinz Tomato Ketchup', 'Heinz Tomato Ketchup', '', 4, '0000-00-00', '0000-00-00', '1970-01-01', '1970-01-01', 'active', 0, 0, 0, '2014-02-27 05:28:16', 3),
(185, 'Red Cow Butter Oil ', 259, 'yes', 'P-185', 'Red Cow Butter Oil ', 'Red Cow Butter Oil', 'Heinz Tomato Ketchup', 'Heinz Tomato Ketchup', 'Heinz Tomato Ketchup', '', 4, '0000-00-00', '0000-00-00', '1970-01-01', '1970-01-01', 'active', 0, 0, 0, '2014-02-27 05:29:58', 3),
(186, 'La Vache Qui Rit Cheese ', 261, 'yes', 'P-186', 'La Vache Qui Rit Cheese ', 'La Vache Qui Rit Cheese', 'Heinz Tomato Ketchup', 'Heinz Tomato Ketchup', 'Heinz Tomato Ketchup', '', 4, '0000-00-00', '0000-00-00', '1970-01-01', '1970-01-01', 'active', 0, 0, 0, '2014-02-27 05:43:09', 3),
(187, 'Philadelphia Cream Cheese Spread ', 262, 'yes', 'P-187', 'Philadelphia Cream Cheese Spread ', 'Philadelphia Cream Cheese Spread', 'Heinz Tomato Ketchup', 'Heinz Tomato Ketchup', 'Heinz Tomato Ketchup', '', 4, '0000-00-00', '0000-00-00', '1970-01-01', '1970-01-01', 'active', 0, 0, 0, '2014-02-27 05:45:09', 3),
(188, 'Kraft Original Philadelphia Cream Cheese ', 263, 'yes', 'P-188', 'Kraft Original Philadelphia Cream Cheese ', 'Kraft Original Philadelphia Cream Cheese', 'Heinz Tomato Ketchup', 'Heinz Tomato Ketchup', 'Heinz Tomato Ketchup', '', 4, '0000-00-00', '0000-00-00', '1970-01-01', '1970-01-01', 'active', 0, 0, 0, '2014-02-27 05:47:49', 3),
(189, 'Eru Goudkuipje Krauter/Hierbas ', 264, 'yes', 'P-189', 'Eru Goudkuipje Krauter/Hierbas ', 'Eru Goudkuipje Krauter/Hierbas', 'Heinz Tomato Ketchup', 'Heinz Tomato Ketchup', 'Heinz Tomato Ketchup', '', 4, '0000-00-00', '0000-00-00', '1970-01-01', '1970-01-01', 'active', 0, 0, 0, '2014-02-27 05:49:31', 3),
(190, 'Kissan Processed Cheese ', 265, 'yes', 'P-190', 'Kissan Processed Cheese ', 'Kissan Processed Cheese', 'Heinz Tomato Ketchup', 'Heinz Tomato Ketchup', 'Heinz Tomato Ketchup', '', 4, '0000-00-00', '0000-00-00', '1970-01-01', '1970-01-01', 'active', 0, 0, 0, '2014-02-27 05:51:09', 3),
(191, 'Kraft Cheddar Processed Cheese ', 266, 'yes', 'P-191', 'Kraft Cheddar Processed Cheese ', 'Kraft Cheddar Processed Cheese', 'Heinz Tomato Ketchup', 'Heinz Tomato Ketchup', 'Heinz Tomato Ketchup', '', 4, '0000-00-00', '0000-00-00', '1970-01-01', '1970-01-01', 'active', 0, 0, 0, '2014-02-27 05:53:38', 3),
(192, 'Kraft Original Cream Cheese Spread', 267, 'yes', 'P-192', 'Kraft Original Cream Cheese Spread', 'Kraft Original Cream Cheese Spread', 'Heinz Tomato Ketchup', 'Heinz Tomato Ketchup', 'Heinz Tomato Ketchup', '', 4, '0000-00-00', '0000-00-00', '1970-01-01', '1970-01-01', 'active', 0, 0, 0, '2014-02-27 05:55:14', 3),
(193, 'Aarong Strawberry UHT Yoghurt Drink ', 269, 'yes', 'P-193', 'Aarong Strawberry UHT Yoghurt Drink ', 'Aarong Strawberry UHT Yoghurt Drink', 'Heinz Tomato Ketchup', 'Heinz Tomato Ketchup', 'Heinz Tomato Ketchup', '', 4, '0000-00-00', '0000-00-00', '1970-01-01', '1970-01-01', 'active', 0, 0, 0, '2014-02-27 06:00:58', 3),
(194, 'Aarong Sour Curd ', 270, 'yes', 'P-194', 'Aarong Sour Curd ', 'Aarong Sour Curd', 'Heinz Tomato Ketchup', 'Heinz Tomato Ketchup', 'Heinz Tomato Ketchup', '', 4, '0000-00-00', '0000-00-00', '1970-01-01', '1970-01-01', 'active', 0, 0, 0, '2014-02-27 06:02:45', 3),
(195, 'Shakti Doi (Yogurt)', 271, 'yes', 'P-195', 'Shakti Doi (Yogurt)', 'Shakti Doi (Yogurt)', 'Heinz Tomato Ketchup', 'Heinz Tomato Ketchup', 'Heinz Tomato Ketchup', '', 4, '0000-00-00', '0000-00-00', '1970-01-01', '1970-01-01', 'active', 0, 0, 0, '2014-02-27 06:04:15', 3),
(196, 'China fuji apple', 272, 'yes', 'P-196', 'China fuji apple', 'China fuji apple', 'Heinz Tomato Ketchup', 'Heinz Tomato Ketchup', 'Heinz Tomato Ketchup', '', 5, '0000-00-00', '0000-00-00', '1970-01-01', '1970-01-01', 'active', 0, 0, 0, '2014-02-27 06:31:30', 3),
(197, 'Elit Choco Eggy', 273, 'yes', 'P-197', 'Elit Choco Eggy', 'Elit Choco Eggy', 'Heinz Tomato Ketchup', 'Heinz Tomato Ketchup', 'Heinz Tomato Ketchup', '', 4, '0000-00-00', '0000-00-00', '1970-01-01', '1970-01-01', 'active', 0, 0, 0, '2014-02-27 06:40:56', 3),
(198, 'Alpenliebe Creamfills Xtra ', 274, 'yes', 'P-198', 'Alpenliebe Creamfills Xtra ', 'Alpenliebe Creamfills Xtra', 'Heinz Tomato Ketchup', 'Heinz Tomato Ketchup', 'Heinz Tomato Ketchup', '', 4, '0000-00-00', '0000-00-00', '1970-01-01', '1970-01-01', 'active', 0, 0, 0, '2014-02-27 06:44:40', 3),
(199, 'Coconut ', 276, 'yes', 'P-199', 'Coconut', 'Coconut', 'Heinz Tomato Ketchup', 'Heinz Tomato Ketchup', 'Heinz Tomato Ketchup', '', 3, '0000-00-00', '0000-00-00', '1970-01-01', '1970-01-01', 'active', 0, 0, 0, '2014-02-27 06:46:34', 3),
(200, 'Bounty Chocolate ', 275, 'yes', 'P-200', 'Bounty Chocolate ', 'Bounty Chocolate', 'Heinz Tomato Ketchup', 'Heinz Tomato Ketchup', 'Heinz Tomato Ketchup', '', 4, '0000-00-00', '0000-00-00', '1970-01-01', '1970-01-01', 'active', 0, 0, 0, '2014-02-27 06:46:57', 3),
(201, 'Dilshan apple ', 277, 'yes', 'P-201', 'Dilshan apple', 'Dilshan apple', 'Heinz Tomato Ketchup', 'Heinz Tomato Ketchup', 'Heinz Tomato Ketchup', '', 4, '0000-00-00', '0000-00-00', '1970-01-01', '1970-01-01', 'active', 0, 0, 0, '2014-02-27 06:50:54', 3),
(202, 'Green apple ', 278, 'yes', 'P-202', 'Green apple', 'Green apple', 'Heinz Tomato Ketchup', 'Heinz Tomato Ketchup', 'Heinz Tomato Ketchup', '', 3, '0000-00-00', '0000-00-00', '1970-01-01', '1970-01-01', 'active', 0, 0, 0, '2014-02-27 06:52:57', 3),
(203, 'Green coconut (Daab)', 279, 'yes', 'P-203', 'Green coconut (Daab)', 'Green coconut (Daab)', 'Heinz Tomato Ketchup', 'Heinz Tomato Ketchup', 'Heinz Tomato Ketchup', '', 4, '0000-00-00', '0000-00-00', '1970-01-01', '1970-01-01', 'active', 0, 0, 0, '2014-02-27 06:53:15', 3),
(204, 'Green grapes ', 280, 'yes', 'P-204', 'Green grapes ', 'Green grapes', 'Heinz Tomato Ketchup', 'Heinz Tomato Ketchup', 'Heinz Tomato Ketchup', '', 3, '0000-00-00', '0000-00-00', '1970-01-01', '1970-01-01', 'active', 0, 0, 0, '2014-02-27 06:57:23', 3),
(205, 'Guava ', 281, 'yes', 'P-205', 'Guava ', 'Guava', 'Heinz Tomato Ketchup', 'Heinz Tomato Ketchup', 'Heinz Tomato Ketchup', '', 4, '0000-00-00', '0000-00-00', '1970-01-01', '1970-01-01', 'active', 0, 0, 0, '2014-02-27 06:57:32', 3),
(206, 'Khurma ', 282, 'yes', 'P-206', 'Khurma', 'Khurma', 'Heinz Tomato Ketchup', 'Heinz Tomato Ketchup', 'Heinz Tomato Ketchup', '', 3, '0000-00-00', '0000-00-00', '1970-01-01', '1970-01-01', 'active', 0, 0, 0, '2014-02-27 07:01:57', 3),
(207, 'Malta ', 283, 'yes', 'P-207', 'Malta', 'Malta', 'Heinz Tomato Ketchup', 'Heinz Tomato Ketchup', 'Heinz Tomato Ketchup', '', 4, '0000-00-00', '0000-00-00', '1970-01-01', '1970-01-01', 'active', 0, 0, 0, '2014-02-27 07:02:07', 3),
(208, 'Orange', 286, 'yes', 'P-208', 'Orange', 'Orange', 'Heinz Tomato Ketchup', 'Heinz Tomato Ketchup', 'Heinz Tomato Ketchup', '', 3, '0000-00-00', '0000-00-00', '1970-01-01', '1970-01-01', 'active', 0, 0, 0, '2014-02-27 07:10:53', 3),
(209, 'Pineapple ', 287, 'yes', 'P-209', 'Pineapple ', 'Pineapple', 'Heinz Tomato Ketchup', 'Heinz Tomato Ketchup', 'Heinz Tomato Ketchup', '', 4, '0000-00-00', '0000-00-00', '1970-01-01', '1970-01-01', 'active', 0, 0, 0, '2014-02-27 07:11:05', 3),
(210, 'Bounty Minis Chocolate Pack ', 284, 'yes', 'P-210', 'Bounty Minis Chocolate Pack ', 'Bounty Minis Chocolate Pack', 'Heinz Tomato Ketchup', 'Heinz Tomato Ketchup', 'Heinz Tomato Ketchup', '', 4, '0000-00-00', '0000-00-00', '1970-01-01', '1970-01-01', 'active', 0, 0, 0, '2014-02-27 07:16:13', 3),
(211, 'Brownly Umbralla Choco Strawberry', 285, 'yes', 'P-211', 'Brownly Umbralla Choco Strawberry', 'Brownly Umbralla Choco Strawberry', 'Heinz Tomato Ketchup', 'Heinz Tomato Ketchup', 'Heinz Tomato Ketchup', '', 4, '0000-00-00', '0000-00-00', '1970-01-01', '1970-01-01', 'active', 0, 0, 0, '2014-02-27 07:20:26', 3),
(212, 'Cadbury Bournville Almond Chocolate ', 288, 'yes', 'P-212', 'Cadbury Bournville Almond Chocolate ', 'Cadbury Bournville Almond Chocolate', 'Heinz Tomato Ketchup', 'Heinz Tomato Ketchup', 'Heinz Tomato Ketchup', '', 3, '0000-00-00', '0000-00-00', '1970-01-01', '1970-01-01', 'active', 0, 0, 0, '2014-02-27 07:24:20', 3),
(213, 'Cadbury Bournville R&N Chocolate', 289, 'yes', 'P-213', 'Cadbury Bournville R&N Chocolate', 'Cadbury Bournville R&amp;N Chocolate', 'Heinz Tomato Ketchup', 'Heinz Tomato Ketchup', 'Heinz Tomato Ketchup', '', 4, '0000-00-00', '0000-00-00', '1970-01-01', '1970-01-01', 'active', 0, 0, 0, '2014-02-27 07:31:52', 3),
(214, 'Cadbury Dairy Milk ', 290, 'yes', 'P-214', 'Cadbury Dairy Milk ', 'Cadbury Dairy Milk', 'Heinz Tomato Ketchup', 'Heinz Tomato Ketchup', 'Heinz Tomato Ketchup', '', 4, '0000-00-00', '0000-00-00', '1970-01-01', '1970-01-01', 'active', 0, 0, 0, '2014-02-27 07:33:14', 3),
(215, 'Red grapes ', 291, 'yes', 'P-215', 'Red grapes', 'Red grapes', 'Heinz Tomato Ketchup', 'Heinz Tomato Ketchup', 'Heinz Tomato Ketchup', '', 3, '0000-00-00', '0000-00-00', '1970-01-01', '1970-01-01', 'active', 0, 0, 0, '2014-02-27 07:41:21', 3),
(216, 'Cadbury Dairy Milk Bar ', 294, 'yes', 'P-216', 'Cadbury Dairy Milk Bar ', 'Cadbury Dairy Milk Bar', 'Heinz Tomato Ketchup', 'Heinz Tomato Ketchup', 'Heinz Tomato Ketchup', '', 4, '0000-00-00', '0000-00-00', '1970-01-01', '1970-01-01', 'active', 0, 0, 0, '2014-02-27 08:39:44', 3),
(217, 'Cadbury Dairy Milk Caramel ', 295, 'yes', 'P-217', 'Cadbury Dairy Milk Caramel ', 'Cadbury Dairy Milk Caramel', 'Heinz Tomato Ketchup', 'Heinz Tomato Ketchup', 'Heinz Tomato Ketchup', '', 4, '0000-00-00', '0000-00-00', '1970-01-01', '1970-01-01', 'active', 0, 0, 0, '2014-02-27 08:43:55', 3),
(218, 'Lemon (long) ', 296, 'yes', 'P-218', 'Lemon (long)', 'Lemon (long)', 'Heinz Tomato Ketchup', 'Heinz Tomato Ketchup', 'Heinz Tomato Ketchup', '', 4, '0000-00-00', '0000-00-00', '1970-01-01', '1970-01-01', 'active', 0, 0, 0, '2014-02-27 08:54:40', 3),
(219, 'Lettuce leaf ', 297, 'yes', 'P-219', 'Lettuce leaf ', 'Lettuce leaf', 'Heinz Tomato Ketchup', 'Heinz Tomato Ketchup', 'Heinz Tomato Ketchup', '', 3, '0000-00-00', '0000-00-00', '1970-01-01', '1970-01-01', 'active', 0, 0, 0, '2014-02-27 08:54:59', 3),
(220, 'Red spinach (lal shak) ', 298, 'yes', 'P-220', 'Red spinach (lal shak)', 'Red spinach (lal shak)', 'Heinz Tomato Ketchup', 'Heinz Tomato Ketchup', 'Heinz Tomato Ketchup', '', 3, '0000-00-00', '0000-00-00', '1970-01-01', '1970-01-01', 'active', 0, 0, 0, '2014-02-27 08:55:23', 3),
(221, 'Round brinjals (Begun)', 299, 'yes', 'P-221', 'Round brinjals (Begun)', 'Round brinjals (Begun)', 'Heinz Tomato Ketchup', 'Heinz Tomato Ketchup', 'Heinz Tomato Ketchup', '', 4, '0000-00-00', '0000-00-00', '1970-01-01', '1970-01-01', 'active', 0, 0, 0, '2014-02-27 08:55:39', 3),
(222, 'Spinach (pui shak) ', 301, 'yes', 'P-222', 'Spinach (pui shak)', 'Spinach (pui shak)', 'Heinz Tomato Ketchup', 'Heinz Tomato Ketchup', 'Heinz Tomato Ketchup', '', 4, '0000-00-00', '0000-00-00', '1970-01-01', '1970-01-01', 'active', 0, 0, 0, '2014-02-27 08:56:00', 3),
(223, 'Bitter gourd (korola) ', 300, 'yes', 'P-223', 'Bitter gourd (korola)', 'Bitter gourd (korola)', 'Heinz Tomato Ketchup', 'Heinz Tomato Ketchup', 'Heinz Tomato Ketchup', '', 3, '0000-00-00', '0000-00-00', '1970-01-01', '1970-01-01', 'active', 0, 0, 0, '2014-02-27 09:10:07', 3),
(224, 'Cadbury Dairy Milk Silk', 302, 'yes', 'P-224', 'Cadbury Dairy Milk Silk', 'Cadbury Dairy Milk Silk', 'Heinz Tomato Ketchup', 'Heinz Tomato Ketchup', 'Heinz Tomato Ketchup', '', 4, '0000-00-00', '0000-00-00', '1970-01-01', '1970-01-01', 'active', 0, 0, 0, '2014-02-27 09:10:40', 3),
(225, 'Cadbury Dairy Milk Silk Fruit & Nut ', 303, 'yes', 'P-225', 'Cadbury Dairy Milk Silk Fruit & Nut ', 'Cadbury Dairy Milk Silk Fruit &amp; Nut', 'Heinz Tomato Ketchup', 'Heinz Tomato Ketchup', 'Heinz Tomato Ketchup', '', 4, '0000-00-00', '0000-00-00', '1970-01-01', '1970-01-01', 'active', 0, 0, 0, '2014-02-27 09:16:03', 3),
(226, 'Brinjal (begun) long', 304, 'yes', 'P-226', 'Brinjal (begun) long', 'Brinjal (begun) long', 'Heinz Tomato Ketchup', 'Heinz Tomato Ketchup', 'Heinz Tomato Ketchup', '', 3, '0000-00-00', '0000-00-00', '1970-01-01', '1970-01-01', 'active', 0, 0, 0, '2014-02-27 09:56:54', 3),
(227, 'Carrot (gajor) ', 305, 'yes', 'P-227', 'Carrot (gajor)', 'Carrot (gajor)', 'Heinz Tomato Ketchup', 'Heinz Tomato Ketchup', 'Heinz Tomato Ketchup', '', 4, '0000-00-00', '0000-00-00', '1970-01-01', '1970-01-01', 'active', 0, 0, 0, '2014-02-27 09:57:27', 3),
(228, 'Cauiliflower (phul kopi) ', 307, 'yes', 'P-228', 'Cauiliflower (phul kopi)', 'Cauiliflower (phul kopi)', 'Heinz Tomato Ketchup', 'Heinz Tomato Ketchup', 'Heinz Tomato Ketchup', '', 5, '0000-00-00', '0000-00-00', '1970-01-01', '1970-01-01', 'active', 0, 0, 0, '2014-02-27 09:57:56', 3),
(229, 'Coriander leaves (dhoniya)', 306, 'yes', 'P-229', 'Coriander leaves (dhoniya)', 'Coriander leaves (dhoniya)', 'Heinz Tomato Ketchup', 'Heinz Tomato Ketchup', 'Heinz Tomato Ketchup', '', 3, '0000-00-00', '0000-00-00', '1970-01-01', '1970-01-01', 'active', 0, 0, 0, '2014-02-27 09:58:16', 3),
(230, 'Cucumber (shosha)', 308, 'yes', 'P-230', 'Cucumber (shosha)', 'Cucumber (shosha)', 'Heinz Tomato Ketchup', 'Heinz Tomato Ketchup', 'Heinz Tomato Ketchup', '', 3, '0000-00-00', '0000-00-00', '1970-01-01', '1970-01-01', 'active', 0, 0, 0, '2014-02-27 09:58:36', 3),
(231, 'Garlic (roshun) ', 309, 'yes', 'P-231', 'Garlic (roshun)', 'Garlic (roshun)', 'Heinz Tomato Ketchup', 'Heinz Tomato Ketchup', 'Heinz Tomato Ketchup', '', 3, '0000-00-00', '0000-00-00', '1970-01-01', '1970-01-01', 'active', 0, 0, 0, '2014-02-27 09:59:00', 3),
(232, 'Ginger (ada)', 310, 'yes', 'P-232', 'Ginger (ada)', 'Ginger (ada)', 'Heinz Tomato Ketchup', 'Heinz Tomato Ketchup', 'Heinz Tomato Ketchup', '', 5, '0000-00-00', '0000-00-00', '1970-01-01', '1970-01-01', 'active', 0, 0, 0, '2014-02-27 09:59:16', 3),
(233, 'Gourd (lau)', 311, 'yes', 'P-233', 'Gourd (lau)', 'Gourd (lau)', 'Heinz Tomato Ketchup', 'Heinz Tomato Ketchup', 'Heinz Tomato Ketchup', '', 3, '0000-00-00', '0000-00-00', '1970-01-01', '1970-01-01', 'active', 0, 0, 0, '2014-02-27 09:59:36', 3),
(234, 'Green chilli (kacha morich) ', 312, 'yes', 'P-234', 'Green chilli (kacha morich)', 'Green chilli (kacha morich)', 'Heinz Tomato Ketchup', 'Heinz Tomato Ketchup', 'Heinz Tomato Ketchup', '', 3, '0000-00-00', '0000-00-00', '1970-01-01', '1970-01-01', 'active', 0, 0, 0, '2014-02-27 10:17:23', 3),
(235, 'Cadbury Dairy Milk Silk Milk Chocolate ', 0, 'yes', 'P-235', '', 'Cadbury Dairy Milk Silk Milk Chocolate', 'Heinz Tomato Ketchup', 'Heinz Tomato Ketchup', 'Heinz Tomato Ketchup', '', 4, '0000-00-00', '0000-00-00', '0000-00-00', '0000-00-00', 'active', 0, 0, 0, '2014-02-27 10:22:35', 3),
(236, 'Green papaya', 313, 'yes', 'P-236', 'Green papaya', 'Green papaya', 'Heinz Tomato Ketchup', 'Heinz Tomato Ketchup', 'Heinz Tomato Ketchup', '', 3, '0000-00-00', '0000-00-00', '1970-01-01', '1970-01-01', 'active', 0, 0, 0, '2014-02-27 10:22:50', 3),
(237, 'Ladies finger (bhendi) ', 314, 'yes', 'P-237', 'Ladies finger (bhendi)', 'Ladies finger (bhendi)', 'Heinz Tomato Ketchup', 'Heinz Tomato Ketchup', 'Heinz Tomato Ketchup', '', 4, '0000-00-00', '0000-00-00', '1970-01-01', '1970-01-01', 'active', 0, 0, 0, '2014-02-27 10:23:14', 3),
(238, 'Lemon (round) ', 315, 'yes', 'P-238', 'Lemon (round)', 'Lemon (round)', 'Heinz Tomato Ketchup', 'Heinz Tomato Ketchup', 'Heinz Tomato Ketchup', '', 4, '0000-00-00', '0000-00-00', '1970-01-01', '1970-01-01', 'active', 0, 0, 0, '2014-02-27 10:23:31', 3),
(239, 'Onion (deshi piyaj)', 316, 'yes', 'P-239', 'Onion (deshi piyaj)', 'Onion (deshi piyaj)', 'Heinz Tomato Ketchup', 'Heinz Tomato Ketchup', 'Heinz Tomato Ketchup', '', 4, '0000-00-00', '0000-00-00', '1970-01-01', '1970-01-01', 'active', 0, 0, 0, '2014-02-27 10:24:09', 3),
(240, 'Potol', 318, 'yes', 'P-240', 'Potol', 'Potol', 'Heinz Tomato Ketchup', 'Heinz Tomato Ketchup', 'Heinz Tomato Ketchup', '', 3, '0000-00-00', '0000-00-00', '1970-01-01', '1970-01-01', 'active', 0, 0, 0, '2014-02-27 10:35:10', 3),
(241, 'Potato (aloo) ', 317, 'yes', 'P-241', 'Potato (aloo)', 'Potato (aloo)', 'Heinz Tomato Ketchup', 'Heinz Tomato Ketchup', 'Heinz Tomato Ketchup', '', 3, '0000-00-00', '0000-00-00', '1970-01-01', '1970-01-01', 'active', 0, 0, 0, '2014-02-27 10:35:25', 3),
(242, 'Pudina leaves ', 319, 'yes', 'P-242', 'Pudina leaves', 'Pudina leaves', 'Heinz Tomato Ketchup', 'Heinz Tomato Ketchup', 'Heinz Tomato Ketchup', '', 4, '0000-00-00', '0000-00-00', '1970-01-01', '1970-01-01', 'active', 0, 0, 0, '2014-02-27 10:35:39', 3),
(243, 'Tomato ', 320, 'yes', 'P-243', 'Tomato', 'Tomato', 'Heinz Tomato Ketchup', 'Heinz Tomato Ketchup', 'Heinz Tomato Ketchup', '', 3, '0000-00-00', '0000-00-00', '1970-01-01', '1970-01-01', 'active', 0, 0, 0, '2014-02-27 10:40:52', 3),
(244, 'Aarong Strawberry UHT Yoghurt Drink ', 321, 'yes', 'P-244', 'Aarong Strawberry UHT Yoghurt Drink ', 'Aarong Strawberry UHT Yoghurt Drink', 'Heinz Tomato Ketchup', 'Heinz Tomato Ketchup', 'Heinz Tomato Ketchup', '', 4, '0000-00-00', '0000-00-00', '1970-01-01', '1970-01-01', 'active', 0, 0, 0, '2014-03-01 05:34:33', 3),
(245, 'Cowhead Chocolate Milk', 322, 'yes', 'P-245', 'Cowhead Chocolate Milk', 'Cowhead Chocolate Milk', 'Heinz Tomato Ketchup', 'Heinz Tomato Ketchup', 'Heinz Tomato Ketchup', '', 4, '0000-00-00', '0000-00-00', '1970-01-01', '1970-01-01', 'active', 0, 0, 0, '2014-03-01 05:36:48', 3),
(246, 'Cowhead Strawberry Milk ', 323, 'yes', 'P-246', 'Cowhead Strawberry Milk ', 'Cowhead Strawberry Milk', 'Heinz Tomato Ketchup', 'Heinz Tomato Ketchup', 'Heinz Tomato Ketchup', '', 4, '0000-00-00', '0000-00-00', '1970-01-01', '1970-01-01', 'active', 0, 0, 0, '2014-03-01 05:38:57', 3),
(247, 'Day Fresh Full Cream Pasteurized Milk ', 324, 'yes', 'P-247', 'Day Fresh Full Cream Pasteurized Milk ', 'Day Fresh Full Cream Pasteurized Milk', 'Heinz Tomato Ketchup', 'Heinz Tomato Ketchup', 'Heinz Tomato Ketchup', '', 4, '0000-00-00', '0000-00-00', '1970-01-01', '1970-01-01', 'active', 0, 0, 0, '2014-03-01 05:41:27', 3),
(248, 'Millac Gold Heavy Whipping Cream ', 328, 'yes', 'P-248', 'Millac Gold Heavy Whipping Cream ', 'Millac Gold Heavy Whipping Cream', 'Heinz Tomato Ketchup', 'Heinz Tomato Ketchup', 'Heinz Tomato Ketchup', '', 3, '0000-00-00', '0000-00-00', '1970-01-01', '1970-01-01', 'active', 0, 0, 0, '2014-03-01 05:57:37', 3),
(249, 'Aarong Full Cream Liquid Milk ', 330, 'yes', 'P-249', 'Aarong Full Cream Liquid Milk ', 'Aarong Full Cream Liquid Milk', 'Heinz Tomato Ketchup', 'Heinz Tomato Ketchup', 'Heinz Tomato Ketchup', '', 3, '0000-00-00', '0000-00-00', '1970-01-01', '1970-01-01', 'active', 0, 0, 0, '2014-03-01 05:59:50', 3),
(250, 'Danish Condensed Milk ', 331, 'yes', 'P-250', 'Danish Condensed Milk ', 'Danish Condensed Milk', 'Heinz Tomato Ketchup', 'Heinz Tomato Ketchup', 'Heinz Tomato Ketchup', '', 3, '0000-00-00', '0000-00-00', '1970-01-01', '1970-01-01', 'active', 0, 0, 0, '2014-03-01 06:08:51', 3),
(251, 'Dano Full Cream Milk Powder', 332, 'yes', 'P-251', 'Dano Full Cream Milk Powder', 'Dano Full Cream Milk Powder', 'Heinz Tomato Ketchup', 'Heinz Tomato Ketchup', 'Heinz Tomato Ketchup', '', 3, '0000-00-00', '0000-00-00', '1970-01-01', '1970-01-01', 'active', 0, 0, 0, '2014-03-01 06:14:40', 3),
(252, 'Dano Full Cream Milk Powder Box ', 335, 'yes', 'P-252', 'Dano Full Cream Milk Powder Box ', 'Dano Full Cream Milk Powder Box', 'Heinz Tomato Ketchup', 'Heinz Tomato Ketchup', 'Heinz Tomato Ketchup', '', 3, '0000-00-00', '0000-00-00', '1970-01-01', '1970-01-01', 'active', 0, 0, 0, '2014-03-01 06:19:13', 3),
(253, 'Dano Full Cream Milk Powder Tin ', 336, 'yes', 'P-253', 'Dano Full Cream Milk Powder Tin ', 'Dano Full Cream Milk Powder Tin', 'Heinz Tomato Ketchup', 'Heinz Tomato Ketchup', 'Heinz Tomato Ketchup', '', 3, '0000-00-00', '0000-00-00', '1970-01-01', '1970-01-01', 'active', 0, 0, 0, '2014-03-01 06:23:41', 3),
(254, 'Dano Sterilized Cream ', 337, 'yes', 'P-254', 'Dano Sterilized Cream ', 'Dano Sterilized Cream', 'Heinz Tomato Ketchup', 'Heinz Tomato Ketchup', 'Heinz Tomato Ketchup', '', 5, '0000-00-00', '0000-00-00', '1970-01-01', '1970-01-01', 'active', 0, 0, 0, '2014-03-01 06:26:58', 3),
(255, 'Diploma Full Cream Milk Powder ', 338, 'yes', 'P-255', 'Diploma Full Cream Milk Powder ', 'Diploma Full Cream Milk Powder', 'Heinz Tomato Ketchup', 'Heinz Tomato Ketchup', 'Heinz Tomato Ketchup', '', 5, '0000-00-00', '0000-00-00', '1970-01-01', '1970-01-01', 'active', 0, 0, 0, '2014-03-01 06:29:02', 3),
(256, 'Farm Fresh Chocolate Milk ', 342, 'yes', 'P-256', 'Farm Fresh Chocolate Milk ', 'Farm Fresh Chocolate Milk', 'Heinz Tomato Ketchup', 'Heinz Tomato Ketchup', 'Heinz Tomato Ketchup', '', 3, '0000-00-00', '0000-00-00', '1970-01-01', '1970-01-01', 'active', 0, 0, 0, '2014-03-01 06:36:10', 3),
(257, 'Rupchanda Soyabean Oil ', 343, 'yes', 'P-257', 'Rupchanda Soyabean Oil ', 'Rupchanda Soyabean Oil', 'Heinz Tomato Ketchup', 'Heinz Tomato Ketchup', 'Heinz Tomato Ketchup', '', 4, '0000-00-00', '0000-00-00', '1970-01-01', '1970-01-01', 'active', 0, 0, 0, '2014-03-02 06:15:11', 3),
(258, 'Ambassader Olive Oil ', 344, 'yes', 'P-258', 'Ambassader Olive Oil ', 'Ambassader Olive Oil', 'Heinz Tomato Ketchup', 'Heinz Tomato Ketchup', 'Heinz Tomato Ketchup', '', 4, '0000-00-00', '0000-00-00', '1970-01-01', '1970-01-01', 'active', 0, 0, 0, '2014-03-02 06:20:50', 3),
(259, 'Ambrosia Sunflower Oil ', 345, 'yes', 'P-259', 'Ambrosia Sunflower Oil ', 'Ambrosia Sunflower Oil', 'Heinz Tomato Ketchup', 'Heinz Tomato Ketchup', 'Heinz Tomato Ketchup', '', 4, '0000-00-00', '0000-00-00', '1970-01-01', '1970-01-01', 'active', 0, 0, 0, '2014-03-02 06:27:04', 3),
(260, 'Bachun Sesame Oil ', 346, 'yes', 'P-260', 'Bachun Sesame Oil ', 'Bachun Sesame Oil', 'Heinz Tomato Ketchup', 'Heinz Tomato Ketchup', 'Heinz Tomato Ketchup', '', 4, '0000-00-00', '0000-00-00', '1970-01-01', '1970-01-01', 'active', 0, 0, 0, '2014-03-02 06:30:16', 3),
(261, 'Carbonell Equilibrio Olive Oil ', 347, 'yes', 'P-261', 'Carbonell Equilibrio Olive Oil ', 'Carbonell Equilibrio Olive Oil', 'Heinz Tomato Ketchup', 'Heinz Tomato Ketchup', 'Heinz Tomato Ketchup', '', 4, '0000-00-00', '0000-00-00', '1970-01-01', '1970-01-01', 'active', 0, 0, 0, '2014-03-02 06:32:58', 3),
(262, 'Fragata Extra Virgin Olive Oil ', 348, 'yes', 'P-262', 'Fragata Extra Virgin Olive Oil ', 'Fragata Extra Virgin Olive Oil', 'Heinz Tomato Ketchup', 'Heinz Tomato Ketchup', 'Heinz Tomato Ketchup', '', 4, '0000-00-00', '0000-00-00', '1970-01-01', '1970-01-01', 'active', 0, 0, 0, '2014-03-02 06:38:14', 3),
(263, 'Fragata Olive Pomace Olive Oil ', 349, 'yes', 'P-263', 'Fragata Olive Pomace Olive Oil ', 'Fragata Olive Pomace Olive Oil', 'Heinz Tomato Ketchup', 'Heinz Tomato Ketchup', 'Heinz Tomato Ketchup', '', 4, '0000-00-00', '0000-00-00', '1970-01-01', '1970-01-01', 'active', 0, 0, 0, '2014-03-02 06:40:55', 3),
(264, 'Fragata Pomace Olive Oil ', 350, 'yes', 'P-264', 'Fragata Pomace Olive Oil ', 'Fragata Pomace Olive Oil', 'Heinz Tomato Ketchup', 'Heinz Tomato Ketchup', 'Heinz Tomato Ketchup', '', 4, '0000-00-00', '0000-00-00', '1970-01-01', '1970-01-01', 'inactive', 0, 0, 0, '2014-03-02 06:43:38', 3),
(265, 'King''s Sunflower Oil ', 351, 'yes', 'P-265', 'King''s Sunflower Oil ', 'King''s Sunflower Oil', 'Heinz Tomato Ketchup', 'Heinz Tomato Ketchup', 'Heinz Tomato Ketchup', '', 4, '0000-00-00', '0000-00-00', '1970-01-01', '1970-01-01', 'active', 0, 0, 0, '2014-03-02 06:53:03', 3),
(266, 'King''s Sunflower Oil Pet ', 352, 'yes', 'P-266', 'King''s Sunflower Oil Pet ', 'King''s Sunflower Oil Pet', 'Heinz Tomato Ketchup', 'Heinz Tomato Ketchup', 'Heinz Tomato Ketchup', '', 4, '0000-00-00', '0000-00-00', '1970-01-01', '1970-01-01', 'active', 0, 0, 0, '2014-03-02 06:56:36', 3),
(267, 'La Espanola Olive Oil Tin ', 353, 'yes', 'P-267', 'La Espanola Olive Oil Tin ', 'La Espanola Olive Oil Tin', 'Heinz Tomato Ketchup', 'Heinz Tomato Ketchup', 'Heinz Tomato Ketchup', '', 4, '0000-00-00', '0000-00-00', '1970-01-01', '1970-01-01', 'active', 0, 0, 0, '2014-03-02 07:03:07', 3),
(268, 'Lucy Oliva Olive Oil Extra Virgin & Refined olive Oil ', 354, 'yes', 'P-268', 'Lucy Oliva Olive Oil Extra Virgin & Refined olive Oil ', 'Lucy Oliva Olive Oil Extra Virgin &amp; Refined olive Oil', 'Heinz Tomato Ketchup', 'Heinz Tomato Ketchup', 'Heinz Tomato Ketchup', '', 4, '0000-00-00', '0000-00-00', '1970-01-01', '1970-01-01', 'active', 0, 0, 0, '2014-03-02 07:05:49', 3),
(269, 'Minara Sunflower Oil', 355, 'yes', 'P-269', 'Minara Sunflower Oil', 'Minara Sunflower Oil', 'Heinz Tomato Ketchup', 'Heinz Tomato Ketchup', 'Heinz Tomato Ketchup', '', 4, '0000-00-00', '0000-00-00', '1970-01-01', '1970-01-01', 'active', 0, 0, 0, '2014-03-02 07:08:47', 3),
(270, 'Olitalia 100% Pure Olive Oil', 356, 'yes', 'P-270', 'Olitalia 100% Pure Olive Oil', 'Olitalia 100% Pure Olive Oil', 'Heinz Tomato Ketchup', 'Heinz Tomato Ketchup', 'Heinz Tomato Ketchup', '', 4, '0000-00-00', '0000-00-00', '1970-01-01', '1970-01-01', 'active', 0, 0, 0, '2014-03-02 07:11:04', 3),
(271, 'Olitalia Extra Virgin Olive Oil ', 357, 'yes', 'P-271', 'Olitalia Extra Virgin Olive Oil ', 'Olitalia Extra Virgin Olive Oil', 'Heinz Tomato Ketchup', 'Heinz Tomato Ketchup', 'Heinz Tomato Ketchup', '', 4, '0000-00-00', '0000-00-00', '1970-01-01', '1970-01-01', 'active', 0, 0, 0, '2014-03-02 07:14:55', 3),
(272, 'Olitalia Pomace Olive Oil ', 359, 'yes', 'P-272', 'Olitalia Pomace Olive Oil ', 'Olitalia Pomace Olive Oil', 'Heinz Tomato Ketchup', 'Heinz Tomato Ketchup', 'Heinz Tomato Ketchup', '', 4, '0000-00-00', '0000-00-00', '1970-01-01', '1970-01-01', 'active', 0, 0, 0, '2014-03-02 07:25:34', 3),
(273, 'Olitalia Sunflower Oil', 361, 'yes', 'P-273', 'Olitalia Sunflower Oil', 'Olitalia Sunflower Oil', 'Heinz Tomato Ketchup', 'Heinz Tomato Ketchup', 'Heinz Tomato Ketchup', '', 4, '0000-00-00', '0000-00-00', '1970-01-01', '1970-01-01', 'active', 0, 0, 0, '2014-03-02 08:07:21', 3),
(274, 'Orkide Sunflower Oil ', 363, 'yes', 'P-274', 'Orkide Sunflower Oil ', 'Orkide Sunflower Oil', 'Heinz Tomato Ketchup', 'Heinz Tomato Ketchup', 'Heinz Tomato Ketchup', '', 4, '0000-00-00', '0000-00-00', '1970-01-01', '1970-01-01', 'active', 0, 0, 0, '2014-03-02 08:17:25', 3),
(275, 'Pran Mustard Oil ', 364, 'yes', 'P-275', 'Pran Mustard Oil ', 'Pran Mustard Oil', 'Heinz Tomato Ketchup', 'Heinz Tomato Ketchup', 'Heinz Tomato Ketchup', '', 4, '0000-00-00', '0000-00-00', '1970-01-01', '1970-01-01', 'active', 0, 0, 0, '2014-03-02 08:22:40', 3),
(276, 'Pusti Soyabean Oil Pet ', 366, 'yes', 'P-276', 'Pusti Soyabean Oil Pet ', 'Pusti Soyabean Oil Pet', 'Heinz Tomato Ketchup', 'Heinz Tomato Ketchup', 'Heinz Tomato Ketchup', '', 4, '0000-00-00', '0000-00-00', '1970-01-01', '1970-01-01', 'active', 0, 0, 0, '2014-03-02 08:30:50', 3),
(277, 'Radhuni Mustard Oil ', 367, 'yes', 'P-277', 'Radhuni Mustard Oil ', 'Radhuni Mustard Oil', 'Heinz Tomato Ketchup', 'Heinz Tomato Ketchup', 'Heinz Tomato Ketchup', '', 4, '0000-00-00', '0000-00-00', '1970-01-01', '1970-01-01', 'active', 0, 0, 0, '2014-03-02 08:33:10', 3),
(278, 'Aarong fresh kalijira aromatic rice ', 369, 'yes', 'P-278', 'Aarong fresh kalijira aromatic rice', 'Aarong fresh kalijira aromatic rice', 'Heinz Tomato Ketchup', 'Heinz Tomato Ketchup', 'Heinz Tomato Ketchup', '', 3, '0000-00-00', '0000-00-00', '1970-01-01', '1970-01-01', 'active', 0, 0, 0, '2014-03-02 08:37:01', 3),
(279, 'Rupchanda Mustard Oil 1ltr', 370, 'yes', 'P-279', 'Rupchanda Mustard Oil', 'Rupchanda Mustard Oil', 'Heinz Tomato Ketchup', 'Heinz Tomato Ketchup', 'Heinz Tomato Ketchup', '', 4, '0000-00-00', '0000-00-00', '1970-01-01', '1970-01-01', 'active', 0, 0, 0, '2014-03-02 08:45:23', 3),
(280, 'Rupchanda Soyabean Oil ', 372, 'yes', 'P-280', 'Rupchanda Soyabean Oil ', 'Rupchanda Soyabean Oil', 'Heinz Tomato Ketchup', 'Heinz Tomato Ketchup', 'Heinz Tomato Ketchup', '', 4, '0000-00-00', '0000-00-00', '1970-01-01', '1970-01-01', 'active', 0, 0, 0, '2014-03-02 08:50:02', 3),
(281, 'Rupchanda Soyabean Oil Pet', 374, 'yes', 'P-281', 'Rupchanda Soyabean Oil Pet', 'Rupchanda Soyabean Oil Pet', 'Heinz Tomato Ketchup', 'Heinz Tomato Ketchup', 'Heinz Tomato Ketchup', '', 4, '0000-00-00', '0000-00-00', '1970-01-01', '1970-01-01', 'active', 0, 0, 0, '2014-03-02 08:53:36', 3),
(282, 'Span Oliva Olive Oil ', 375, 'yes', 'P-282', 'Span Oliva Olive Oil ', 'Span Oliva Olive Oil', 'Heinz Tomato Ketchup', 'Heinz Tomato Ketchup', 'Heinz Tomato Ketchup', '', 4, '0000-00-00', '0000-00-00', '1970-01-01', '1970-01-01', 'active', 0, 0, 0, '2014-03-02 08:55:45', 3),
(283, 'Teer Mustard Oil ', 376, 'yes', 'P-283', 'Teer Mustard Oil ', 'Teer Mustard Oil', 'Heinz Tomato Ketchup', 'Heinz Tomato Ketchup', 'Heinz Tomato Ketchup', '', 4, '0000-00-00', '0000-00-00', '1970-01-01', '1970-01-01', 'active', 0, 0, 0, '2014-03-02 08:59:21', 3),
(284, 'Teer Soyabean Oil', 378, 'yes', 'P-284', 'Teer Soyabean Oil', 'Teer Soyabean Oil', 'Heinz Tomato Ketchup', 'Heinz Tomato Ketchup', 'Heinz Tomato Ketchup', '', 4, '0000-00-00', '0000-00-00', '1970-01-01', '1970-01-01', 'active', 0, 0, 0, '2014-03-02 09:04:03', 3),
(285, 'Heinz Tomato Ketchup ', 384, 'yes', 'P-285', 'Heinz Tomato Ketchup ', 'Heinz Tomato Ketchup', 'Heinz Tomato Ketchup', 'Heinz Tomato Ketchup', 'Heinz Tomato Ketchup', '', 4, '0000-00-00', '0000-00-00', '1970-01-01', '1970-01-01', 'active', 0, 0, 0, '2014-03-02 10:56:15', 3),
(286, 'Pran miniket rice', 385, 'yes', 'P-286', 'Pran miniket rice', 'Pran miniket rice', 'Heinz Tomato Ketchup', 'Heinz Tomato Ketchup', 'Heinz Tomato Ketchup', '', 4, '0000-00-00', '0000-00-00', '1970-01-01', '1970-01-01', 'active', 0, 0, 0, '2014-03-02 11:04:01', 3),
(287, 'Pran nazirshail rice ', 387, 'yes', 'P-287', 'Pran nazirshail rice', 'Pran nazirshail rice', 'Heinz Tomato Ketchup', 'Heinz Tomato Ketchup', 'Heinz Tomato Ketchup', '', 3, '0000-00-00', '0000-00-00', '1970-01-01', '1970-01-01', 'active', 0, 0, 0, '2014-03-02 11:10:25', 3),
(288, 'Purnava low g.i. rice ', 386, 'yes', 'P-288', 'Purnava low g.i. rice ', 'Purnava low g.i. rice', '', '', '', '', 3, '0000-00-00', '0000-00-00', '1970-01-01', '1970-01-01', 'active', 0, 0, 0, '2014-03-02 11:34:47', 2),
(289, 'Chashi aromatic rice chinigura ', 389, 'yes', 'P-289', 'Chashi aromatic rice chinigura', 'Chashi aromatic rice chinigura', '', '', '', '', 5, '0000-00-00', '0000-00-00', '1970-01-01', '1970-01-01', 'active', 0, 0, 0, '2014-03-02 11:41:59', 2),
(290, 'Radhuni Chilli Powder  (Radhuni Morich)', 390, 'yes', 'P-290', 'Radhuni Chilli Powder  (Radhuni Morich)', 'Radhuni Chilli Powder (Radhuni Morich)', '', '', '', '', 4, '0000-00-00', '0000-00-00', '1970-01-01', '1970-01-01', 'active', 0, 0, 0, '2014-03-02 11:45:48', 3);

-- --------------------------------------------------------

--
-- Table structure for table `products_related`
--

CREATE TABLE IF NOT EXISTS `products_related` (
  `PR_id` int(11) NOT NULL AUTO_INCREMENT,
  `PR_current_product_id` int(11) NOT NULL,
  `PR_related_product_id` int(11) NOT NULL COMMENT '(not equal to current product ID, if current product ID =4 , related product ID cannot be 4)',
  `PR_priority_id` int(3) NOT NULL,
  `PR_created` timestamp NOT NULL DEFAULT CURRENT_TIMESTAMP,
  `PR_created_by_id` int(11) NOT NULL,
  PRIMARY KEY (`PR_id`)
) ENGINE=InnoDB  DEFAULT CHARSET=utf8 COLLATE=utf8_unicode_ci COMMENT='products_related = PR' AUTO_INCREMENT=50 ;

--
-- Dumping data for table `products_related`
--

INSERT INTO `products_related` (`PR_id`, `PR_current_product_id`, `PR_related_product_id`, `PR_priority_id`, `PR_created`, `PR_created_by_id`) VALUES
(1, 29, 3, 0, '2014-02-04 05:02:29', 3),
(2, 51, 50, 0, '2014-02-05 07:01:42', 3),
(3, 55, 3, 0, '2014-02-08 08:20:38', 3),
(4, 56, 3, 0, '2014-02-08 08:23:57', 3),
(5, 56, 3, 0, '2014-02-08 08:23:58', 3),
(6, 57, 3, 0, '2014-02-08 08:41:32', 3),
(7, 57, 3, 0, '2014-02-08 08:41:32', 3),
(8, 57, 3, 0, '2014-02-08 08:41:32', 3),
(9, 57, 3, 0, '2014-02-08 08:41:32', 3),
(10, 60, 3, 0, '2014-02-08 09:21:33', 3),
(11, 60, 3, 0, '2014-02-08 09:21:33', 3),
(12, 60, 3, 0, '2014-02-08 09:21:33', 3),
(13, 60, 3, 0, '2014-02-08 09:21:33', 3),
(14, 60, 3, 0, '2014-02-08 09:21:33', 3),
(15, 60, 3, 0, '2014-02-08 09:21:33', 3),
(16, 60, 3, 0, '2014-02-08 09:21:33', 3),
(17, 60, 3, 0, '2014-02-08 09:21:33', 3),
(18, 77, 3, 0, '2014-02-17 07:03:32', 3),
(19, 77, 3, 0, '2014-02-17 07:03:32', 3),
(20, 77, 3, 0, '2014-02-17 07:03:32', 3),
(21, 77, 3, 0, '2014-02-17 07:03:32', 3),
(22, 77, 3, 0, '2014-02-17 07:03:32', 3),
(23, 77, 3, 0, '2014-02-17 07:03:32', 3),
(24, 77, 3, 0, '2014-02-17 07:03:32', 3),
(25, 77, 3, 0, '2014-02-17 07:03:32', 3),
(26, 78, 3, 0, '2014-02-17 07:07:03', 3),
(27, 78, 3, 0, '2014-02-17 07:07:03', 3),
(28, 78, 3, 0, '2014-02-17 07:07:03', 3),
(29, 78, 3, 0, '2014-02-17 07:07:03', 3),
(30, 78, 3, 0, '2014-02-17 07:07:03', 3),
(31, 78, 3, 0, '2014-02-17 07:07:03', 3),
(32, 78, 3, 0, '2014-02-17 07:07:03', 3),
(33, 78, 3, 0, '2014-02-17 07:07:03', 3),
(34, 93, 3, 0, '2014-02-18 07:13:04', 3),
(35, 93, 3, 0, '2014-02-18 07:13:04', 3),
(36, 93, 3, 0, '2014-02-18 07:13:04', 3),
(37, 93, 3, 0, '2014-02-18 07:13:04', 3),
(38, 93, 3, 0, '2014-02-18 07:13:04', 3),
(39, 93, 3, 0, '2014-02-18 07:13:04', 3),
(40, 93, 3, 0, '2014-02-18 07:13:04', 3),
(41, 93, 3, 0, '2014-02-18 07:13:04', 3),
(46, 1, 109, 0, '2014-03-08 05:20:39', 1),
(47, 1, 11, 0, '2014-03-08 05:20:39', 1),
(48, 1, 116, 0, '2014-03-08 05:20:39', 1),
(49, 1, 117, 0, '2014-03-08 05:20:39', 1);

-- --------------------------------------------------------

--
-- Table structure for table `products_upsell`
--

CREATE TABLE IF NOT EXISTS `products_upsell` (
  `PU_id` int(11) NOT NULL AUTO_INCREMENT,
  `PU_current_product_id` int(11) NOT NULL,
  `PU_related_product_id` int(11) NOT NULL COMMENT '(not equal to current product ID, if current product ID =4 , related product ID cannot be 4)',
  `PU_priority_id` int(3) NOT NULL,
  `PU_created` timestamp NOT NULL DEFAULT CURRENT_TIMESTAMP,
  `PU_created_by_id` int(11) NOT NULL,
  PRIMARY KEY (`PU_id`)
) ENGINE=InnoDB  DEFAULT CHARSET=utf8 COLLATE=utf8_unicode_ci COMMENT='products_upsell = PU' AUTO_INCREMENT=117 ;

--
-- Dumping data for table `products_upsell`
--

INSERT INTO `products_upsell` (`PU_id`, `PU_current_product_id`, `PU_related_product_id`, `PU_priority_id`, `PU_created`, `PU_created_by_id`) VALUES
(1, 29, 3, 0, '2014-02-04 05:02:17', 3),
(2, 31, 29, 0, '2014-02-04 05:24:41', 3),
(3, 51, 50, 0, '2014-02-05 07:01:09', 3),
(4, 55, 51, 0, '2014-02-08 08:20:29', 3),
(5, 56, 51, 0, '2014-02-08 08:23:49', 3),
(6, 56, 55, 0, '2014-02-08 08:23:49', 3),
(7, 57, 50, 0, '2014-02-08 08:41:16', 3),
(8, 58, 50, 0, '2014-02-08 08:59:42', 3),
(9, 59, 3, 0, '2014-02-08 09:02:56', 3),
(10, 60, 3, 0, '2014-02-08 09:21:26', 3),
(11, 60, 3, 0, '2014-02-08 09:21:26', 3),
(12, 61, 3, 0, '2014-02-08 09:24:35', 3),
(13, 61, 3, 0, '2014-02-08 09:24:35', 3),
(14, 61, 3, 0, '2014-02-08 09:24:35', 3),
(15, 61, 3, 0, '2014-02-08 09:24:35', 3),
(16, 65, 3, 0, '2014-02-16 08:34:45', 3),
(17, 65, 3, 0, '2014-02-16 08:34:45', 3),
(18, 65, 3, 0, '2014-02-16 08:34:45', 3),
(19, 65, 3, 0, '2014-02-16 08:34:45', 3),
(20, 65, 3, 0, '2014-02-16 08:34:45', 3),
(21, 65, 3, 0, '2014-02-16 08:34:45', 3),
(22, 65, 3, 0, '2014-02-16 08:34:45', 3),
(23, 65, 3, 0, '2014-02-16 08:34:45', 3),
(24, 66, 3, 0, '2014-02-16 08:49:46', 3),
(25, 66, 3, 0, '2014-02-16 08:49:46', 3),
(26, 66, 3, 0, '2014-02-16 08:49:46', 3),
(27, 66, 3, 0, '2014-02-16 08:49:46', 3),
(28, 66, 3, 0, '2014-02-16 08:49:46', 3),
(29, 66, 3, 0, '2014-02-16 08:49:46', 3),
(30, 66, 3, 0, '2014-02-16 08:49:46', 3),
(31, 66, 3, 0, '2014-02-16 08:49:46', 3),
(32, 70, 3, 0, '2014-02-17 06:03:18', 3),
(33, 70, 3, 0, '2014-02-17 06:03:18', 3),
(34, 70, 3, 0, '2014-02-17 06:03:18', 3),
(35, 70, 3, 0, '2014-02-17 06:03:18', 3),
(36, 70, 3, 0, '2014-02-17 06:03:18', 3),
(37, 70, 3, 0, '2014-02-17 06:03:18', 3),
(38, 70, 3, 0, '2014-02-17 06:03:18', 3),
(39, 70, 3, 0, '2014-02-17 06:03:18', 3),
(40, 71, 3, 0, '2014-02-17 06:22:39', 3),
(41, 71, 3, 0, '2014-02-17 06:22:39', 3),
(42, 71, 3, 0, '2014-02-17 06:22:39', 3),
(43, 71, 3, 0, '2014-02-17 06:22:39', 3),
(44, 71, 3, 0, '2014-02-17 06:22:39', 3),
(45, 71, 3, 0, '2014-02-17 06:22:39', 3),
(46, 71, 3, 0, '2014-02-17 06:22:39', 3),
(47, 71, 3, 0, '2014-02-17 06:22:39', 3),
(48, 72, 3, 0, '2014-02-17 06:27:31', 3),
(49, 72, 3, 0, '2014-02-17 06:27:31', 3),
(50, 72, 3, 0, '2014-02-17 06:27:31', 3),
(51, 72, 3, 0, '2014-02-17 06:27:31', 3),
(52, 72, 3, 0, '2014-02-17 06:27:31', 3),
(53, 72, 3, 0, '2014-02-17 06:27:31', 3),
(54, 72, 3, 0, '2014-02-17 06:27:31', 3),
(55, 72, 3, 0, '2014-02-17 06:27:31', 3),
(56, 74, 3, 0, '2014-02-17 06:38:05', 3),
(57, 74, 3, 0, '2014-02-17 06:38:05', 3),
(58, 74, 3, 0, '2014-02-17 06:38:05', 3),
(59, 74, 3, 0, '2014-02-17 06:38:05', 3),
(60, 74, 3, 0, '2014-02-17 06:38:05', 3),
(61, 74, 3, 0, '2014-02-17 06:38:05', 3),
(62, 74, 3, 0, '2014-02-17 06:38:05', 3),
(63, 74, 3, 0, '2014-02-17 06:38:05', 3),
(64, 75, 3, 0, '2014-02-17 06:50:37', 3),
(65, 75, 3, 0, '2014-02-17 06:50:37', 3),
(66, 75, 3, 0, '2014-02-17 06:50:37', 3),
(67, 75, 3, 0, '2014-02-17 06:50:37', 3),
(68, 75, 3, 0, '2014-02-17 06:50:37', 3),
(69, 75, 3, 0, '2014-02-17 06:50:37', 3),
(70, 75, 3, 0, '2014-02-17 06:50:37', 3),
(71, 75, 3, 0, '2014-02-17 06:50:37', 3),
(72, 76, 3, 0, '2014-02-17 07:00:22', 3),
(73, 76, 3, 0, '2014-02-17 07:00:22', 3),
(74, 76, 3, 0, '2014-02-17 07:00:22', 3),
(75, 76, 3, 0, '2014-02-17 07:00:22', 3),
(76, 76, 3, 0, '2014-02-17 07:00:22', 3),
(77, 76, 3, 0, '2014-02-17 07:00:22', 3),
(78, 76, 3, 0, '2014-02-17 07:00:23', 3),
(79, 76, 3, 0, '2014-02-17 07:00:23', 3),
(80, 77, 3, 0, '2014-02-17 07:03:25', 3),
(81, 77, 3, 0, '2014-02-17 07:03:25', 3),
(82, 77, 3, 0, '2014-02-17 07:03:25', 3),
(83, 77, 3, 0, '2014-02-17 07:03:25', 3),
(84, 77, 3, 0, '2014-02-17 07:03:25', 3),
(85, 77, 3, 0, '2014-02-17 07:03:25', 3),
(86, 77, 3, 0, '2014-02-17 07:03:25', 3),
(87, 77, 3, 0, '2014-02-17 07:03:25', 3),
(88, 78, 3, 0, '2014-02-17 07:06:57', 3),
(89, 78, 3, 0, '2014-02-17 07:06:57', 3),
(90, 78, 3, 0, '2014-02-17 07:06:57', 3),
(91, 78, 3, 0, '2014-02-17 07:06:57', 3),
(92, 78, 3, 0, '2014-02-17 07:06:57', 3),
(93, 78, 3, 0, '2014-02-17 07:06:57', 3),
(94, 78, 3, 0, '2014-02-17 07:06:57', 3),
(95, 78, 3, 0, '2014-02-17 07:06:57', 3),
(96, 83, 3, 0, '2014-02-17 08:47:03', 3),
(97, 83, 3, 0, '2014-02-17 08:47:03', 3),
(98, 83, 3, 0, '2014-02-17 08:47:03', 3),
(99, 83, 3, 0, '2014-02-17 08:47:03', 3),
(100, 83, 3, 0, '2014-02-17 08:47:03', 3),
(101, 83, 3, 0, '2014-02-17 08:47:03', 3),
(102, 83, 3, 0, '2014-02-17 08:47:03', 3),
(103, 83, 3, 0, '2014-02-17 08:47:03', 3),
(104, 93, 3, 0, '2014-02-18 07:12:59', 3),
(105, 93, 3, 0, '2014-02-18 07:12:59', 3),
(106, 93, 3, 0, '2014-02-18 07:12:59', 3),
(107, 93, 3, 0, '2014-02-18 07:12:59', 3),
(108, 93, 3, 0, '2014-02-18 07:12:59', 3),
(109, 93, 3, 0, '2014-02-18 07:12:59', 3),
(110, 93, 3, 0, '2014-02-18 07:12:59', 3),
(111, 93, 3, 0, '2014-02-18 07:12:59', 3),
(112, 1, 10, 0, '2014-03-08 04:50:48', 1),
(113, 1, 102, 0, '2014-03-08 04:52:28', 1),
(114, 1, 103, 0, '2014-03-08 04:52:28', 1),
(115, 1, 105, 0, '2014-03-08 04:52:28', 1),
(116, 1, 106, 0, '2014-03-08 04:52:28', 1);

-- --------------------------------------------------------

--
-- Table structure for table `product_also_like`
--

CREATE TABLE IF NOT EXISTS `product_also_like` (
  `PAL_id` int(11) NOT NULL AUTO_INCREMENT,
  `PAL_current_product_id` int(11) NOT NULL,
  `PAL_related_product_id` int(11) NOT NULL COMMENT '(not equal to current product ID, if current product ID =4 , related product ID cannot be 4)',
  `PAL_priority_id` int(3) NOT NULL,
  `PAL_created` timestamp NOT NULL DEFAULT CURRENT_TIMESTAMP,
  `PAL_created_by_id` int(11) NOT NULL,
  PRIMARY KEY (`PAL_id`)
) ENGINE=InnoDB  DEFAULT CHARSET=utf8 COLLATE=utf8_unicode_ci COMMENT='product_also_like = PAL' AUTO_INCREMENT=13 ;

--
-- Dumping data for table `product_also_like`
--

INSERT INTO `product_also_like` (`PAL_id`, `PAL_current_product_id`, `PAL_related_product_id`, `PAL_priority_id`, `PAL_created`, `PAL_created_by_id`) VALUES
(1, 29, 3, 0, '2014-02-04 05:02:45', 3),
(2, 51, 50, 0, '2014-02-05 07:02:28', 3),
(3, 75, 3, 0, '2014-02-17 06:50:41', 3),
(4, 76, 3, 0, '2014-02-17 07:00:35', 3),
(5, 76, 3, 0, '2014-02-17 07:00:35', 3),
(12, 1, 118, 0, '2014-03-08 04:54:47', 1);

-- --------------------------------------------------------

--
-- Table structure for table `product_categories`
--

CREATE TABLE IF NOT EXISTS `product_categories` (
  `PC_id` int(11) NOT NULL AUTO_INCREMENT,
  `PC_product_id` int(11) NOT NULL,
  `PC_category_id` int(11) NOT NULL,
  `PC_created` timestamp NOT NULL DEFAULT CURRENT_TIMESTAMP,
  `PC_created_by` int(11) NOT NULL,
  PRIMARY KEY (`PC_id`)
) ENGINE=InnoDB  DEFAULT CHARSET=utf8 COLLATE=utf8_unicode_ci COMMENT='product_categories = PC' AUTO_INCREMENT=401 ;

--
-- Dumping data for table `product_categories`
--

INSERT INTO `product_categories` (`PC_id`, `PC_product_id`, `PC_category_id`, `PC_created`, `PC_created_by`) VALUES
(1, 1, 35, '2014-02-03 05:11:25', 0),
(2, 3, 45, '2014-02-03 06:10:42', 0),
(3, 2, 44, '2014-02-03 06:11:57', 0),
(4, 4, 44, '2014-02-03 06:31:24', 0),
(5, 5, 44, '2014-02-03 07:02:24', 0),
(6, 6, 44, '2014-02-03 08:04:50', 0),
(7, 8, 44, '2014-02-03 08:32:56', 0),
(8, 9, 44, '2014-02-03 08:38:29', 0),
(9, 10, 44, '2014-02-03 08:46:26', 0),
(10, 11, 44, '2014-02-03 08:52:48', 0),
(11, 12, 44, '2014-02-03 09:36:28', 0),
(12, 13, 44, '2014-02-03 09:45:41', 0),
(13, 14, 44, '2014-02-03 09:49:41', 0),
(14, 15, 44, '2014-02-03 10:00:29', 0),
(16, 17, 44, '2014-02-03 10:08:36', 0),
(17, 18, 44, '2014-02-03 10:12:52', 0),
(18, 19, 44, '2014-02-03 10:17:15', 0),
(19, 20, 44, '2014-02-03 10:19:52', 0),
(20, 21, 44, '2014-02-03 10:26:47', 0),
(22, 23, 44, '2014-02-03 10:54:01', 0),
(23, 24, 44, '2014-02-03 11:07:52', 0),
(25, 26, 44, '2014-02-04 04:26:48', 0),
(26, 27, 44, '2014-02-04 04:41:37', 0),
(27, 29, 45, '2014-02-04 04:58:24', 0),
(28, 30, 44, '2014-02-04 05:06:02', 0),
(29, 31, 45, '2014-02-04 05:20:16', 0),
(30, 32, 44, '2014-02-04 05:30:09', 0),
(31, 33, 44, '2014-02-04 05:51:59', 0),
(32, 34, 44, '2014-02-04 06:01:55', 0),
(33, 35, 44, '2014-02-04 06:06:40', 0),
(34, 36, 45, '2014-02-04 06:11:05', 0),
(35, 37, 44, '2014-02-04 06:16:38', 0),
(36, 38, 45, '2014-02-04 06:25:57', 0),
(37, 39, 44, '2014-02-04 06:55:48', 0),
(38, 40, 44, '2014-02-04 07:09:21', 0),
(39, 41, 44, '2014-02-04 07:21:36', 0),
(40, 42, 44, '2014-02-04 07:52:38', 0),
(41, 43, 44, '2014-02-04 08:00:28', 0),
(42, 44, 44, '2014-02-04 08:22:25', 0),
(44, 47, 44, '2014-02-04 08:56:09', 0),
(45, 46, 44, '2014-02-04 09:08:34', 0),
(46, 48, 44, '2014-02-04 09:42:46', 0),
(47, 49, 44, '2014-02-04 09:55:45', 0),
(48, 50, 45, '2014-02-05 06:48:43', 0),
(49, 51, 45, '2014-02-05 06:57:11', 0),
(50, 52, 44, '2014-02-06 10:25:53', 0),
(51, 53, 44, '2014-02-06 10:40:39', 0),
(52, 54, 44, '2014-02-06 11:00:57', 0),
(53, 55, 45, '2014-02-08 08:17:29', 0),
(54, 56, 45, '2014-02-08 08:21:30', 0),
(55, 57, 45, '2014-02-08 08:38:48', 0),
(56, 58, 45, '2014-02-08 08:57:07', 0),
(57, 59, 45, '2014-02-08 09:01:42', 0),
(58, 60, 45, '2014-02-08 09:04:28', 0),
(59, 61, 45, '2014-02-08 09:22:49', 0),
(60, 62, 45, '2014-02-08 09:35:30', 0),
(61, 1, 25, '2014-02-12 11:19:55', 0),
(62, 2, 26, '2014-02-13 06:59:21', 0),
(63, 64, 44, '2014-02-16 05:17:22', 0),
(65, 45, 26, '2014-02-16 07:22:20', 0),
(66, 45, 44, '2014-02-16 07:51:04', 0),
(67, 64, 26, '2014-02-16 07:58:50', 0),
(68, 65, 45, '2014-02-16 08:26:07', 0),
(69, 66, 45, '2014-02-16 08:41:49', 0),
(71, 67, 26, '2014-02-16 09:59:30', 0),
(72, 67, 44, '2014-02-16 09:59:30', 0),
(73, 68, 26, '2014-02-16 10:26:51', 0),
(74, 68, 44, '2014-02-16 10:26:51', 0),
(75, 69, 26, '2014-02-16 10:30:38', 0),
(76, 69, 44, '2014-02-16 10:30:38', 0),
(77, 3, 26, '2014-02-16 12:06:52', 0),
(78, 29, 26, '2014-02-17 05:39:44', 0),
(79, 31, 26, '2014-02-17 05:47:45', 0),
(80, 36, 26, '2014-02-17 05:51:48', 0),
(81, 38, 26, '2014-02-17 05:52:09', 0),
(82, 50, 26, '2014-02-17 05:52:32', 0),
(83, 51, 26, '2014-02-17 05:52:49', 0),
(84, 55, 26, '2014-02-17 05:53:06', 0),
(85, 56, 26, '2014-02-17 05:56:13', 0),
(86, 57, 26, '2014-02-17 05:56:30', 0),
(87, 58, 26, '2014-02-17 05:56:50', 0),
(88, 70, 45, '2014-02-17 06:00:42', 0),
(89, 71, 45, '2014-02-17 06:05:42', 0),
(90, 72, 45, '2014-02-17 06:24:38', 0),
(91, 73, 45, '2014-02-17 06:28:23', 0),
(92, 74, 45, '2014-02-17 06:35:20', 0),
(93, 75, 45, '2014-02-17 06:42:17', 0),
(94, 76, 45, '2014-02-17 06:51:14', 0),
(95, 77, 45, '2014-02-17 07:01:22', 0),
(96, 78, 45, '2014-02-17 07:04:22', 0),
(97, 79, 45, '2014-02-17 07:07:38', 0),
(99, 80, 28, '2014-02-17 08:36:02', 0),
(100, 81, 28, '2014-02-17 08:37:20', 0),
(101, 82, 28, '2014-02-17 08:40:48', 0),
(102, 83, 28, '2014-02-17 08:45:30', 0),
(103, 84, 28, '2014-02-17 08:47:48', 0),
(104, 85, 28, '2014-02-17 09:10:42', 0),
(105, 86, 28, '2014-02-17 09:14:25', 0),
(106, 87, 49, '2014-02-17 11:29:45', 0),
(107, 88, 27, '2014-02-17 11:35:04', 0),
(108, 89, 46, '2014-02-17 11:42:01', 0),
(109, 90, 50, '2014-02-17 11:49:04', 0),
(110, 91, 47, '2014-02-18 05:02:04', 0),
(111, 92, 48, '2014-02-18 05:11:05', 0),
(112, 93, 27, '2014-02-18 07:09:18', 0),
(113, 95, 27, '2014-02-18 07:22:43', 0),
(114, 96, 28, '2014-02-18 09:07:09', 0),
(115, 97, 47, '2014-02-18 09:38:15', 0),
(116, 98, 47, '2014-02-18 09:50:04', 0),
(117, 99, 47, '2014-02-18 10:05:55', 0),
(119, 101, 45, '2014-02-24 09:09:54', 0),
(120, 104, 45, '2014-02-24 09:29:36', 0),
(121, 102, 45, '2014-02-25 06:14:22', 0),
(122, 105, 45, '2014-02-25 06:18:50', 0),
(123, 106, 45, '2014-02-25 07:00:25', 0),
(124, 107, 45, '2014-02-25 07:03:06', 0),
(125, 108, 45, '2014-02-25 07:09:32', 0),
(126, 109, 45, '2014-02-25 07:13:26', 0),
(127, 110, 45, '2014-02-25 07:20:19', 0),
(128, 111, 45, '2014-02-25 07:24:07', 0),
(129, 112, 45, '2014-02-25 07:27:32', 0),
(130, 113, 45, '2014-02-25 07:29:28', 0),
(131, 114, 45, '2014-02-25 07:32:47', 0),
(132, 115, 45, '2014-02-25 07:36:31', 0),
(133, 116, 45, '2014-02-25 07:40:05', 0),
(134, 117, 45, '2014-02-25 07:43:38', 0),
(135, 118, 46, '2014-02-25 07:54:39', 0),
(136, 119, 46, '2014-02-25 08:06:21', 0),
(137, 120, 46, '2014-02-25 08:24:48', 0),
(138, 121, 46, '2014-02-25 08:31:16', 0),
(139, 122, 46, '2014-02-25 08:38:36', 0),
(140, 123, 45, '2014-02-25 08:41:48', 0),
(141, 124, 46, '2014-02-25 08:54:29', 0),
(142, 125, 46, '2014-02-25 08:58:33', 0),
(143, 126, 45, '2014-02-25 09:09:43', 0),
(144, 127, 46, '2014-02-25 09:10:51', 0),
(145, 128, 46, '2014-02-25 09:19:23', 0),
(146, 129, 46, '2014-02-25 09:24:23', 0),
(147, 130, 45, '2014-02-25 09:45:52', 0),
(148, 131, 45, '2014-02-25 09:54:05', 0),
(149, 132, 46, '2014-02-25 09:58:51', 0),
(150, 133, 46, '2014-02-25 10:24:19', 0),
(151, 134, 46, '2014-02-25 10:27:56', 0),
(152, 135, 46, '2014-02-25 10:31:47', 0),
(153, 136, 46, '2014-02-25 10:34:20', 0),
(154, 137, 46, '2014-02-25 10:38:31', 0),
(155, 138, 46, '2014-02-25 10:38:42', 0),
(156, 139, 45, '2014-02-26 05:14:39', 0),
(157, 140, 45, '2014-02-26 05:18:06', 0),
(158, 141, 45, '2014-02-26 05:19:51', 0),
(159, 142, 45, '2014-02-26 05:21:57', 0),
(160, 143, 45, '2014-02-26 05:26:53', 0),
(161, 144, 45, '2014-02-26 05:29:32', 0),
(162, 145, 45, '2014-02-26 05:32:07', 0),
(163, 146, 45, '2014-02-26 05:34:24', 0),
(165, 147, 51, '2014-02-26 05:45:05', 0),
(166, 148, 51, '2014-02-26 05:50:48', 0),
(167, 149, 51, '2014-02-26 05:58:47', 0),
(168, 150, 51, '2014-02-26 06:02:25', 0),
(169, 151, 51, '2014-02-26 06:04:29', 0),
(170, 152, 51, '2014-02-26 06:07:42', 0),
(171, 153, 51, '2014-02-26 06:09:41', 0),
(172, 154, 51, '2014-02-26 06:12:30', 0),
(173, 155, 51, '2014-02-26 06:15:03', 0),
(174, 156, 51, '2014-02-26 06:17:08', 0),
(175, 157, 51, '2014-02-26 06:19:31', 0),
(176, 158, 51, '2014-02-26 06:21:59', 0),
(177, 159, 51, '2014-02-26 06:24:20', 0),
(178, 160, 51, '2014-02-26 06:27:26', 0),
(179, 161, 51, '2014-02-26 06:41:05', 0),
(180, 162, 51, '2014-02-26 06:52:11', 0),
(181, 163, 51, '2014-02-26 07:00:52', 0),
(182, 164, 42, '2014-02-26 07:07:27', 0),
(183, 100, 42, '2014-02-26 07:11:24', 0),
(184, 165, 51, '2014-02-26 08:02:28', 0),
(185, 166, 51, '2014-02-26 08:06:25', 0),
(186, 167, 51, '2014-02-26 08:08:38', 0),
(187, 168, 51, '2014-02-26 08:10:29', 0),
(188, 169, 51, '2014-02-26 08:12:56', 0),
(189, 170, 51, '2014-02-26 08:15:56', 0),
(190, 171, 51, '2014-02-26 08:18:10', 0),
(191, 16, 46, '2014-02-26 08:18:52', 0),
(192, 22, 46, '2014-02-26 08:25:43', 0),
(193, 25, 46, '2014-02-26 08:33:52', 0),
(194, 172, 47, '2014-02-26 09:01:56', 0),
(195, 173, 47, '2014-02-26 09:05:31', 0),
(196, 174, 47, '2014-02-26 09:08:09', 0),
(197, 175, 36, '2014-02-27 04:21:35', 0),
(198, 176, 53, '2014-02-27 04:52:29', 0),
(199, 177, 36, '2014-02-27 04:55:29', 0),
(200, 178, 53, '2014-02-27 04:55:36', 0),
(201, 180, 53, '2014-02-27 04:57:35', 0),
(202, 179, 36, '2014-02-27 04:59:48', 0),
(203, 181, 53, '2014-02-27 05:00:24', 0),
(204, 182, 36, '2014-02-27 05:01:18', 0),
(205, 183, 53, '2014-02-27 05:02:25', 0),
(206, 184, 53, '2014-02-27 05:28:30', 0),
(207, 185, 53, '2014-02-27 05:30:09', 0),
(208, 186, 54, '2014-02-27 05:43:26', 0),
(209, 187, 54, '2014-02-27 05:45:21', 0),
(210, 188, 54, '2014-02-27 05:47:59', 0),
(211, 189, 54, '2014-02-27 05:49:41', 0),
(212, 190, 54, '2014-02-27 05:51:24', 0),
(213, 191, 54, '2014-02-27 05:53:49', 0),
(214, 192, 54, '2014-02-27 05:55:25', 0),
(215, 193, 55, '2014-02-27 06:01:10', 0),
(216, 194, 55, '2014-02-27 06:02:56', 0),
(217, 195, 55, '2014-02-27 06:04:53', 0),
(218, 196, 36, '2014-02-27 06:31:47', 0),
(219, 197, 49, '2014-02-27 06:41:35', 0),
(220, 198, 49, '2014-02-27 06:44:56', 0),
(221, 199, 36, '2014-02-27 06:46:52', 0),
(222, 200, 49, '2014-02-27 06:48:57', 0),
(223, 201, 36, '2014-02-27 06:51:30', 0),
(224, 202, 36, '2014-02-27 06:53:28', 0),
(225, 203, 36, '2014-02-27 06:53:49', 0),
(226, 204, 36, '2014-02-27 06:57:44', 0),
(227, 205, 36, '2014-02-27 06:57:54', 0),
(228, 206, 36, '2014-02-27 07:02:20', 0),
(229, 207, 36, '2014-02-27 07:02:33', 0),
(230, 210, 49, '2014-02-27 07:16:28', 0),
(231, 209, 36, '2014-02-27 07:18:33', 0),
(232, 208, 36, '2014-02-27 07:18:43', 0),
(233, 211, 49, '2014-02-27 07:20:36', 0),
(234, 212, 49, '2014-02-27 07:30:19', 0),
(235, 213, 49, '2014-02-27 07:32:04', 0),
(236, 214, 49, '2014-02-27 07:33:44', 0),
(237, 215, 36, '2014-02-27 07:41:50', 0),
(238, 216, 49, '2014-02-27 08:40:05', 0),
(239, 217, 49, '2014-02-27 08:44:15', 0),
(240, 218, 35, '2014-02-27 08:57:26', 0),
(241, 219, 35, '2014-02-27 08:57:35', 0),
(242, 220, 35, '2014-02-27 09:00:04', 0),
(243, 221, 35, '2014-02-27 09:05:51', 0),
(244, 222, 35, '2014-02-27 09:09:33', 0),
(245, 223, 35, '2014-02-27 09:11:05', 0),
(246, 224, 49, '2014-02-27 09:11:30', 0),
(247, 225, 49, '2014-02-27 09:39:02', 0),
(248, 226, 35, '2014-02-27 10:01:14', 0),
(249, 227, 35, '2014-02-27 10:01:35', 0),
(250, 228, 35, '2014-02-27 10:08:40', 0),
(251, 229, 35, '2014-02-27 10:08:54', 0),
(252, 230, 35, '2014-02-27 10:15:10', 0),
(253, 231, 35, '2014-02-27 10:15:23', 0),
(254, 232, 35, '2014-02-27 10:15:37', 0),
(255, 234, 35, '2014-02-27 10:19:43', 0),
(256, 233, 35, '2014-02-27 10:21:22', 0),
(257, 236, 35, '2014-02-27 10:27:41', 0),
(258, 238, 35, '2014-02-27 10:29:41', 0),
(259, 237, 35, '2014-02-27 10:31:32', 0),
(260, 239, 35, '2014-02-27 10:33:13', 0),
(261, 242, 35, '2014-02-27 10:35:50', 0),
(262, 240, 35, '2014-02-27 10:36:00', 0),
(263, 241, 35, '2014-02-27 10:36:12', 0),
(264, 243, 35, '2014-02-27 10:41:03', 0),
(265, 244, 48, '2014-03-01 05:34:48', 0),
(266, 245, 48, '2014-03-01 05:37:02', 0),
(267, 246, 48, '2014-03-01 05:39:17', 0),
(268, 247, 48, '2014-03-01 05:41:37', 0),
(269, 248, 48, '2014-03-01 05:57:50', 0),
(270, 249, 48, '2014-03-01 06:00:16', 0),
(271, 250, 48, '2014-03-01 06:09:34', 0),
(272, 251, 48, '2014-03-01 06:14:53', 0),
(273, 252, 48, '2014-03-01 06:19:23', 0),
(274, 253, 48, '2014-03-01 06:24:05', 0),
(275, 254, 48, '2014-03-01 06:27:09', 0),
(276, 255, 48, '2014-03-01 06:29:13', 0),
(277, 256, 48, '2014-03-01 06:36:22', 0),
(279, 258, 56, '2014-03-02 06:22:00', 0),
(280, 257, 56, '2014-03-02 06:22:47', 0),
(281, 259, 56, '2014-03-02 06:27:40', 0),
(282, 260, 56, '2014-03-02 06:30:33', 0),
(283, 261, 56, '2014-03-02 06:33:22', 0),
(284, 262, 56, '2014-03-02 06:38:31', 0),
(285, 263, 56, '2014-03-02 06:41:23', 0),
(286, 264, 56, '2014-03-02 06:43:58', 0),
(287, 265, 56, '2014-03-02 06:53:25', 0),
(288, 266, 56, '2014-03-02 06:57:01', 0),
(289, 267, 56, '2014-03-02 07:03:28', 0),
(290, 268, 56, '2014-03-02 07:06:11', 0),
(291, 269, 56, '2014-03-02 07:09:07', 0),
(292, 270, 56, '2014-03-02 07:11:21', 0),
(293, 271, 56, '2014-03-02 07:15:12', 0),
(294, 272, 56, '2014-03-02 07:25:51', 0),
(295, 273, 56, '2014-03-02 08:07:46', 0),
(296, 274, 56, '2014-03-02 08:17:42', 0),
(297, 275, 56, '2014-03-02 08:23:36', 0),
(298, 276, 56, '2014-03-02 08:31:17', 0),
(299, 277, 56, '2014-03-02 08:33:28', 0),
(300, 278, 59, '2014-03-02 08:37:19', 0),
(301, 279, 56, '2014-03-02 08:45:49', 0),
(302, 280, 56, '2014-03-02 08:50:30', 0),
(303, 281, 56, '2014-03-02 08:53:54', 0),
(304, 282, 56, '2014-03-02 08:56:03', 0),
(305, 283, 56, '2014-03-02 08:59:58', 0),
(306, 284, 56, '2014-03-02 09:04:19', 0),
(307, 285, 57, '2014-03-02 11:02:08', 0),
(308, 286, 59, '2014-03-02 11:04:21', 0),
(309, 287, 59, '2014-03-02 11:10:41', 0),
(310, 288, 59, '2014-03-02 11:35:12', 0),
(311, 289, 59, '2014-03-02 11:42:19', 0),
(312, 290, 58, '2014-03-02 11:46:06', 0),
(394, 2143, 35, '2014-06-15 11:56:53', 0),
(395, 2144, 45, '2014-06-15 11:56:53', 0),
(396, 2145, 44, '2014-06-15 11:56:53', 0),
(397, 2146, 45, '2014-06-15 11:56:53', 0),
(398, 2147, 26, '2014-06-15 11:56:53', 0),
(399, 2148, 28, '2014-06-15 11:56:53', 0),
(400, 2149, 49, '2014-06-15 11:56:53', 0);

-- --------------------------------------------------------

--
-- Table structure for table `product_discounts`
--

CREATE TABLE IF NOT EXISTS `product_discounts` (
  `PD_id` int(11) NOT NULL AUTO_INCREMENT,
  `PD_product_id` int(11) NOT NULL,
  `PD_inventory_id` int(11) NOT NULL,
  `PD_start_date` date NOT NULL,
  `PD_end_date` date NOT NULL,
  `PD_amount` float NOT NULL,
  `PD_status` int(11) NOT NULL DEFAULT '1',
  `PD_updated` timestamp NOT NULL DEFAULT CURRENT_TIMESTAMP,
  `PD_updated_by` int(11) NOT NULL,
  PRIMARY KEY (`PD_id`)
) ENGINE=InnoDB  DEFAULT CHARSET=utf8 COLLATE=utf8_unicode_ci AUTO_INCREMENT=3 ;

--
-- Dumping data for table `product_discounts`
--

INSERT INTO `product_discounts` (`PD_id`, `PD_product_id`, `PD_inventory_id`, `PD_start_date`, `PD_end_date`, `PD_amount`, `PD_status`, `PD_updated`, `PD_updated_by`) VALUES
(1, 1, 57, '2014-02-01', '2014-02-28', 5, 0, '2014-02-12 11:25:33', 1),
(2, 49, 46, '2014-03-01', '2014-03-31', 10, 1, '2014-03-05 07:14:54', 1);

-- --------------------------------------------------------

--
-- Table structure for table `product_images`
--

CREATE TABLE IF NOT EXISTS `product_images` (
  `PI_id` int(11) NOT NULL AUTO_INCREMENT,
  `PI_product_id` int(11) NOT NULL,
  `PI_file_name` varchar(150) COLLATE utf8_unicode_ci NOT NULL,
  `PI_priority` int(6) NOT NULL,
  `PI_inventory_id` int(11) NOT NULL,
  `PI_updated` timestamp NOT NULL DEFAULT CURRENT_TIMESTAMP,
  `PI_updated_by` int(5) NOT NULL,
  PRIMARY KEY (`PI_id`)
) ENGINE=InnoDB  DEFAULT CHARSET=utf8 COLLATE=utf8_unicode_ci COMMENT='PI = product_images' AUTO_INCREMENT=381 ;

--
-- Dumping data for table `product_images`
--

INSERT INTO `product_images` (`PI_id`, `PI_product_id`, `PI_file_name`, `PI_priority`, `PI_inventory_id`, `PI_updated`, `PI_updated_by`) VALUES
(2, 3, '3_2.gif', 1, 2, '2014-02-03 06:11:17', 3),
(6, 7, '7_6.jpg', 5, 6, '2014-02-03 08:11:33', 2),
(7, 8, '8_7.jpg', 5, 7, '2014-02-03 08:33:31', 2),
(8, 9, '9_8.jpg', 5, 8, '2014-02-03 08:38:46', 2),
(9, 10, '10_9.jpg', 5, 9, '2014-02-03 08:53:44', 2),
(10, 11, '11_10.jpg', 4, 10, '2014-02-03 08:55:05', 2),
(12, 13, '13_12.jpg', 0, 11, '2014-02-03 09:45:26', 2),
(13, 14, '14_13.jpg', 4, 12, '2014-02-03 09:49:54', 2),
(14, 15, '15_14.jpg', 4, 13, '2014-02-03 10:00:40', 2),
(15, 16, '16_15.jpg', 0, 14, '2014-02-03 10:05:12', 2),
(16, 17, '17_16.jpg', 1, 15, '2014-02-03 10:08:17', 2),
(17, 18, '18_17.jpg', 0, 16, '2014-02-03 10:13:38', 2),
(18, 20, '20_18.jpg', 0, 18, '2014-02-03 10:22:14', 2),
(19, 19, '19_19.jpg', 1, 17, '2014-02-03 10:23:50', 2),
(20, 21, '21_20.jpg', 0, 19, '2014-02-03 10:26:59', 2),
(22, 23, '23_22.jpg', 0, 21, '2014-02-03 10:54:18', 2),
(23, 24, '24_23.jpg', 0, 22, '2014-02-03 11:07:37', 2),
(24, 25, '25_24.jpg', 0, 23, '2014-02-03 11:12:10', 2),
(25, 26, '26_25.jpg', 0, 24, '2014-02-04 04:27:00', 2),
(26, 27, '27_26.jpg', 1, 25, '2014-02-04 04:42:21', 2),
(29, 28, '28_29.jpg', 0, 26, '2014-02-04 04:54:49', 2),
(30, 29, '29_30.JPG', 2, 27, '2014-02-04 04:58:51', 3),
(31, 31, '31_31.jpg', 3, 29, '2014-02-04 05:21:32', 3),
(32, 32, '32_32.gif', 0, 30, '2014-02-04 05:30:45', 3),
(33, 30, '30_33.jpg', 0, 28, '2014-02-04 05:37:45', 2),
(34, 33, '33_34.gif', 0, 31, '2014-02-04 05:52:13', 3),
(35, 34, '34_35.gif', 0, 145, '2014-02-04 06:02:15', 3),
(36, 35, '35_36.gif', 0, 32, '2014-02-04 06:08:23', 3),
(37, 36, '36_37.jpg', 4, 33, '2014-02-04 06:11:45', 1),
(38, 37, '37_38.jpg', 0, 34, '2014-02-04 06:16:53', 2),
(39, 38, '38_39.jpeg', 6, 59, '2014-02-04 06:33:21', 3),
(40, 39, '39_40.jpg', 0, 35, '2014-02-04 06:55:35', 2),
(41, 40, '40_41.jpg', 0, 36, '2014-02-04 07:07:58', 2),
(43, 41, '41_43.jpg', 0, 38, '2014-02-04 07:49:42', 2),
(44, 43, '43_44.gif', 0, 40, '2014-02-04 08:00:49', 3),
(45, 44, '44_45.jpg', 0, 41, '2014-02-04 08:23:18', 2),
(46, 45, '45_46.jpg', 0, 42, '2014-02-04 08:36:02', 2),
(47, 46, '46_47.jpg', 0, 43, '2014-02-04 09:08:51', 2),
(48, 47, '47_48.jpg', 0, 44, '2014-02-04 09:10:59', 2),
(49, 48, '48_49.jpg', 0, 45, '2014-02-04 09:42:59', 2),
(50, 49, '49_50.jpg', 0, 46, '2014-02-04 09:56:13', 2),
(51, 50, '50_51.jpeg', 7, 47, '2014-02-05 06:50:07', 3),
(52, 51, '51_52.jpg', 8, 48, '2014-02-05 06:57:34', 3),
(53, 52, '52_53.jpg', 0, 49, '2014-02-06 10:26:22', 2),
(54, 53, '53_54.jpg', 0, 50, '2014-02-06 10:40:54', 2),
(55, 55, '55_55.jpeg', 9, 51, '2014-02-08 08:18:02', 3),
(56, 56, '56_56.jpg', 10, 52, '2014-02-08 08:22:01', 3),
(57, 57, '57_57.jpg', 11, 53, '2014-02-08 08:38:59', 3),
(58, 58, '58_58.jpeg', 12, 54, '2014-02-08 08:57:43', 3),
(59, 59, '59_59.jpeg', 13, 142, '2014-02-08 09:02:18', 3),
(61, 60, '60_60.jpg', 14, 55, '2014-02-08 09:05:21', 3),
(62, 61, '61_62.png', 15, 56, '2014-02-08 09:23:17', 3),
(63, 62, '62_63.jpg', 16, 143, '2014-02-08 09:36:06', 3),
(70, 64, '64_70.jpg', 5, 86, '2014-02-16 07:48:57', 2),
(75, 65, '65_75.jpg', 1, 74, '2014-02-16 08:34:25', 3),
(79, 66, '66_79.jpeg', 3, 78, '2014-02-16 08:49:26', 3),
(80, 2, '2_80.jpg', 5, 80, '2014-02-16 09:24:17', 2),
(81, 4, '4_81.jpg', 0, 82, '2014-02-16 09:28:01', 2),
(83, 5, '5_83.jpg', 0, 83, '2014-02-16 09:51:23', 2),
(85, 67, '67_85.jpg', 0, 84, '2014-02-16 10:21:22', 2),
(86, 68, '68_86.jpg', 3, 87, '2014-02-16 10:27:20', 2),
(87, 69, '69_87.jpg', 0, 88, '2014-02-16 10:30:16', 2),
(88, 54, '54_88.jpg', 0, 58, '2014-02-16 11:32:09', 2),
(89, 70, '70_89.jpeg', 0, 89, '2014-02-17 06:02:48', 3),
(94, 72, '72_94.gif', 0, 94, '2014-02-17 06:26:45', 3),
(95, 73, '73_95.jpg', 0, 95, '2014-02-17 06:30:04', 3),
(96, 74, '74_96.jpg', 0, 97, '2014-02-17 06:37:42', 3),
(97, 75, '75_97.jpg', 0, 98, '2014-02-17 06:44:14', 3),
(98, 76, '76_98.jpg', 0, 99, '2014-02-17 06:59:10', 3),
(99, 77, '77_99.jpg', 0, 100, '2014-02-17 07:02:55', 3),
(100, 78, '78_100.jpg', 0, 101, '2014-02-17 07:06:08', 3),
(101, 79, '79_101.jpg', 0, 102, '2014-02-17 07:11:38', 3),
(102, 80, '80_102.jpg', 0, 105, '2014-02-17 08:34:20', 3),
(103, 81, '81_103.jpg', 0, 106, '2014-02-17 08:38:28', 3),
(104, 82, '82_104.jpg', 0, 107, '2014-02-17 08:43:47', 3),
(105, 83, '83_105.jpg', 0, 109, '2014-02-17 08:46:32', 3),
(106, 84, '84_106.jpg', 0, 110, '2014-02-17 08:48:55', 3),
(107, 85, '85_107.png', 0, 111, '2014-02-17 09:11:55', 3),
(108, 86, '86_108.jpg', 0, 112, '2014-02-17 09:15:39', 3),
(109, 87, '87_109.jpg', 0, 113, '2014-02-17 11:28:51', 2),
(110, 88, '88_110.jpeg', 0, 114, '2014-02-17 11:35:45', 2),
(112, 90, '90_112.jpg', 0, 116, '2014-02-17 11:49:32', 2),
(113, 91, '91_113.jpg', 0, 117, '2014-02-18 05:01:47', 2),
(114, 92, '92_114.jpg', 0, 118, '2014-02-18 05:11:38', 2),
(115, 93, '93_115.png', 0, 123, '2014-02-18 07:10:54', 3),
(117, 95, '95_117.png', 0, 125, '2014-02-18 07:24:41', 3),
(118, 89, '89_118.jpg', 0, 127, '2014-02-18 08:16:34', 2),
(119, 96, '96_119.jpg', 0, 129, '2014-02-18 09:12:30', 3),
(120, 97, '97_120.jpg', 0, 131, '2014-02-18 09:41:35', 2),
(121, 98, '98_121.jpg', 0, 132, '2014-02-18 09:54:35', 2),
(122, 99, '99_122.jpg', 0, 133, '2014-02-18 10:07:21', 2),
(123, 6, '6_123.jpg', 0, 134, '2014-02-19 05:06:22', 2),
(125, 100, '100_125.jpg', 0, 138, '2014-02-19 06:58:57', 2),
(128, 12, '12_128.jpg', 0, 144, '2014-02-20 11:00:24', 2),
(129, 42, '42_129.jpg', 0, 39, '2014-02-20 11:06:03', 2),
(130, 101, '101_130.jpg', 0, 149, '2014-02-24 09:13:07', 3),
(131, 104, '104_131.jpg', 0, 150, '2014-02-24 09:45:27', 3),
(132, 102, '102_132.jpg', 0, 151, '2014-02-25 06:16:17', 3),
(133, 105, '105_133.jpg', 0, 152, '2014-02-25 06:21:42', 3),
(137, 71, '71_134.jpg', 0, 91, '2014-02-25 06:58:10', 3),
(138, 106, '106_138.jpg', 0, 153, '2014-02-25 07:01:51', 3),
(139, 107, '107_139.jpg', 0, 154, '2014-02-25 07:08:14', 3),
(140, 108, '108_140.jpg', 0, 155, '2014-02-25 07:11:18', 3),
(141, 109, '109_141.jpg', 0, 156, '2014-02-25 07:16:39', 3),
(142, 110, '110_142.jpg', 0, 157, '2014-02-25 07:21:57', 3),
(143, 111, '111_143.jpg', 0, 158, '2014-02-25 07:26:28', 3),
(144, 112, '112_144.jpg', 0, 160, '2014-02-25 07:28:28', 3),
(145, 89, '89_145.jpg', 0, 128, '2014-02-25 07:28:41', 2),
(146, 89, '89_146.jpg', 0, 159, '2014-02-25 07:28:51', 2),
(147, 113, '113_147.jpeg', 0, 161, '2014-02-25 07:30:37', 3),
(148, 114, '114_148.jpeg', 0, 162, '2014-02-25 07:34:24', 3),
(149, 116, '116_149.jpg', 0, 164, '2014-02-25 07:42:04', 3),
(150, 117, '117_150.jpg', 0, 165, '2014-02-25 07:45:47', 3),
(151, 118, '118_151.jpg', 0, 166, '2014-02-25 07:56:38', 2),
(152, 118, '118_152.jpg', 0, 167, '2014-02-25 08:01:11', 2),
(153, 119, '119_153.jpg', 0, 168, '2014-02-25 08:07:50', 2),
(154, 119, '119_154.jpg', 0, 169, '2014-02-25 08:07:58', 2),
(155, 120, '120_155.jpg', 0, 170, '2014-02-25 08:25:59', 2),
(156, 120, '120_156.jpg', 0, 171, '2014-02-25 08:27:36', 2),
(157, 121, '121_157.jpg', 0, 172, '2014-02-25 08:35:01', 2),
(158, 121, '121_158.jpg', 0, 173, '2014-02-25 08:35:18', 2),
(159, 121, '121_159.jpg', 0, 174, '2014-02-25 08:35:27', 2),
(160, 122, '122_160.png', 0, 175, '2014-02-25 08:40:52', 2),
(161, 122, '122_161.jpg', 0, 176, '2014-02-25 08:44:03', 2),
(162, 123, '123_162.jpg', 0, 177, '2014-02-25 08:44:24', 3),
(163, 124, '124_163.jpg', 0, 178, '2014-02-25 08:57:00', 2),
(164, 124, '124_164.jpg', 0, 179, '2014-02-25 08:57:08', 2),
(165, 125, '125_165.jpg', 0, 180, '2014-02-25 09:01:53', 2),
(166, 125, '125_166.jpg', 0, 181, '2014-02-25 09:02:06', 2),
(167, 126, '126_167.jpeg', 0, 182, '2014-02-25 09:11:09', 3),
(168, 127, '127_168.jpg', 0, 183, '2014-02-25 09:12:08', 2),
(169, 127, '127_169.JPG', 0, 184, '2014-02-25 09:12:19', 2),
(170, 128, '128_170.jpg', 0, 185, '2014-02-25 09:20:58', 2),
(171, 128, '128_171.jpg', 0, 186, '2014-02-25 09:21:10', 2),
(172, 128, '128_172.jpg', 0, 187, '2014-02-25 09:23:30', 2),
(173, 129, '129_173.jpg', 0, 188, '2014-02-25 09:26:15', 2),
(174, 130, '130_174.jpeg', 0, 189, '2014-02-25 09:49:16', 3),
(175, 127, '127_175.jpg', 0, 190, '2014-02-25 09:52:28', 2),
(176, 131, '131_176.png', 0, 191, '2014-02-25 09:58:43', 3),
(177, 132, '132_177.jpg', 0, 192, '2014-02-25 09:59:51', 2),
(178, 133, '133_178.jpg', 0, 193, '2014-02-25 10:25:08', 2),
(179, 134, '134_179.jpg', 0, 194, '2014-02-25 10:27:45', 2),
(180, 135, '135_180.jpg', 0, 195, '2014-02-25 10:32:50', 2),
(181, 136, '136_181.jpg', 0, 196, '2014-02-25 10:35:40', 2),
(182, 137, '137_182.jpg', 0, 197, '2014-02-25 10:40:02', 2),
(183, 138, '138_183.jpg', 0, 198, '2014-02-25 10:40:14', 2),
(184, 139, '139_184.jpg', 0, 199, '2014-02-26 05:16:42', 3),
(185, 140, '140_185.jpg', 0, 200, '2014-02-26 05:19:09', 3),
(186, 141, '141_186.jpg', 0, 201, '2014-02-26 05:20:56', 3),
(187, 142, '142_187.jpg', 0, 202, '2014-02-26 05:24:38', 3),
(188, 142, '142_188.jpg', 0, 203, '2014-02-26 05:24:53', 3),
(189, 143, '143_189.jpeg', 0, 204, '2014-02-26 05:28:12', 3),
(190, 144, '144_190.gif', 0, 205, '2014-02-26 05:31:11', 3),
(191, 145, '145_191.gif', 0, 206, '2014-02-26 05:33:35', 3),
(192, 146, '146_192.jpg', 0, 207, '2014-02-26 05:35:59', 3),
(193, 147, '147_193.jpg', 0, 208, '2014-02-26 05:47:25', 3),
(194, 147, '147_194.jpg', 0, 209, '2014-02-26 05:47:33', 3),
(195, 148, '148_195.jpg', 0, 210, '2014-02-26 05:52:40', 3),
(196, 148, '148_196.jpg', 0, 211, '2014-02-26 05:53:54', 3),
(197, 149, '149_197.png', 0, 212, '2014-02-26 06:01:26', 3),
(198, 149, '149_198.png', 0, 212, '2014-02-26 06:01:33', 3),
(199, 150, '150_199.jpg', 0, 214, '2014-02-26 06:03:39', 3),
(200, 151, '151_200.jpg', 0, 215, '2014-02-26 06:05:39', 3),
(202, 151, '151_201.jpg', 0, 216, '2014-02-26 06:06:28', 3),
(203, 152, '152_203.jpg', 0, 217, '2014-02-26 06:08:51', 3),
(204, 153, '153_204.jpg', 0, 218, '2014-02-26 06:11:20', 3),
(205, 154, '154_205.jpg', 0, 219, '2014-02-26 06:14:33', 3),
(206, 155, '155_206.jpg', 0, 220, '2014-02-26 06:16:18', 3),
(207, 156, '156_207.jpg', 0, 221, '2014-02-26 06:18:18', 3),
(208, 157, '157_208.jpg', 0, 222, '2014-02-26 06:20:23', 3),
(209, 158, '158_209.jpg', 0, 223, '2014-02-26 06:23:17', 3),
(210, 159, '159_210.jpg', 0, 224, '2014-02-26 06:26:36', 3),
(211, 160, '160_211.jpg', 0, 225, '2014-02-26 06:29:33', 3),
(212, 160, '160_212.jpg', 0, 226, '2014-02-26 06:29:44', 3),
(213, 161, '161_213.jpg', 0, 227, '2014-02-26 06:42:05', 3),
(214, 162, '162_214.jpg', 0, 228, '2014-02-26 06:53:40', 3),
(215, 163, '163_215.jpg', 0, 229, '2014-02-26 07:03:49', 3),
(216, 164, '164_216.jpg', 0, 230, '2014-02-26 07:08:58', 3),
(217, 165, '165_217.jpg', 0, 231, '2014-02-26 08:03:29', 3),
(218, 166, '166_218.jpg', 0, 232, '2014-02-26 08:07:38', 3),
(219, 167, '167_219.png', 0, 233, '2014-02-26 08:09:37', 3),
(220, 168, '168_220.jpg', 0, 234, '2014-02-26 08:11:51', 3),
(221, 169, '169_221.png', 0, 235, '2014-02-26 08:14:09', 3),
(222, 170, '170_222.png', 0, 236, '2014-02-26 08:17:13', 3),
(223, 171, '171_223.jpg', 0, 237, '2014-02-26 08:19:19', 3),
(224, 22, '22_224.jpg', 0, 238, '2014-02-26 08:31:03', 2),
(225, 172, '172_225.jpg', 0, 239, '2014-02-26 09:04:24', 3),
(226, 172, '172_226.jpg', 0, 240, '2014-02-26 09:04:31', 3),
(227, 172, '172_227.jpg', 0, 241, '2014-02-26 09:04:37', 3),
(228, 173, '173_228.jpeg', 0, 242, '2014-02-26 09:06:30', 3),
(229, 174, '174_229.png', 0, 243, '2014-02-26 09:10:08', 3),
(230, 174, '174_230.png', 0, 244, '2014-02-26 09:10:17', 3),
(231, 6, '6_231.jpg', 0, 135, '2014-02-26 09:19:46', 2),
(232, 6, '6_232.jpg', 0, 136, '2014-02-26 09:19:55', 2),
(233, 6, '6_233.jpg', 0, 137, '2014-02-26 09:20:09', 2),
(234, 10, '10_234.jpg', 0, 245, '2014-02-26 09:29:51', 2),
(235, 15, '15_235.jpg', 0, 147, '2014-02-26 09:54:14', 2),
(236, 21, '21_236.jpg', 0, 148, '2014-02-26 10:24:27', 2),
(237, 24, '24_237.jpg', 0, 146, '2014-02-26 10:37:33', 2),
(238, 24, '24_238.jpg', 0, 246, '2014-02-26 10:37:43', 2),
(239, 46, '46_239.jpg', 0, 247, '2014-02-26 11:39:13', 2),
(240, 175, '175_240.jpg', 0, 248, '2014-02-27 04:23:28', 2),
(241, 176, '176_241.png', 0, 250, '2014-02-27 04:54:33', 3),
(242, 177, '177_242.jpeg', 0, 249, '2014-02-27 04:54:51', 2),
(243, 178, '178_243.png', 0, 251, '2014-02-27 04:56:41', 3),
(244, 180, '180_244.png', 0, 253, '2014-02-27 04:59:32', 3),
(245, 179, '179_245.jpg', 0, 252, '2014-02-27 05:00:01', 2),
(246, 181, '181_246.jpeg', 0, 254, '2014-02-27 05:01:24', 3),
(247, 182, '182_247.jpg', 0, 255, '2014-02-27 05:02:14', 2),
(248, 183, '183_248.jpeg', 0, 256, '2014-02-27 05:03:46', 3),
(249, 184, '184_249.png', 0, 258, '2014-02-27 05:29:17', 3),
(250, 185, '185_250.png', 0, 259, '2014-02-27 05:32:07', 3),
(251, 185, '185_251.png', 0, 260, '2014-02-27 05:32:15', 3),
(252, 186, '186_252.jpg', 0, 261, '2014-02-27 05:44:31', 3),
(253, 187, '187_253.png', 0, 262, '2014-02-27 05:46:29', 3),
(254, 188, '188_254.png', 0, 263, '2014-02-27 05:48:57', 3),
(255, 189, '189_255.png', 0, 264, '2014-02-27 05:50:26', 3),
(256, 190, '190_256.png', 0, 265, '2014-02-27 05:52:44', 3),
(257, 191, '191_257.jpeg', 0, 266, '2014-02-27 05:54:32', 3),
(258, 192, '192_258.jpeg', 0, 267, '2014-02-27 05:56:15', 3),
(259, 193, '193_259.jpg', 0, 269, '2014-02-27 06:02:06', 3),
(260, 194, '194_260.png', 0, 270, '2014-02-27 06:03:36', 3),
(261, 195, '195_261.jpeg', 0, 271, '2014-02-27 06:06:27', 3),
(262, 196, '196_262.jpg', 0, 272, '2014-02-27 06:37:04', 2),
(263, 196, '196_263.jpg', 0, 272, '2014-02-27 06:39:56', 2),
(264, 197, '197_264.jpg', 0, 273, '2014-02-27 06:43:25', 3),
(265, 198, '198_265.png', 0, 274, '2014-02-27 06:45:53', 3),
(266, 200, '200_266.jpg', 0, 275, '2014-02-27 06:48:11', 3),
(267, 201, '201_267.jpg', 0, 277, '2014-02-27 06:52:11', 2),
(268, 202, '202_268.jpg', 0, 278, '2014-02-27 06:54:52', 2),
(269, 203, '203_269.jpg', 0, 279, '2014-02-27 06:55:54', 2),
(270, 204, '204_270.jpeg', 0, 280, '2014-02-27 06:59:42', 2),
(271, 205, '205_271.gif', 0, 281, '2014-02-27 06:59:52', 2),
(272, 207, '207_272.jpg', 0, 283, '2014-02-27 07:03:56', 2),
(273, 206, '206_273.jpg', 0, 282, '2014-02-27 07:04:03', 2),
(274, 210, '210_274.jpg', 0, 284, '2014-02-27 07:17:36', 3),
(275, 211, '211_275.png', 0, 285, '2014-02-27 07:21:44', 3),
(276, 208, '208_276.jpg', 0, 286, '2014-02-27 07:22:53', 2),
(277, 209, '209_277.jpg', 0, 287, '2014-02-27 07:26:37', 2),
(278, 212, '212_278.jpg', 0, 288, '2014-02-27 07:31:25', 3),
(279, 213, '213_279.jpg', 0, 289, '2014-02-27 07:32:56', 3),
(280, 199, '199_280.jpg', 0, 276, '2014-02-27 07:38:58', 2),
(281, 215, '215_281.jpg', 0, 291, '2014-02-27 07:42:18', 2),
(282, 214, '214_282.jpg', 0, 290, '2014-02-27 08:35:35', 3),
(283, 216, '216_283.jpg', 0, 294, '2014-02-27 08:42:15', 3),
(284, 217, '217_284.jpg', 0, 295, '2014-02-27 08:45:30', 3),
(285, 218, '218_285.jpg', 0, 296, '2014-02-27 08:58:18', 2),
(286, 219, '219_286.jpg', 0, 297, '2014-02-27 08:59:06', 2),
(287, 220, '220_287.jpg', 0, 298, '2014-02-27 09:02:40', 2),
(288, 221, '221_288.jpg', 0, 299, '2014-02-27 09:07:01', 2),
(289, 222, '222_289.jpg', 0, 301, '2014-02-27 09:12:17', 2),
(290, 223, '223_290.JPG', 0, 300, '2014-02-27 09:12:26', 2),
(291, 224, '224_291.jpg', 0, 302, '2014-02-27 09:15:08', 3),
(292, 225, '225_292.jpg', 0, 303, '2014-02-27 09:41:03', 3),
(293, 226, '226_293.jpg', 0, 304, '2014-02-27 10:01:58', 2),
(294, 227, '227_294.jpg', 0, 305, '2014-02-27 10:02:08', 2),
(295, 229, '229_295.jpg', 0, 306, '2014-02-27 10:05:11', 2),
(296, 228, '228_296.jpg', 0, 307, '2014-02-27 10:05:36', 2),
(297, 230, '230_297.jpg', 0, 308, '2014-02-27 10:12:10', 2),
(298, 231, '231_298.jpg', 0, 309, '2014-02-27 10:12:54', 2),
(299, 232, '232_299.jpg', 0, 310, '2014-02-27 10:14:00', 2),
(300, 233, '233_300.jpg', 0, 311, '2014-02-27 10:19:22', 2),
(301, 234, '234_301.jpg', 0, 312, '2014-02-27 10:19:33', 2),
(302, 236, '236_302.jpg', 0, 313, '2014-02-27 10:26:12', 2),
(303, 237, '237_303.gif', 0, 314, '2014-02-27 10:27:53', 2),
(304, 238, '238_304.jpg', 0, 315, '2014-02-27 10:29:57', 2),
(305, 239, '239_305.jpg', 0, 316, '2014-02-27 10:32:31', 2),
(306, 242, '242_306.JPG', 0, 319, '2014-02-27 10:38:13', 2),
(307, 240, '240_307.jpg', 0, 318, '2014-02-27 10:38:39', 2),
(308, 241, '241_308.jpg', 0, 317, '2014-02-27 10:38:54', 2),
(309, 243, '243_309.jpg', 0, 320, '2014-02-27 10:41:51', 2),
(310, 244, '244_310.png', 0, 321, '2014-03-01 05:35:44', 3),
(311, 245, '245_311.png', 0, 322, '2014-03-01 05:38:05', 3),
(312, 246, '246_312.png', 0, 323, '2014-03-01 05:40:12', 3),
(313, 247, '247_313.png', 0, 324, '2014-03-01 05:46:02', 3),
(314, 247, '247_314.png', 0, 325, '2014-03-01 05:46:11', 3),
(315, 247, '247_315.png', 0, 326, '2014-03-01 05:46:21', 3),
(316, 247, '247_316.png', 0, 327, '2014-03-01 05:46:29', 3),
(317, 248, '248_317.jpg', 0, 328, '2014-03-01 05:58:55', 3),
(318, 249, '249_318.png', 0, 330, '2014-03-01 06:06:57', 3),
(319, 249, '249_319.jpg', 0, 329, '2014-03-01 06:07:14', 3),
(320, 250, '250_320.jpg', 0, 331, '2014-03-01 06:10:34', 3),
(321, 251, '251_321.jpeg', 0, 332, '2014-03-01 06:17:33', 3),
(322, 251, '251_322.png', 0, 333, '2014-03-01 06:17:40', 3),
(323, 251, '251_323.jpg', 0, 334, '2014-03-01 06:18:13', 3),
(324, 252, '252_324.png', 0, 335, '2014-03-01 06:20:20', 3),
(325, 253, '253_325.png', 0, 336, '2014-03-01 06:25:35', 3),
(326, 254, '254_326.jpeg', 0, 337, '2014-03-01 06:28:08', 3),
(327, 255, '255_327.jpeg', 0, 338, '2014-03-01 06:34:31', 3),
(328, 255, '255_328.jpeg', 0, 339, '2014-03-01 06:34:43', 3),
(329, 255, '255_329.jpeg', 0, 340, '2014-03-01 06:35:00', 3),
(330, 255, '255_330.jpg', 0, 341, '2014-03-01 06:35:13', 3),
(331, 256, '256_331.jpg', 0, 342, '2014-03-01 06:46:12', 3),
(332, 257, '257_332.jpg', 0, 343, '2014-03-02 06:18:58', 3),
(333, 258, '258_333.jpeg', 0, 344, '2014-03-02 06:25:39', 3),
(334, 259, '259_334.png', 0, 345, '2014-03-02 06:29:08', 3),
(335, 260, '260_335.png', 0, 346, '2014-03-02 06:31:52', 3),
(336, 261, '261_336.png', 0, 347, '2014-03-02 06:37:00', 3),
(337, 262, '262_337.png', 0, 348, '2014-03-02 06:39:53', 3),
(338, 263, '263_338.png', 0, 349, '2014-03-02 06:42:38', 3),
(339, 264, '264_339.jpeg', 0, 350, '2014-03-02 06:45:20', 3),
(340, 265, '265_340.jpeg', 0, 351, '2014-03-02 06:55:33', 3),
(341, 266, '266_341.jpg', 0, 352, '2014-03-02 06:58:30', 3),
(342, 267, '267_342.png', 0, 353, '2014-03-02 07:04:44', 3),
(343, 268, '268_343.jpeg', 0, 354, '2014-03-02 07:07:27', 3),
(344, 269, '269_344.png', 0, 355, '2014-03-02 07:10:19', 3),
(345, 270, '270_345.png', 0, 356, '2014-03-02 07:14:18', 3),
(346, 271, '271_346.png', 0, 357, '2014-03-02 07:24:17', 3),
(347, 271, '271_347.jpg', 0, 358, '2014-03-02 07:24:32', 3),
(348, 272, '272_348.png', 0, 359, '2014-03-02 07:29:55', 3),
(349, 263, '263_349.jpeg', 0, 360, '2014-03-02 07:33:27', 3),
(350, 273, '273_350.png', 0, 361, '2014-03-02 08:09:00', 3),
(351, 273, '273_351.jpg', 0, 362, '2014-03-02 08:16:51', 3),
(352, 274, '274_352.png', 0, 363, '2014-03-02 08:21:47', 3),
(353, 275, '275_353.jpg', 0, 364, '2014-03-02 08:29:54', 3),
(354, 275, '275_354.gif', 0, 365, '2014-03-02 08:30:08', 3),
(355, 276, '276_355.png', 0, 366, '2014-03-02 08:32:08', 3),
(356, 277, '277_356.jpg', 0, 367, '2014-03-02 08:34:51', 3),
(357, 277, '277_357.jpg', 0, 368, '2014-03-02 08:35:08', 3),
(358, 279, '279_358.jpg', 0, 370, '2014-03-02 08:46:48', 3),
(359, 279, '279_359.jpeg', 0, 371, '2014-03-02 08:49:23', 3),
(360, 280, '280_360.jpg', 0, 372, '2014-03-02 08:52:26', 3),
(361, 280, '280_361.jpg', 0, 373, '2014-03-02 08:52:47', 3),
(362, 281, '281_362.jpg', 0, 374, '2014-03-02 08:54:47', 3),
(363, 282, '282_363.jpeg', 0, 375, '2014-03-02 08:57:08', 3),
(364, 278, '278_364.jpg', 0, 369, '2014-03-02 09:01:04', 2),
(365, 283, '283_365.jpg', 0, 376, '2014-03-02 09:02:00', 3),
(366, 283, '283_366.jpg', 0, 377, '2014-03-02 09:02:15', 3),
(367, 284, '284_367.jpeg', 0, 378, '2014-03-02 09:17:39', 3),
(368, 284, '284_368.jpg', 0, 379, '2014-03-02 09:18:12', 3),
(369, 284, '284_369.jpg', 0, 380, '2014-03-02 09:18:31', 3),
(370, 284, '284_370.jpg', 0, 381, '2014-03-02 09:18:59', 3),
(371, 284, '284_371.jpg', 0, 382, '2014-03-02 09:19:15', 3),
(372, 284, '284_372.jpg', 0, 383, '2014-03-02 09:19:31', 3),
(373, 286, '286_373.jpg', 0, 385, '2014-03-02 11:05:29', 2),
(374, 285, '285_374.png', 0, 384, '2014-03-02 11:12:28', 3),
(375, 288, '288_375.jpg', 0, 386, '2014-03-02 11:36:35', 2),
(376, 287, '287_376.jpg', 0, 387, '2014-03-02 11:38:28', 2),
(377, 288, '288_377.png', 0, 388, '2014-03-02 11:41:20', 2),
(378, 289, '289_378.jpg', 0, 389, '2014-03-02 11:42:56', 2),
(379, 290, '290_379.jpeg', 0, 390, '2014-03-02 11:48:02', 3),
(380, 290, '290_380.jpeg', 0, 391, '2014-03-02 11:48:13', 3);

-- --------------------------------------------------------

--
-- Table structure for table `product_inventories`
--

CREATE TABLE IF NOT EXISTS `product_inventories` (
  `PI_id` int(11) NOT NULL AUTO_INCREMENT,
  `PI_inventory_title` varchar(255) COLLATE utf8_unicode_ci NOT NULL,
  `PI_product_id` int(11) NOT NULL,
  `PI_color_id` int(11) NOT NULL,
  `PI_size_id` int(11) NOT NULL,
  `PI_quantity` int(5) NOT NULL,
  `PI_cost` decimal(10,2) NOT NULL,
  `PI_current_price` decimal(10,2) NOT NULL,
  `PI_old_price` decimal(10,2) NOT NULL,
  `PI_status` enum('active','inactive') COLLATE utf8_unicode_ci NOT NULL,
  `PI_updated` timestamp NOT NULL DEFAULT CURRENT_TIMESTAMP,
  `PI_updated_by` int(5) NOT NULL,
  PRIMARY KEY (`PI_id`)
) ENGINE=InnoDB  DEFAULT CHARSET=utf8 COLLATE=utf8_unicode_ci COMMENT='PI = product_inventories' AUTO_INCREMENT=399 ;

--
-- Dumping data for table `product_inventories`
--

INSERT INTO `product_inventories` (`PI_id`, `PI_inventory_title`, `PI_product_id`, `PI_color_id`, `PI_size_id`, `PI_quantity`, `PI_cost`, `PI_current_price`, `PI_old_price`, `PI_status`, `PI_updated`, `PI_updated_by`) VALUES
(2, 'Fit crackers milk flavour 1piece', 3, 0, 4, 1, 12.00, 15.00, 0.00, 'active', '2014-02-03 06:13:22', 2),
(6, 'Pran mango juice pack 200ml', 7, 0, 11, 500, 20.00, 25.00, 0.00, 'active', '2014-02-03 08:13:15', 3),
(7, 'Pran mango juice pack 250ml', 8, 0, 13, 500, 20.00, 25.00, 0.00, 'active', '2014-02-03 08:34:46', 3),
(8, ' mango juice 1 ltr', 9, 0, 14, 500, 90.00, 100.00, 0.00, 'active', '2014-02-03 08:40:40', 3),
(9, 'Pran premium mango juice 250ml', 10, 0, 13, 500, 20.00, 25.00, 0.00, 'active', '2014-02-03 08:48:42', 3),
(10, 'Delmonte prune juice 946ml', 11, 0, 14, 500, 400.00, 350.00, 0.00, 'active', '2014-02-03 08:55:43', 2),
(11, 'Pran juice (Premium) 1ltr', 13, 0, 14, 500, 90.00, 100.00, 0.00, 'active', '2014-02-03 09:39:40', 3),
(12, 'Pran juice (Premium) 1ltr', 14, 0, 14, 500, 90.00, 100.00, 0.00, 'active', '2014-02-03 09:51:37', 3),
(13, 'Pran apple nectar 1ltr', 15, 0, 14, 500, 90.00, 100.00, 0.00, 'active', '2014-02-03 10:01:04', 3),
(14, 'Schweppes dry ginger ale Can 325ml', 16, 0, 60, 500, 100.00, 120.00, 0.00, 'active', '2014-02-03 10:04:33', 2),
(15, 'Pran junior juice 125ml', 17, 0, 15, 500, 12.00, 15.00, 0.00, 'active', '2014-02-03 10:09:43', 2),
(16, 'Pran junior juice 125ml', 18, 0, 15, 300, 12.00, 15.00, 0.00, 'active', '2014-02-03 10:14:25', 3),
(17, ' Pran junior juice 125ml', 19, 0, 15, 500, 12.00, 15.00, 0.00, 'active', '2014-02-03 10:17:42', 3),
(18, ' Pran junior juice 125ml', 20, 0, 15, 500, 12.00, 15.00, 0.00, 'active', '2014-02-03 10:20:35', 3),
(19, 'Pran frooto 125ml', 21, 0, 15, 300, 12.00, 15.00, 0.00, 'active', '2014-02-03 10:30:08', 3),
(20, 'test', 22, 0, 11, 500, 1.00, 1.00, 0.00, 'active', '2014-02-03 10:48:44', 2),
(21, 'Pran mango juice bottle 250ml', 23, 0, 13, 500, 12.00, 20.00, 0.00, 'active', '2014-02-03 10:55:11', 2),
(22, 'Frooto mango juice 250ml', 24, 0, 13, 300, 20.00, 25.00, 0.00, 'active', '2014-02-03 11:09:11', 3),
(23, 'Schweppes tonic water can 325ml', 25, 0, 60, 500, 110.00, 130.00, 0.00, 'active', '2014-02-03 11:24:25', 2),
(24, '7 Rings orange juice  2ltr', 26, 0, 14, 500, 90.00, 100.00, 0.00, 'active', '2014-02-04 04:29:15', 2),
(25, 'Sunny orange 250ml', 27, 0, 13, 300, 30.00, 25.00, 0.00, 'active', '2014-02-04 04:42:58', 3),
(26, 'Kagozee lemon juice 250ml', 28, 0, 13, 300, 25.00, 30.00, 0.00, 'active', '2014-02-04 04:55:34', 2),
(27, 'Chocolate cream 1piece', 29, 0, 4, 100, 100.00, 350.00, 0.00, 'active', '2014-02-04 05:01:13', 2),
(28, 'Apple nectar 250ml', 30, 0, 13, 300, 20.00, 25.00, 0.00, 'active', '2014-02-04 05:07:29', 3),
(29, 'Tiffany chocolate cream wafers 1packet', 31, 0, 7, 100, 100.00, 209.00, 0.00, 'active', '2014-02-04 05:22:28', 2),
(30, 'Pran guava juice 250ml', 32, 0, 13, 300, 20.00, 25.00, 0.00, 'active', '2014-02-04 05:31:27', 2),
(31, 'Pran mango juice  250ml', 33, 0, 13, 300, 20.00, 25.00, 0.00, 'active', '2014-02-04 05:53:02', 2),
(32, 'Pran apple juice  250ml', 35, 0, 13, 300, 20.00, 25.00, 0.00, 'active', '2014-02-04 06:07:54', 2),
(33, 'Ano danish butter cookies tin blue 1packet', 36, 0, 7, 100, 100.00, 454.00, 0.00, 'active', '2014-02-04 06:12:31', 2),
(34, 'Pran juice fruit cocktail can 250ml', 37, 0, 13, 300, 25.00, 30.00, 0.00, 'active', '2014-02-04 06:18:07', 2),
(35, 'Pran mango juice can 250ml', 39, 0, 13, 300, 25.00, 30.00, 0.00, 'active', '2014-02-04 07:04:21', 2),
(36, 'Pran tamarind Juice can 250ml', 40, 0, 13, 300, 25.00, 30.00, 0.00, 'active', '2014-02-04 07:09:54', 2),
(38, 'Pran orange Juice can 250ml', 41, 0, 13, 300, 25.00, 30.00, 0.00, 'active', '2014-02-04 07:51:28', 2),
(39, 'Pran banana Juice can 250ml', 42, 0, 13, 200, 25.00, 30.00, 0.00, 'active', '2014-02-04 07:53:32', 2),
(40, 'Pran juice (Premium) 250ml', 43, 0, 13, 200, 25.00, 30.00, 0.00, 'active', '2014-02-04 08:01:47', 3),
(41, 'Pran pineapple juice can 250ml', 44, 0, 13, 200, 25.00, 30.00, 0.00, 'active', '2014-02-04 08:24:00', 2),
(42, 'Aarong mango juice 250ml', 45, 0, 13, 200, 22.00, 40.00, 0.00, 'active', '2014-02-04 08:37:19', 2),
(43, 'Acme mango juice classic 250ml', 46, 0, 13, 500, 20.00, 30.00, 0.00, 'active', '2014-02-04 08:51:05', 3),
(44, 'mango juice premium', 47, 0, 13, 300, 20.00, 30.00, 0.00, 'active', '2014-02-04 09:14:07', 3),
(45, 'Acme mango orange juice 1ltr', 48, 0, 14, 300, 30.00, 35.00, 0.00, 'active', '2014-02-04 09:43:26', 3),
(46, '7 Rings mango juice  2ltr', 49, 0, 41, 200, 150.00, 160.00, 0.00, 'active', '2014-02-04 09:56:50', 2),
(47, 'Bengal orange cake biscuit 1packet', 50, 0, 7, 100, 10.00, 35.00, 0.00, 'active', '2014-02-05 06:51:09', 2),
(48, 'Bengal orange cake biscuit  1tin', 51, 0, 20, 100, 100.00, 220.00, 0.00, 'active', '2014-02-05 06:59:39', 2),
(49, 'Acme orange juice classic 1ltr', 52, 0, 13, 200, 25.00, 30.00, 0.00, 'active', '2014-02-06 10:27:49', 2),
(50, 'Berri grapefruit juice 1.5ltr', 53, 0, 21, 300, 350.00, 400.00, 0.00, 'active', '2014-02-06 10:42:09', 3),
(51, 'Bengal pineapple cream biscuit 1 piece', 55, 0, 4, 100, 10.00, 60.00, 0.00, 'active', '2014-02-08 08:18:56', 2),
(52, 'Bissin premium coconut wafers 1piece', 56, 0, 4, 100, 10.00, 206.00, 0.00, 'active', '2014-02-08 08:22:38', 3),
(53, 'Cadbury oreo biscuit 1piece', 57, 0, 4, 100, 10.00, 90.00, 0.00, 'active', '2014-02-08 08:39:48', 2),
(54, 'Cadbury oreo sandwich biscuits 1packet', 58, 0, 7, 100, 10.00, 48.00, 0.00, 'active', '2014-02-08 08:58:49', 2),
(55, 'Danish Florida Orange Biscuit 1 packet', 60, 0, 7, 100, 10.00, 35.00, 0.00, 'active', '2014-02-08 09:05:56', 3),
(56, 'Danish Hi Energy Biscuits 1 packet', 61, 0, 7, 100, 10.00, 13.00, 0.00, 'active', '2014-02-08 09:23:57', 3),
(58, 'Berri cranberry juice 100gm', 54, 0, 1, 40, 20.00, 25.00, 0.00, 'active', '2014-02-13 06:27:32', 3),
(59, 'Baton rouge ovaltine biscuit 1packet', 38, 0, 7, 20, 20.00, 25.00, 0.00, 'active', '2014-02-13 06:44:02', 2),
(74, 'Danish Milk Marie Biscuits 285gm', 65, 0, 22, 100, 25.00, 50.00, 0.00, 'active', '2014-02-16 08:29:26', 3),
(78, 'Doreo Black Chocolate Sandwich Biscuit 320gm', 66, 0, 23, 50, 90.00, 120.00, 0.00, 'active', '2014-02-16 08:48:31', 3),
(80, 'Pran joy mango juice 200ml', 2, 0, 11, 300, 20.00, 25.00, 0.00, 'active', '2014-02-16 09:22:59', 2),
(82, 'Pran joy orange 200ml', 4, 0, 11, 500, 20.00, 25.00, 0.00, 'active', '2014-02-16 09:32:35', 3),
(83, 'Pran joy fruit cocktail 200ml', 5, 0, 11, 150, 20.00, 25.00, 0.00, 'active', '2014-02-16 09:42:43', 3),
(84, 'Cyprina Mango Mixed Juice 1ltr', 67, 0, 14, 150, 250.00, 295.00, 0.00, 'active', '2014-02-16 09:58:42', 2),
(86, 'Cyprina apple juice 1ltr', 64, 0, 14, 15, 250.00, 295.00, 0.00, 'active', '2014-02-16 10:09:04', 2),
(87, 'Cyprina juice drink cranberry 1ltr', 68, 0, 14, 300, 250.00, 295.00, 0.00, 'active', '2014-02-16 10:26:12', 2),
(88, 'Cyprina orange juice 1ltr', 69, 0, 14, 300, 250.00, 270.00, 0.00, 'active', '2014-02-16 10:29:22', 2),
(89, 'Eterna Strawberry Wafer Stick 350gm', 70, 0, 24, 50, 100.00, 510.00, 0.00, 'active', '2014-02-17 06:01:48', 3),
(91, 'Kerk Cream Crackers Istimewa 130gm', 71, 0, 53, 100, 70.00, 78.00, 0.00, 'active', '2014-02-17 06:11:10', 3),
(94, 'Fit Crackers Milk Flavour 130 gm', 72, 0, 26, 50, 10.00, 30.00, 0.00, 'active', '2014-02-17 06:25:42', 3),
(95, 'Haque Anarkali Biscuits 220 gm', 73, 0, 27, 50, 20.00, 40.00, 0.00, 'active', '2014-02-17 06:29:44', 3),
(97, 'Haque Bourbon 108 gm', 74, 0, 28, 50, 10.00, 20.00, 0.00, 'active', '2014-02-17 06:36:53', 3),
(98, 'Haque Cream Crackers ', 75, 0, 29, 50, 10.00, 20.00, 0.00, 'active', '2014-02-17 06:43:14', 3),
(99, 'Haque Ding Dong Wafer 80gm', 76, 0, 30, 50, 10.00, 25.00, 0.00, 'active', '2014-02-17 06:52:26', 3),
(100, 'Kerk Chips Chocolate Cookies 180gm', 77, 0, 52, 50, 200.00, 282.00, 0.00, 'active', '2014-02-17 07:02:25', 3),
(101, 'Haque Milk chocolate digestive biscuit 145 gm', 78, 0, 33, 50, 30.00, 32.00, 0.00, 'active', '2014-02-17 07:05:32', 3),
(102, 'Haque Mr Cookie Biscuits ', 79, 0, 34, 50, 20.00, 24.00, 0.00, 'active', '2014-02-17 07:08:53', 3),
(103, 'Haque Mr Cookie Biscuits ', 79, 0, 35, 50, 10.00, 12.00, 0.00, 'active', '2014-02-17 07:14:14', 3),
(104, 'Haque Mr Cookie Biscuits ', 79, 0, 1, 50, 10.00, 20.00, 0.00, 'active', '2014-02-17 07:14:32', 3),
(105, 'Nescafe Classic 200 gm', 80, 0, 36, 50, 400.00, 495.00, 0.00, 'active', '2014-02-17 08:33:26', 3),
(106, 'Nescafe Gold Jar 200 gm', 81, 0, 36, 50, 1000.00, 1050.00, 0.00, 'active', '2014-02-17 08:38:08', 3),
(107, 'Nescafe Original big size', 82, 0, 37, 50, 1000.00, 1250.00, 0.00, 'active', '2014-02-17 08:42:12', 3),
(108, 'Nescafe Original ', 82, 0, 37, 50, 1000.00, 1250.00, 0.00, 'active', '2014-02-17 08:42:46', 3),
(109, 'Nestle Coffee Mate Box 450 gm', 83, 0, 38, 50, 200.00, 250.00, 0.00, 'active', '2014-02-17 08:46:20', 3),
(110, 'Nestle Coffee Mate Jar 400 gm', 84, 0, 39, 50, 200.00, 250.00, 0.00, 'active', '2014-02-17 08:48:34', 3),
(111, 'Nestle Coffee Mate Poly 450gm', 85, 0, 38, 50, 300.00, 303.00, 0.00, 'active', '2014-02-17 09:11:19', 3),
(112, 'Nestle Nescafe 3 in 1 Coffee Mix 14gm', 86, 0, 40, 100, 8.00, 10.00, 0.00, 'active', '2014-02-17 09:15:19', 3),
(113, 'Twix chocolate 50gm', 87, 0, 18, 150, 80.00, 90.00, 0.00, 'active', '2014-02-17 11:23:24', 2),
(114, 'Mum drinking water ', 88, 0, 21, 200, 25.00, 30.00, 0.00, 'active', '2014-02-17 11:34:52', 3),
(116, 'Gatorade tropical drink 500ml', 90, 0, 16, 150, 125.00, 130.00, 0.00, 'active', '2014-02-17 11:48:38', 2),
(117, 'Twinings camomile tea 25gm', 91, 0, 42, 150, 80.00, 90.00, 0.00, 'active', '2014-02-18 05:00:30', 2),
(118, 'Milk vita liquid milk 1ltr', 92, 0, 14, 150, 50.00, 62.00, 0.00, 'active', '2014-02-18 05:10:32', 2),
(119, 'Mum drinking water', 88, 0, 16, 50, 10.00, 15.00, 0.00, 'active', '2014-02-18 06:41:21', 3),
(120, 'Mum drinking water', 88, 0, 44, 50, 10.00, 35.00, 0.00, 'active', '2014-02-18 06:42:22', 3),
(121, 'Mum drinking water', 88, 0, 45, 50, 10.00, 70.00, 0.00, 'active', '2014-02-18 06:42:39', 3),
(123, 'Perrier Mineral Water 750 ml', 93, 0, 46, 50, 200.00, 220.00, 0.00, 'active', '2014-02-18 07:10:10', 3),
(124, 'Perrier Mineral Water 330 ml', 93, 0, 47, 50, 100.00, 126.00, 0.00, 'active', '2014-02-18 07:12:37', 3),
(125, 'Jibon Natural Mineral Water 500 ml', 95, 0, 16, 50, 10.00, 15.00, 0.00, 'active', '2014-02-18 07:23:59', 3),
(127, 'Coca cola  2ltr', 89, 0, 41, 300, 90.00, 100.00, 0.00, 'active', '2014-02-18 08:14:06', 2),
(128, 'Coca cola 1.25ltr', 89, 0, 43, 500, 60.00, 68.00, 0.00, 'active', '2014-02-18 08:18:15', 2),
(129, 'Nestle Nescafe Matinal 200 gm', 96, 0, 36, 50, 500.00, 570.00, 0.00, 'active', '2014-02-18 09:10:53', 3),
(130, 'Nescafe Gold Jar 100 gm', 81, 0, 1, 50, 600.00, 668.00, 0.00, 'active', '2014-02-18 09:15:45', 3),
(131, 'Twinings english breakfast tea 50gm', 97, 0, 18, 200, 250.00, 290.00, 0.00, 'active', '2014-02-18 09:40:11', 2),
(132, 'Twinings green tea 50gm', 98, 0, 18, 500, 280.00, 295.00, 0.00, 'active', '2014-02-18 09:50:52', 2),
(133, 'Twinings lemon tea 50gm', 99, 0, 18, 300, 280.00, 290.00, 0.00, 'active', '2014-02-18 10:06:23', 2),
(134, 'Pran mango juice pack 125ml', 6, 0, 15, 200, 18.00, 20.00, 0.00, 'active', '2014-02-19 04:38:16', 3),
(135, 'Pran mango juice pack 200ml', 6, 0, 11, 200, 20.00, 22.00, 0.00, 'active', '2014-02-19 04:39:26', 3),
(136, 'Pran mango juice pack 250ml', 6, 0, 13, 200, 25.00, 28.00, 0.00, 'active', '2014-02-19 04:41:30', 3),
(137, 'Pran mango juice pack 1ltr', 6, 0, 14, 150, 60.00, 70.00, 0.00, 'active', '2014-02-19 04:42:09', 3),
(138, 'Fresh home made bread ', 100, 0, 48, 200, 70.00, 75.00, 0.00, 'active', '2014-02-19 06:58:12', 2),
(139, 'Cabbage () ', 1, 0, 4, 100, 15.00, 30.00, 0.00, 'active', '2014-02-19 07:26:38', 2),
(140, 'Cabbage () ', 1, 0, 9, 100, 100.00, 120.00, 0.00, 'active', '2014-02-19 07:26:46', 2),
(141, 'Cabbage () ', 1, 0, 8, 100, 300.00, 360.00, 0.00, 'active', '2014-02-19 07:27:07', 2),
(142, 'Cocola Chocolate Biscuits 1 packet', 59, 0, 7, 50, 10.00, 15.00, 0.00, 'active', '2014-02-20 04:44:34', 3),
(143, 'Danish Lexus Vegetable Calcium Crackers 1 packet', 62, 0, 7, 50, 80.00, 100.00, 0.00, 'active', '2014-02-20 08:50:30', 3),
(144, 'Pran juice (Premium)', 12, 0, 14, 100, 50.00, 60.00, 0.00, 'active', '2014-02-20 10:20:49', 3),
(145, 'Pran orange juice 250ml', 34, 0, 13, 50, 12.00, 15.00, 0.00, 'active', '2014-02-20 10:31:33', 2),
(146, 'Frooto mango juice 500ml', 24, 0, 16, 50, 40.00, 50.00, 0.00, 'active', '2014-02-22 06:16:06', 2),
(147, 'Pran apple nectar 200ml', 15, 0, 11, 50, 20.00, 25.00, 0.00, 'active', '2014-02-22 06:24:55', 3),
(148, 'Pran frooto 200ml', 21, 0, 11, 50, 20.00, 25.00, 0.00, 'active', '2014-02-22 06:34:17', 2),
(149, 'Iko Muesli Hi-Fiber Biscuits Pack 178gm', 101, 0, 49, 50, 400.00, 435.00, 0.00, 'active', '2014-02-24 09:12:12', 3),
(150, 'Iko Oat Assorted Calcium Cracker Tin  700gm', 104, 0, 50, 50, 1000.00, 1265.00, 0.00, 'active', '2014-02-24 09:38:42', 3),
(151, 'Iko Sugar Free Oatmeal Crackers ', 102, 0, 49, 50, 90.00, 390.00, 0.00, 'active', '2014-02-25 06:13:37', 3),
(152, 'Julie''s Pacific Biscuit 200gm', 105, 0, 36, 50, 200.00, 250.00, 0.00, 'active', '2014-02-25 06:19:42', 3),
(153, 'Kerk Lingo Assorted Biscuits Tin 700gm', 106, 0, 50, 50, 900.00, 948.00, 0.00, 'active', '2014-02-25 07:01:08', 3),
(154, 'Khong Guan Cocoa Puff Biscuits 100gm', 107, 0, 1, 50, 100.00, 180.00, 0.00, 'active', '2014-02-25 07:04:29', 3),
(155, 'Khong Guan Marie Biscuit 400gm', 108, 0, 39, 50, 600.00, 620.00, 0.00, 'active', '2014-02-25 07:10:18', 3),
(156, 'Kishwan Grisbi Chocolate Cookies 350gm', 109, 0, 24, 50, 60.00, 65.00, 0.00, 'active', '2014-02-25 07:15:15', 3),
(157, 'Kishwan Ovaltin Cookies 350gm', 110, 0, 24, 50, 50.00, 60.00, 0.00, 'active', '2014-02-25 07:21:09', 3),
(158, 'Kishwan Special Toast 300gm', 111, 0, 55, 50, 50.00, 57.00, 0.00, 'active', '2014-02-25 07:25:54', 3),
(159, 'Coca cola 600ml', 89, 0, 56, 100, 30.00, 38.00, 0.00, 'active', '2014-02-25 07:26:54', 2),
(160, 'Kraft Oreo Biscuits 274gm', 112, 0, 57, 50, 300.00, 315.00, 0.00, 'active', '2014-02-25 07:28:05', 3),
(161, 'Modhuban Horlicks Biscuit 320gm', 113, 0, 23, 50, 55.00, 60.00, 0.00, 'active', '2014-02-25 07:30:20', 3),
(162, 'Modhuban Premium Quality Dry Cake ', 114, 0, 55, 50, 60.00, 65.00, 0.00, 'active', '2014-02-25 07:34:03', 3),
(163, 'Multi Energy Biscuits Pack 88gm', 115, 0, 58, 50, 10.00, 12.00, 0.00, 'active', '2014-02-25 07:37:31', 3),
(164, 'Munchys Topmix Assorted Biscuits Tin 700gm', 116, 0, 50, 50, 1000.00, 1010.00, 0.00, 'active', '2014-02-25 07:41:06', 3),
(165, 'Nitchi Premium Wafer Stick Strawberry 330gm', 117, 0, 59, 50, 500.00, 530.00, 0.00, 'active', '2014-02-25 07:45:18', 3),
(166, 'Coca cola can 325ml', 118, 0, 60, 300, 100.00, 110.00, 0.00, 'active', '2014-02-25 07:55:25', 2),
(167, 'Coca cola can 250ml', 118, 0, 13, 400, 30.00, 35.00, 0.00, 'active', '2014-02-25 08:00:33', 2),
(168, 'Diet coke can 500ml', 119, 0, 16, 300, 50.00, 55.00, 0.00, 'active', '2014-02-25 08:07:00', 2),
(169, 'Diet coke can 250ml', 119, 0, 13, 300, 25.00, 30.00, 0.00, 'active', '2014-02-25 08:07:35', 2),
(170, 'Coca cola light can 325ml', 120, 0, 60, 100, 100.00, 110.00, 0.00, 'active', '2014-02-25 08:25:30', 2),
(171, 'Coca cola light can 330ml', 120, 0, 61, 300, 120.00, 125.00, 0.00, 'active', '2014-02-25 08:27:25', 2),
(172, 'Sprite 2ltr', 121, 0, 41, 100, 90.00, 100.00, 0.00, 'active', '2014-02-25 08:33:23', 2),
(173, 'Sprite 1.5ltr', 121, 0, 43, 100, 60.00, 68.00, 0.00, 'active', '2014-02-25 08:33:51', 2),
(174, 'Sprite 600ml', 121, 0, 56, 100, 30.00, 38.00, 0.00, 'active', '2014-02-25 08:34:12', 2),
(175, 'Sprite can 325ml', 122, 0, 60, 300, 130.00, 139.00, 0.00, 'active', '2014-02-25 08:39:55', 2),
(176, 'Sprite can 250ml', 122, 0, 13, 300, 30.00, 35.00, 0.00, 'active', '2014-02-25 08:40:27', 2),
(177, 'Novelty Bit n Joy Cheese & Butter Biscuit 300gm', 123, 0, 55, 50, 40.00, 45.00, 0.00, 'active', '2014-02-25 08:43:36', 3),
(178, 'Fanta 1.25ltr', 124, 0, 43, 400, 55.00, 60.00, 0.00, 'active', '2014-02-25 08:56:00', 2),
(179, 'Fanta 600ml', 124, 0, 56, 400, 30.00, 35.00, 0.00, 'active', '2014-02-25 08:56:22', 2),
(180, 'Fanta can 330ml', 125, 0, 47, 100, 130.00, 139.00, 0.00, 'active', '2014-02-25 09:00:50', 2),
(181, 'Fanta can 250ml', 125, 0, 13, 100, 30.00, 35.00, 0.00, 'active', '2014-02-25 09:01:08', 2),
(182, 'Novelty Chocolate Marie Biscuit 300gm', 126, 0, 55, 50, 50.00, 55.00, 0.00, 'active', '2014-02-25 09:10:19', 3),
(183, 'Mirinda orange 1ltr', 127, 0, 14, 400, 50.00, 55.00, 0.00, 'active', '2014-02-25 09:11:33', 2),
(184, 'Mirinda orange 500ml', 127, 0, 16, 400, 30.00, 32.00, 0.00, 'active', '2014-02-25 09:11:55', 2),
(185, 'Pepsi 2ltr', 128, 0, 41, 100, 85.00, 90.00, 0.00, 'active', '2014-02-25 09:20:23', 2),
(186, 'Pepsi 250ml', 128, 0, 13, 100, 15.00, 18.00, 0.00, 'active', '2014-02-25 09:20:43', 2),
(187, 'Pepsi diet 500ml', 128, 0, 16, 100, 25.00, 30.00, 0.00, 'active', '2014-02-25 09:23:17', 2),
(188, 'Pepsi light can 325ml', 129, 0, 60, 300, 120.00, 129.00, 0.00, 'active', '2014-02-25 09:25:57', 2),
(189, 'Novelty Milk Marie Biscuit 300gm', 130, 0, 55, 50, 5.00, 10.00, 0.00, 'active', '2014-02-25 09:46:49', 3),
(190, 'Mirinda orange vitamina C 2ltr', 127, 0, 41, 100, 80.00, 90.00, 0.00, 'active', '2014-02-25 09:52:06', 2),
(191, 'Olympic Coconut Plus Biscuit 70gm', 131, 0, 10, 50, 5.00, 10.00, 0.00, 'active', '2014-02-25 09:54:42', 3),
(192, '7 Up cherry 330ml', 132, 0, 47, 100, 120.00, 1130.00, 0.00, 'active', '2014-02-25 09:59:38', 2),
(193, 'Coca cola bottle 200ml', 133, 0, 11, 100, 25.00, 30.00, 0.00, 'active', '2014-02-25 10:24:50', 2),
(194, 'Sharbat rooh afza 750ml', 134, 0, 46, 100, 160.00, 180.00, 0.00, 'active', '2014-02-25 10:27:34', 2),
(195, 'Fanta fruit twist 330ml', 135, 0, 47, 100, 120.00, 130.00, 0.00, 'active', '2014-02-25 10:32:38', 2),
(196, 'Fanta icy lemon 330ml', 136, 0, 47, 100, 120.00, 130.00, 0.00, 'active', '2014-02-25 10:34:55', 2),
(197, 'Appy fizz ', 137, 0, 47, 100, 25.00, 30.00, 0.00, 'active', '2014-02-25 10:39:36', 2),
(198, 'Pepsi max', 138, 0, 47, 100, 125.00, 130.00, 0.00, 'active', '2014-02-25 10:39:52', 2),
(199, 'Olympic Milk Marie Biscuit Pack 285gm', 139, 0, 22, 50, 40.00, 45.00, 0.00, 'active', '2014-02-26 05:16:12', 3),
(200, 'Olympic Milk Plus Biscuit 70gm', 140, 0, 10, 50, 5.00, 10.00, 0.00, 'active', '2014-02-26 05:18:40', 3),
(201, 'Olympic Popular Marie Gold 190gm', 141, 0, 32, 50, 25.00, 30.00, 0.00, 'active', '2014-02-26 05:20:28', 3),
(202, 'Olympic Premium Energy Plus Biscuit 80 gm', 142, 0, 30, 50, 10.00, 12.00, 0.00, 'active', '2014-02-26 05:23:28', 3),
(203, 'Olympic Premium Energy Plus Biscuit 240gm', 142, 0, 63, 50, 10.00, 36.00, 0.00, 'active', '2014-02-26 05:23:57', 3),
(204, 'Olympic Tip Biscuits 255gm', 143, 0, 64, 50, 40.00, 50.00, 0.00, 'active', '2014-02-26 05:27:48', 3),
(205, 'Pran Mama Milk Wafer Pack 18gm', 144, 0, 65, 50, 3.00, 5.00, 0.00, 'active', '2014-02-26 05:30:31', 3),
(206, 'Pran Milkies Biscuit 95gm', 145, 0, 66, 50, 10.00, 13.00, 0.00, 'active', '2014-02-26 05:33:01', 3),
(207, 'Pran Special Dry Cake Biscuit 400gm', 146, 0, 39, 50, 100.00, 115.00, 0.00, 'active', '2014-02-26 05:35:25', 3),
(208, 'Kellogg''s Corn Flakes 500gm', 147, 0, 2, 50, 500.00, 595.00, 0.00, 'active', '2014-02-26 05:46:32', 3),
(209, 'Kellogg''s Corn Flakes 750gm', 147, 0, 67, 50, 500.00, 776.00, 0.00, 'active', '2014-02-26 05:46:39', 3),
(210, 'Kellogg''s Chocos 125gm', 148, 0, 12, 50, 100.00, 200.00, 0.00, 'active', '2014-02-26 05:52:12', 3),
(211, 'Kellogg''s Chocos 375gm', 148, 0, 68, 50, 100.00, 400.00, 0.00, 'active', '2014-02-26 05:52:24', 3),
(212, 'Kellogg''s Coco Pops 295gm', 149, 0, 69, 50, 400.00, 463.00, 0.00, 'active', '2014-02-26 06:00:48', 3),
(213, 'Kellogg''s Coco Pops 550gm', 149, 0, 70, 50, 700.00, 790.00, 0.00, 'active', '2014-02-26 06:01:06', 3),
(214, 'Kellogg''s All Bran Wheat Flakes 425gm', 150, 0, 71, 50, 700.00, 780.00, 0.00, 'active', '2014-02-26 06:03:21', 3),
(215, 'Kellogg''s Special K 400 gm', 151, 0, 39, 50, 500.00, 580.00, 0.00, 'active', '2014-02-26 06:05:17', 3),
(216, 'Kellogg''s Special K 550gm', 151, 0, 70, 50, 500.00, 810.00, 0.00, 'active', '2014-02-26 06:05:29', 3),
(217, 'Kellogg''s Corn Flakes Real Almond & Honey 300gm', 152, 0, 55, 50, 500.00, 530.00, 0.00, 'active', '2014-02-26 06:08:30', 3),
(218, 'Kellogg''s Frosties 500gm', 153, 0, 2, 50, 700.00, 710.00, 0.00, 'active', '2014-02-26 06:10:35', 3),
(219, 'Kellogg''s Rice Krispies 510gm', 154, 0, 72, 50, 600.00, 623.00, 0.00, 'active', '2014-02-26 06:13:57', 3),
(220, 'Kellogg''s Corn Flakes Original 250gm', 155, 0, 5, 50, 300.00, 320.00, 0.00, 'active', '2014-02-26 06:15:54', 3),
(221, 'Alpen Blue No Sugar 560gm', 156, 0, 73, 50, 500.00, 580.00, 0.00, 'active', '2014-02-26 06:17:53', 3),
(222, 'Iko High Fibre Daily 700gm', 157, 0, 50, 50, 1000.00, 1265.00, 0.00, 'active', '2014-02-26 06:20:04', 3),
(223, 'Kellog''s Muesli - Country Store 750gm', 158, 0, 67, 50, 650.00, 700.00, 0.00, 'active', '2014-02-26 06:22:56', 3),
(224, 'Nestle Cookies Crisp 375gm', 159, 0, 68, 50, 700.00, 732.00, 0.00, 'active', '2014-02-26 06:25:28', 3),
(225, 'Nestle Corn Flakes 150gm', 160, 0, 74, 50, 150.00, 190.00, 0.00, 'active', '2014-02-26 06:28:54', 3),
(226, 'Nestle Corn Flakes 275gm', 160, 0, 75, 50, 150.00, 330.00, 0.00, 'active', '2014-02-26 06:29:11', 3),
(227, 'Nestle Fitness Fruits 375gm', 161, 0, 68, 50, 700.00, 717.00, 0.00, 'active', '2014-02-26 06:41:44', 3),
(228, 'Nestle Koko Krunch 275gm', 162, 0, 75, 50, 300.00, 350.00, 0.00, 'active', '2014-02-26 06:53:21', 3),
(229, 'Quaker White Oats 500gm', 163, 0, 2, 50, 100.00, 180.00, 0.00, 'active', '2014-02-26 07:03:26', 3),
(230, 'Tastie Breadcrumbs White Pack 200gm', 164, 0, 36, 50, 50.00, 100.00, 0.00, 'active', '2014-02-26 07:08:23', 3),
(231, 'Alpen Original Swiss Recipe 560gm', 165, 0, 73, 50, 500.00, 590.00, 0.00, 'active', '2014-02-26 08:01:07', 3),
(232, 'Carmans Natural Bircher Muesli 500gm', 166, 0, 2, 50, 500.00, 590.00, 0.00, 'active', '2014-02-26 08:07:07', 3),
(233, 'Crown Choco Pops 250gm', 167, 0, 25, 50, 250.00, 300.00, 0.00, 'active', '2014-02-26 08:09:15', 3),
(234, 'General Mills Cookie Crisp Cereal 318gm', 168, 0, 76, 50, 700.00, 777.00, 0.00, 'active', '2014-02-26 08:11:21', 3),
(235, 'Tyton Nutribite Choco Crunch 250gm', 169, 0, 25, 50, 250.00, 280.00, 0.00, 'active', '2014-02-26 08:13:48', 3),
(236, 'Tyton Nutribite Corn Flakes 250gm', 170, 0, 5, 50, 200.00, 280.00, 0.00, 'active', '2014-02-26 08:16:29', 3),
(237, 'Whole Grain Kix Crispy Corn 340gm', 171, 0, 77, 50, 700.00, 782.00, 0.00, 'active', '2014-02-26 08:19:00', 3),
(238, 'Schweppes soda water can 325ml', 22, 0, 60, 300, 100.00, 130.00, 0.00, 'active', '2014-02-26 08:26:31', 2),
(239, 'Brooke Bond Taaza Tea Poly 100gm', 172, 0, 1, 50, 40.00, 48.00, 0.00, 'active', '2014-02-26 09:03:03', 3),
(240, 'Brooke Bond Taaza Tea Poly 200gm', 172, 0, 36, 50, 40.00, 95.00, 0.00, 'active', '2014-02-26 09:03:21', 3),
(241, 'Brooke Bond Taaza Tea Poly 400gm', 172, 0, 39, 50, 40.00, 188.00, 0.00, 'active', '2014-02-26 09:03:43', 3),
(242, 'Tetley Premium Leaf Tea 400gm', 173, 0, 39, 50, 100.00, 170.00, 0.00, 'active', '2014-02-26 09:06:15', 3),
(243, 'Tetley Premium Tea Bags 100gm', 174, 0, 1, 50, 60.00, 70.00, 0.00, 'active', '2014-02-26 09:09:33', 3),
(244, 'Tetley Premium Tea Bags 110gm 55pcs', 174, 0, 78, 50, 60.00, 70.00, 0.00, 'active', '2014-02-26 09:09:56', 3),
(245, 'Pran premium mango juice 1ltr', 10, 0, 14, 100, 80.00, 85.00, 0.00, 'active', '2014-02-26 09:28:54', 2),
(246, 'Frooto mango juice 1ltr', 24, 0, 14, 100, 65.00, 70.00, 0.00, 'active', '2014-02-26 10:36:48', 2),
(247, 'Acme mango juice classic 1ltr', 46, 0, 14, 100, 90.00, 100.00, 0.00, 'active', '2014-02-26 11:36:19', 2),
(248, 'Australian apple 1kg', 175, 0, 3, 100, 25.00, 30.00, 0.00, 'active', '2014-02-27 04:19:12', 2),
(249, 'Banana (Deshi Shagor Kola)  1dozen', 177, 0, 8, 100, 100.00, 110.00, 0.00, 'active', '2014-02-27 04:53:03', 2),
(250, 'Aarong Butter 200gm', 176, 0, 79, 50, 100.00, 200.00, 0.00, 'active', '2014-02-27 04:53:36', 3),
(251, 'Anchor Unsalted Butter 227gm', 178, 0, 80, 50, 500.00, 570.00, 0.00, 'active', '2014-02-27 04:56:20', 3),
(252, 'Banana (Nepali Shagor Kola) ', 179, 0, 8, 100, 55.00, 60.00, 0.00, 'active', '2014-02-27 04:59:04', 2),
(253, 'Lurpak Butter 200gm', 180, 0, 36, 50, 300.00, 330.00, 0.00, 'active', '2014-02-27 04:59:09', 3),
(254, 'Westgold Unsalted Butter 250', 181, 0, 5, 50, 300.00, 370.00, 0.00, 'active', '2014-02-27 05:01:10', 3),
(255, 'Black grapes 1kg', 182, 0, 3, 100, 400.00, 450.00, 0.00, 'active', '2014-02-27 05:01:59', 2),
(256, 'Lurpak Butter 400gm', 183, 0, 39, 50, 250.00, 560.00, 0.00, 'active', '2014-02-27 05:03:07', 3),
(257, 'Grand''Or butter 400gm', 183, 0, 39, 0, 500.00, 560.00, 0.00, 'active', '2014-02-27 05:04:41', 3),
(258, 'Milk Vita Butter 100gm', 184, 0, 1, 50, 100.00, 110.00, 0.00, 'active', '2014-02-27 05:29:03', 3),
(259, 'Red Cow Butter Oil 400gm', 185, 0, 39, 50, 300.00, 350.00, 0.00, 'active', '2014-02-27 05:31:11', 3),
(260, 'Red Cow Butter Oil 900gm', 185, 0, 81, 50, 300.00, 730.00, 0.00, 'active', '2014-02-27 05:31:25', 3),
(261, 'La Vache Qui Rit Cheese 8pcs', 186, 0, 82, 50, 100.00, 180.00, 0.00, 'active', '2014-02-27 05:44:13', 3),
(262, 'Philadelphia Cream Cheese Spread 300gm', 187, 0, 55, 50, 700.00, 740.00, 0.00, 'active', '2014-02-27 05:46:12', 3),
(263, 'Kraft Original Philadelphia Cream Cheese 250gm', 188, 0, 25, 50, 400.00, 500.00, 0.00, 'active', '2014-02-27 05:48:31', 3),
(264, 'Eru Goudkuipje Krauter/Hierbas 100gm', 189, 0, 1, 50, 200.00, 230.00, 0.00, 'active', '2014-02-27 05:50:12', 3),
(265, 'Kissan Processed Cheese 200gm', 190, 0, 36, 50, 200.00, 230.00, 0.00, 'active', '2014-02-27 05:52:05', 3),
(266, 'Kraft Cheddar Processed Cheese 250gm', 191, 0, 5, 50, 600.00, 620.00, 0.00, 'active', '2014-02-27 05:54:11', 3),
(267, 'Kraft Original Cream Cheese Spread 240gm', 192, 0, 63, 50, 300.00, 390.00, 0.00, 'active', '2014-02-27 05:56:03', 3),
(268, 'Lurpak Butter 400gm', 180, 0, 39, 50, 500.00, 560.00, 0.00, 'active', '2014-02-27 05:59:46', 3),
(269, 'Aarong Strawberry UHT Yoghurt Drink 250ml', 193, 0, 13, 50, 25.00, 30.00, 0.00, 'active', '2014-02-27 06:01:45', 3),
(270, 'Aarong Sour Curd 500ml', 194, 0, 16, 50, 40.00, 70.00, 0.00, 'active', '2014-02-27 06:03:27', 3),
(271, 'Shakti Doi (Yogurt)', 195, 0, 4, 50, 20.00, 25.00, 0.00, 'active', '2014-02-27 06:06:16', 3),
(272, 'China fuji apple 1kg', 196, 0, 3, 100, 120.00, 140.00, 0.00, 'active', '2014-02-27 06:32:27', 2),
(273, 'Elit Choco Eggy 50gm', 197, 0, 18, 50, 400.00, 500.00, 0.00, 'active', '2014-02-27 06:42:12', 3),
(274, 'Alpenliebe Creamfills Xtra 75pcs jar', 198, 0, 83, 50, 100.00, 150.00, 0.00, 'active', '2014-02-27 06:45:39', 3),
(275, 'Bounty Chocolate ', 200, 0, 84, 50, 80.00, 86.00, 0.00, 'active', '2014-02-27 06:47:41', 3),
(276, 'Coconut 1piece', 199, 0, 4, 300, 40.00, 50.00, 0.00, 'active', '2014-02-27 06:47:52', 2),
(277, 'Dilshan apple 1kg', 201, 0, 3, 300, 140.00, 150.00, 0.00, 'active', '2014-02-27 06:51:52', 2),
(278, 'Green apple 1kg', 202, 0, 3, 100, 140.00, 160.00, 0.00, 'active', '2014-02-27 06:54:39', 2),
(279, 'Green coconut (Daab) 1piece', 203, 0, 4, 100, 35.00, 40.00, 0.00, 'active', '2014-02-27 06:55:23', 2),
(280, 'Green grapes 1kg', 204, 0, 3, 100, 430.00, 450.00, 0.00, 'active', '2014-02-27 06:58:37', 2),
(281, 'Guava 1kg', 205, 0, 3, 100, 130.00, 150.00, 0.00, 'active', '2014-02-27 06:59:10', 2),
(282, 'Khurma 1kg', 206, 0, 3, 300, 175.00, 180.00, 0.00, 'active', '2014-02-27 07:03:14', 2),
(283, 'Malta 1kg', 207, 0, 3, 100, 120.00, 130.00, 0.00, 'active', '2014-02-27 07:03:47', 2),
(284, 'Bounty Minis Chocolate Pack 400gm', 210, 0, 39, 50, 1000.00, 1060.00, 0.00, 'active', '2014-02-27 07:17:11', 3),
(285, 'Brownly Umbralla Choco Strawberry 23gm', 211, 0, 85, 50, 30.00, 38.00, 0.00, 'active', '2014-02-27 07:21:32', 3),
(286, 'Orange 1dozen', 208, 0, 8, 300, 220.00, 240.00, 0.00, 'active', '2014-02-27 07:22:28', 2),
(287, 'Pineapple 1piece', 209, 0, 4, 100, 40.00, 50.00, 0.00, 'active', '2014-02-27 07:26:23', 2),
(288, 'Cadbury Bournville Almond Chocolate 80gm', 212, 0, 30, 50, 200.00, 260.00, 0.00, 'active', '2014-02-27 07:30:58', 3),
(289, 'Cadbury Bournville R&N Chocolate 33gm', 213, 0, 86, 50, 90.00, 99.00, 0.00, 'active', '2014-02-27 07:32:38', 3),
(290, 'Cadbury Dairy Milk 9.2gm', 214, 0, 87, 50, 10.00, 20.00, 0.00, 'active', '2014-02-27 07:35:35', 3),
(291, 'Red grapes 1kg', 215, 0, 3, 100, 420.00, 450.00, 0.00, 'active', '2014-02-27 07:42:08', 2),
(292, 'Cadbury Dairy Milk 200gm', 214, 0, 79, 50, 370.00, 371.00, 0.00, 'active', '2014-02-27 08:34:16', 3),
(293, 'Cadbury Dairy Milk 40gm', 214, 0, 88, 50, 70.00, 75.00, 0.00, 'active', '2014-02-27 08:34:49', 3),
(294, 'Cadbury Dairy Milk Bar 45gm', 216, 0, 89, 50, 10.00, 20.00, 0.00, 'active', '2014-02-27 08:41:52', 3),
(295, 'Cadbury Dairy Milk Caramel 45gm', 217, 0, 89, 50, 90.00, 95.00, 0.00, 'active', '2014-02-27 08:44:57', 3),
(296, 'Lemon (long) ', 218, 0, 4, 100, 8.00, 10.00, 0.00, 'active', '2014-02-27 08:56:59', 2),
(297, 'Lettuce leaf 1piece', 219, 0, 4, 100, 8.00, 10.00, 0.00, 'active', '2014-02-27 08:58:48', 2),
(298, 'Red spinach (lal shak) 1bundle', 220, 0, 90, 100, 10.00, 15.00, 0.00, 'active', '2014-02-27 09:02:26', 2),
(299, 'Round brinjals (begun) 500gm  ', 221, 0, 2, 100, 25.00, 30.00, 0.00, 'active', '2014-02-27 09:05:29', 2),
(300, 'Bitter gourd (korola) 500gm', 223, 0, 2, 100, 25.00, 32.00, 0.00, 'active', '2014-02-27 09:11:47', 2),
(301, 'Spinach (pui shak) ', 222, 0, 90, 100, 25.00, 30.00, 0.00, 'active', '2014-02-27 09:12:07', 2),
(302, 'Cadbury Dairy Milk Silk 60gm', 224, 0, 91, 50, 100.00, 105.00, 0.00, 'active', '2014-02-27 09:12:36', 3),
(303, 'Cadbury Dairy Milk Silk Fruit & Nut 146gm', 225, 0, 92, 50, 130.00, 150.00, 0.00, 'active', '2014-02-27 09:40:34', 3),
(304, 'Brinjal (begun) long 500gm', 226, 0, 2, 100, 30.00, 34.00, 0.00, 'active', '2014-02-27 10:00:40', 2),
(305, 'Carrot (gajor)  500gm', 227, 0, 2, 300, 25.00, 32.00, 0.00, 'active', '2014-02-27 10:01:02', 2),
(306, 'Coriander leaves (dhoniya)', 229, 0, 1, 100, 20.00, 30.00, 0.00, 'active', '2014-02-27 10:04:54', 2),
(307, 'Cauiliflower (phul kopi) ', 228, 0, 4, 100, 25.00, 30.00, 0.00, 'active', '2014-02-27 10:05:19', 2),
(308, 'Cucumber (shosha)', 230, 0, 2, 100, 25.00, 29.00, 0.00, 'active', '2014-02-27 10:11:55', 2),
(309, 'Garlic (roshun)  500gm', 231, 0, 2, 100, 45.00, 49.00, 0.00, 'active', '2014-02-27 10:12:36', 2),
(310, 'Ginger (ada)', 232, 0, 2, 300, 90.00, 100.00, 0.00, 'active', '2014-02-27 10:13:50', 2),
(311, 'Gourd (lau) 1kg', 233, 0, 3, 100, 35.00, 42.00, 0.00, 'active', '2014-02-27 10:17:52', 2),
(312, 'Green chilli (kacha morich)  150gm', 234, 0, 93, 100, 20.00, 22.00, 0.00, 'active', '2014-02-27 10:19:10', 2),
(313, 'Green papaya 1kg', 236, 0, 3, 100, 30.00, 35.00, 0.00, 'active', '2014-02-27 10:25:22', 2),
(314, 'Ladies finger (bhendi)  500gm', 237, 0, 2, 100, 30.00, 35.00, 0.00, 'active', '2014-02-27 10:26:48', 2),
(315, 'Lemon (round)  1piece', 238, 0, 4, 100, 5.00, 7.00, 0.00, 'active', '2014-02-27 10:29:23', 2),
(316, 'Onion (deshi piyaj) 1kg', 239, 0, 3, 100, 100.00, 120.00, 0.00, 'active', '2014-02-27 10:32:19', 2),
(317, 'Potato (aloo)  1kg', 241, 0, 3, 100, 20.00, 22.00, 0.00, 'active', '2014-02-27 10:37:02', 2),
(318, 'Potol 500gm', 240, 0, 2, 100, 20.00, 26.00, 0.00, 'active', '2014-02-27 10:37:22', 2),
(319, 'Pudina leaves  100gm', 242, 0, 1, 100, 35.00, 40.00, 0.00, 'active', '2014-02-27 10:38:02', 2),
(320, 'Tomato ', 243, 0, 39, 100, 35.00, 40.00, 0.00, 'active', '2014-02-27 10:41:42', 2),
(321, 'Aarong Strawberry UHT Yoghurt Drink 250ml', 244, 0, 13, 50, 25.00, 30.00, 0.00, 'active', '2014-03-01 05:35:19', 3),
(322, 'Cowhead Chocolate Milk 1ltr', 245, 0, 14, 50, 200.00, 245.00, 0.00, 'active', '2014-03-01 05:37:49', 3),
(323, 'Cowhead Strawberry Milk 1ltr', 246, 0, 14, 50, 200.00, 245.00, 0.00, 'active', '2014-03-01 05:39:53', 3),
(324, 'Day Fresh Full Cream Pasteurized Milk 1ltr', 247, 0, 14, 50, 10.00, 58.00, 0.00, 'active', '2014-03-01 05:44:28', 3),
(325, 'Day Fresh Full Cream Pasteurized Milk 200ml', 247, 0, 11, 50, 10.00, 15.00, 0.00, 'active', '2014-03-01 05:44:42', 3),
(326, 'Day Fresh Full Cream Pasteurized Milk 250ml', 247, 0, 13, 50, 10.00, 17.00, 0.00, 'active', '2014-03-01 05:45:02', 3),
(327, 'Day Fresh Full Cream Pasteurized Milk 500ml', 247, 0, 16, 50, 10.00, 32.00, 0.00, 'active', '2014-03-01 05:45:24', 3),
(328, 'Millac Gold Heavy Whipping Cream 1ltr', 248, 0, 14, 50, 800.00, 830.00, 0.00, 'active', '2014-03-01 05:58:18', 3),
(329, 'Aarong Full Cream Liquid Milk 500ml', 249, 0, 16, 50, 30.00, 32.00, 0.00, 'active', '2014-03-01 06:00:57', 3),
(330, 'Aarong Full Cream Liquid Milk 1ltr', 249, 0, 14, 50, 50.00, 58.00, 0.00, 'active', '2014-03-01 06:06:15', 3),
(331, 'Danish Condensed Milk 397gm', 250, 0, 97, 50, 25.00, 30.00, 0.00, 'active', '2014-03-01 06:10:14', 3),
(332, 'Dano Full Cream Milk Powder 400gm', 251, 0, 39, 50, 100.00, 145.00, 0.00, 'active', '2014-03-01 06:16:49', 3),
(333, 'Dano Full Cream Milk Powder 500gm', 251, 0, 2, 50, 100.00, 210.00, 0.00, 'active', '2014-03-01 06:17:00', 3),
(334, 'Dano Full Cream Milk Powder 800gm', 251, 0, 98, 50, 100.00, 220.00, 0.00, 'active', '2014-03-01 06:17:11', 3),
(335, 'Dano Full Cream Milk Powder Box 1kg', 252, 0, 3, 50, 200.00, 240.00, 0.00, 'active', '2014-03-01 06:19:56', 3),
(336, 'Dano Full Cream Milk Powder Tin 2kg', 253, 0, 99, 50, 50.00, 60.00, 0.00, 'active', '2014-03-01 06:25:13', 3),
(337, 'Dano Sterilized Cream 170gm', 254, 0, 100, 500, 200.00, 280.00, 0.00, 'active', '2014-03-01 06:27:50', 3),
(338, 'Diploma Full Cream Milk Powder 100gm', 255, 0, 1, 50, 300.00, 315.00, 0.00, 'active', '2014-03-01 06:31:05', 3),
(339, 'Diploma Full Cream Milk Powder 400gm', 255, 0, 39, 50, 300.00, 625.00, 0.00, 'active', '2014-03-01 06:32:00', 3),
(340, 'Diploma Full Cream Milk Powder 500gm', 255, 0, 2, 50, 300.00, 730.00, 0.00, 'active', '2014-03-01 06:32:21', 3),
(341, 'Diploma Full Cream Milk Powder 1000gm', 255, 0, 101, 50, 300.00, 1450.00, 0.00, 'active', '2014-03-01 06:33:20', 3),
(342, 'Farm Fresh Chocolate Milk 200ml', 256, 0, 11, 50, 100.00, 120.00, 0.00, 'active', '2014-03-01 06:36:49', 3),
(343, 'Rupchanda Soyabean Oil 1ltr', 257, 0, 14, 50, 100.00, 130.00, 0.00, 'active', '2014-03-02 06:16:58', 3),
(344, 'Ambassader Olive Oil 150ml', 258, 0, 102, 50, 200.00, 274.00, 0.00, 'active', '2014-03-02 06:24:39', 3),
(345, 'Ambrosia Sunflower Oil 5ltr', 259, 0, 103, 50, 1300.00, 1360.00, 0.00, 'active', '2014-03-02 06:28:48', 3),
(346, 'Bachun Sesame Oil 600ml', 260, 0, 56, 50, 700.00, 732.00, 0.00, 'active', '2014-03-02 06:31:33', 3),
(347, 'Carbonell Equilibrio Olive Oil 1ltr', 261, 0, 14, 50, 700.00, 730.00, 0.00, 'active', '2014-03-02 06:34:45', 3),
(348, 'Fragata Extra Virgin Olive Oil 500ml', 262, 0, 16, 50, 300.00, 375.00, 0.00, 'active', '2014-03-02 06:39:26', 3),
(349, 'Fragata Olive Pomace Olive Oil 500ml', 263, 0, 16, 50, 200.00, 280.00, 0.00, 'active', '2014-03-02 06:42:18', 3),
(350, 'Fragata Pomace Olive Oil 1ltr', 264, 0, 14, 50, 500.00, 550.00, 0.00, 'active', '2014-03-02 06:44:47', 3),
(351, 'King''s Sunflower Oil 2ltr', 265, 0, 41, 50, 500.00, 535.00, 0.00, 'active', '2014-03-02 06:54:59', 3),
(352, 'King''s Sunflower Oil Pet 5ltr', 266, 0, 103, 50, 1200.00, 1275.00, 0.00, 'active', '2014-03-02 06:58:14', 3),
(353, 'La Espanola Olive Oil Tin 150ml', 267, 0, 102, 50, 100.00, 180.00, 0.00, 'active', '2014-03-02 07:04:24', 3),
(354, 'Lucy Oliva Olive Oil Extra Virgin & Refined olive Oil 500ml', 268, 0, 16, 50, 400.00, 430.00, 0.00, 'active', '2014-03-02 07:07:03', 3),
(355, 'Minara Sunflower Oil 3ltr', 269, 0, 104, 50, 800.00, 820.00, 0.00, 'active', '2014-03-02 07:09:55', 3),
(356, 'Olitalia 100% Pure Olive Oil 150ml', 270, 0, 102, 50, 170.00, 172.00, 0.00, 'active', '2014-03-02 07:13:40', 3),
(357, 'Olitalia Extra Virgin Olive Oil 250ml', 271, 0, 13, 50, 200.00, 290.00, 0.00, 'active', '2014-03-02 07:15:52', 3),
(358, 'Olitalia Extra Virgin Olive Oil 1ltr', 271, 0, 14, 50, 700.00, 780.00, 0.00, 'active', '2014-03-02 07:20:17', 3),
(359, 'Olitalia Pomace Olive Oil 500ml', 272, 0, 16, 50, 300.00, 320.00, 0.00, 'active', '2014-03-02 07:26:41', 3),
(360, 'Fragata Olive Pomace Olive Oil 1ltr', 263, 0, 14, 50, 500.00, 550.00, 0.00, 'active', '2014-03-02 07:32:57', 3),
(361, 'Olitalia Sunflower Oil 1ltr', 273, 0, 14, 50, 200.00, 292.00, 0.00, 'active', '2014-03-02 08:08:28', 3),
(362, 'Olitalia Sunflower Oil 3ltr', 273, 0, 104, 50, 800.00, 870.00, 0.00, 'active', '2014-03-02 08:15:43', 3),
(363, 'Orkide Sunflower Oil 5ltr', 274, 0, 103, 50, 300.00, 1300.00, 0.00, 'active', '2014-03-02 08:18:32', 3),
(364, 'Pran Mustard Oil 250ml', 275, 0, 13, 50, 50.00, 58.00, 0.00, 'active', '2014-03-02 08:24:28', 3),
(365, 'Pran Mustard Oil 500ml', 275, 0, 16, 50, 50.00, 108.00, 0.00, 'active', '2014-03-02 08:24:48', 3),
(366, 'Pusti Soyabean Oil Pet 8ltr', 276, 0, 105, 50, 1000.00, 1055.00, 0.00, 'active', '2014-03-02 08:31:49', 3),
(367, 'Radhuni Mustard Oil 500ml', 277, 0, 16, 50, 110.00, 115.00, 0.00, 'active', '2014-03-02 08:34:13', 3),
(368, 'Radhuni Mustard Oil 1ltr', 277, 0, 14, 50, 110.00, 220.00, 0.00, 'active', '2014-03-02 08:34:29', 3),
(369, 'Aarong fresh kalijira aromatic rice 1kg', 278, 0, 3, 300, 120.00, 130.00, 0.00, 'active', '2014-03-02 08:37:49', 2),
(370, 'Rupchanda Mustard Oil 1ltr', 279, 0, 14, 50, 200.00, 215.00, 0.00, 'active', '2014-03-02 08:46:29', 3),
(371, 'Rupchanda Mustard Oil 250ml', 279, 0, 13, 50, 25.00, 50.00, 0.00, 'active', '2014-03-02 08:48:54', 3),
(372, 'Rupchanda Soyabean Oil 2ltr', 280, 0, 41, 50, 200.00, 258.00, 0.00, 'active', '2014-03-02 08:51:25', 3),
(373, 'Rupchanda Soyabean Oil 5ltr', 280, 0, 103, 50, 200.00, 575.00, 0.00, 'active', '2014-03-02 08:51:40', 3),
(374, 'Rupchanda Soyabean Oil Pet 8ltr', 281, 0, 105, 50, 1000.00, 1023.00, 0.00, 'active', '2014-03-02 08:54:27', 3),
(375, 'Span Oliva Olive Oil 250ml', 282, 0, 13, 50, 200.00, 220.00, 0.00, 'active', '2014-03-02 08:56:48', 3),
(376, 'Teer Mustard Oil 250ml', 283, 0, 13, 50, 50.00, 56.00, 0.00, 'active', '2014-03-02 09:01:04', 3),
(377, 'Teer Mustard Oil 500ml', 283, 0, 16, 50, 50.00, 102.00, 0.00, 'active', '2014-03-02 09:01:26', 3),
(378, 'Teer Soyabean Oil 500ml', 284, 0, 16, 50, 130.00, 134.00, 0.00, 'active', '2014-03-02 09:08:31', 3),
(379, 'Teer Soyabean Oil1ltr', 284, 0, 14, 50, 130.00, 260.00, 0.00, 'active', '2014-03-02 09:10:32', 3),
(380, 'Teer Soyabean Oil 2ltr', 284, 0, 41, 50, 130.00, 520.00, 0.00, 'active', '2014-03-02 09:10:48', 3),
(381, 'Teer Soyabean Oil 5ltr', 284, 0, 103, 50, 130.00, 640.00, 0.00, 'active', '2014-03-02 09:11:13', 3),
(382, 'Teer Soyabean Oil 8ltr', 284, 0, 105, 50, 130.00, 1055.00, 0.00, 'active', '2014-03-02 09:11:46', 3),
(383, 'Teer Soyabean Oil 8ltr', 284, 0, 105, 0, 130.00, 1055.00, 0.00, 'active', '2014-03-02 09:14:48', 3),
(384, 'Heinz Tomato Ketchup 300gm', 285, 0, 55, 50, 100.00, 135.00, 0.00, 'active', '2014-03-02 11:03:26', 3),
(385, 'Pran miniket rice 5kg', 286, 0, 6, 100, 260.00, 290.00, 0.00, 'active', '2014-03-02 11:05:16', 2),
(386, 'Purnava low g.i. rice  1kg', 288, 0, 3, 100, 90.00, 100.00, 0.00, 'active', '2014-03-02 11:36:25', 2),
(387, 'Pran nazirshail rice ', 287, 0, 6, 100, 300.00, 315.00, 0.00, 'active', '2014-03-02 11:38:17', 2),
(388, 'Purnava low g.i. rice  5kg', 288, 0, 6, 100, 450.00, 470.00, 0.00, 'active', '2014-03-02 11:40:16', 2),
(389, 'Chashi aromatic rice chinigura ', 289, 0, 3, 100, 120.00, 130.00, 0.00, 'active', '2014-03-02 11:42:46', 2),
(390, 'Radhuni Chilli Powder  (Radhuni Morich) 100gm', 290, 0, 1, 50, 30.00, 35.00, 0.00, 'active', '2014-03-02 11:46:57', 3),
(391, 'Radhuni Chilli Powder  (Radhuni Morich) 500gm', 290, 0, 2, 50, 30.00, 150.00, 0.00, 'active', '2014-03-02 11:47:16', 3),
(392, '1piece', 2143, 0, 4, 10, 12.00, 15.00, 0.00, 'active', '2014-06-15 11:56:53', 0),
(393, 'Pran mango juice pack 200ml', 2144, 0, 11, 11, 20.00, 25.00, 0.00, 'active', '2014-06-15 11:56:53', 0),
(394, '250ml', 2145, 0, 13, 12, 20.00, 25.00, 0.00, 'active', '2014-06-15 11:56:53', 0),
(395, '1liter', 2146, 0, 14, 13, 90.00, 100.00, 0.00, 'active', '2014-06-15 11:56:53', 0),
(396, ' 250ml', 2147, 0, 13, 14, 20.00, 25.00, 0.00, 'active', '2014-06-15 11:56:54', 0),
(397, '946ml', 2148, 0, 51, 15, 400.00, 475.00, 0.00, 'active', '2014-06-15 11:56:54', 0),
(398, '1ltr', 2149, 0, 14, 16, 90.00, 100.00, 0.00, 'active', '2014-06-15 11:56:54', 0);

-- --------------------------------------------------------

--
-- Table structure for table `product_inventory_log`
--

CREATE TABLE IF NOT EXISTS `product_inventory_log` (
  `PIL_id` int(11) NOT NULL AUTO_INCREMENT,
  `PIL_PI_id` int(11) NOT NULL COMMENT 'product inventory table id',
  `PIL_date` date NOT NULL,
  `PIL_in_qty` int(7) NOT NULL COMMENT 'total qty increase',
  `PIL_out_qty` int(7) NOT NULL COMMENT 'total qty decrease',
  `PIL_order_number` varchar(200) COLLATE utf8_unicode_ci NOT NULL,
  `PIL_note` varchar(500) COLLATE utf8_unicode_ci NOT NULL,
  `PIL_created_by` int(11) NOT NULL,
  `PIL_created_date` datetime NOT NULL,
  PRIMARY KEY (`PIL_id`)
) ENGINE=InnoDB  DEFAULT CHARSET=utf8 COLLATE=utf8_unicode_ci COMMENT='PIL=product_inventory_log' AUTO_INCREMENT=395 ;

--
-- Dumping data for table `product_inventory_log`
--

INSERT INTO `product_inventory_log` (`PIL_id`, `PIL_PI_id`, `PIL_date`, `PIL_in_qty`, `PIL_out_qty`, `PIL_order_number`, `PIL_note`, `PIL_created_by`, `PIL_created_date`) VALUES
(1, 1, '2014-02-03', 1, 0, '', 'Inserted initial value ', 3, '2014-02-03 11:15:37'),
(2, 1, '2014-02-03', 5, 0, '', 'new inventory ', 3, '2014-02-03 11:16:14'),
(3, 2, '2014-02-03', 1, 0, '', 'Inserted initial value ', 3, '2014-02-03 12:13:22'),
(4, 3, '2014-02-03', 500, 0, '', 'Inserted initial value ', 2, '2014-02-03 12:16:22'),
(5, 4, '2014-02-03', 500, 0, '', 'Inserted initial value ', 2, '2014-02-03 12:34:25'),
(6, 5, '2014-02-03', 500, 0, '', 'Inserted initial value ', 2, '2014-02-03 14:06:21'),
(7, 6, '2014-02-03', 500, 0, '', 'Inserted initial value ', 2, '2014-02-03 14:13:15'),
(8, 7, '2014-02-03', 500, 0, '', 'Inserted initial value ', 2, '2014-02-03 14:34:48'),
(9, 8, '2014-02-03', 500, 0, '', 'Inserted initial value ', 2, '2014-02-03 14:40:40'),
(10, 9, '2014-02-03', 500, 0, '', 'Inserted initial value ', 2, '2014-02-03 14:48:43'),
(11, 10, '2014-02-03', 500, 0, '', 'Inserted initial value ', 2, '2014-02-03 14:55:43'),
(12, 11, '2014-02-03', 500, 0, '', 'Inserted initial value ', 2, '2014-02-03 15:39:41'),
(13, 12, '2014-02-03', 500, 0, '', 'Inserted initial value ', 2, '2014-02-03 15:51:37'),
(14, 13, '2014-02-03', 500, 0, '', 'Inserted initial value ', 2, '2014-02-03 16:01:04'),
(15, 14, '2014-02-03', 500, 0, '', 'Inserted initial value ', 2, '2014-02-03 16:04:36'),
(16, 15, '2014-02-03', 500, 0, '', 'Inserted initial value ', 2, '2014-02-03 16:09:43'),
(17, 16, '2014-02-03', 300, 0, '', 'Inserted initial value ', 2, '2014-02-03 16:14:25'),
(18, 17, '2014-02-03', 500, 0, '', 'Inserted initial value ', 2, '2014-02-03 16:17:42'),
(19, 18, '2014-02-03', 500, 0, '', 'Inserted initial value ', 2, '2014-02-03 16:20:35'),
(20, 19, '2014-02-03', 300, 0, '', 'Inserted initial value ', 2, '2014-02-03 16:30:09'),
(21, 20, '2014-02-03', 500, 0, '', 'Inserted initial value ', 2, '2014-02-03 16:48:47'),
(22, 21, '2014-02-03', 500, 0, '', 'Inserted initial value ', 2, '2014-02-03 16:55:12'),
(23, 22, '2014-02-03', 300, 0, '', 'Inserted initial value ', 2, '2014-02-03 17:09:12'),
(24, 23, '2014-02-03', 500, 0, '', 'Inserted initial value ', 2, '2014-02-03 17:24:26'),
(25, 24, '2014-02-04', 500, 0, '', 'Inserted initial value ', 2, '2014-02-04 10:29:17'),
(26, 25, '2014-02-04', 300, 0, '', 'Inserted initial value ', 2, '2014-02-04 10:42:58'),
(27, 26, '2014-02-04', 300, 0, '', 'Inserted initial value ', 2, '2014-02-04 10:55:36'),
(28, 27, '2014-02-04', 100, 0, '', 'Inserted initial value ', 3, '2014-02-04 11:01:13'),
(29, 28, '2014-02-04', 300, 0, '', 'Inserted initial value ', 2, '2014-02-04 11:07:29'),
(30, 29, '2014-02-04', 100, 0, '', 'Inserted initial value ', 3, '2014-02-04 11:22:28'),
(31, 30, '2014-02-04', 300, 0, '', 'Inserted initial value ', 2, '2014-02-04 11:31:27'),
(32, 31, '2014-02-04', 300, 0, '', 'Inserted initial value ', 2, '2014-02-04 11:53:03'),
(33, 32, '2014-02-04', 300, 0, '', 'Inserted initial value ', 2, '2014-02-04 12:07:54'),
(34, 33, '2014-02-04', 100, 0, '', 'Inserted initial value ', 3, '2014-02-04 12:12:32'),
(35, 34, '2014-02-04', 300, 0, '', 'Inserted initial value ', 2, '2014-02-04 12:18:07'),
(36, 35, '2014-02-04', 300, 0, '', 'Inserted initial value ', 2, '2014-02-04 13:04:21'),
(37, 36, '2014-02-04', 300, 0, '', 'Inserted initial value ', 2, '2014-02-04 13:09:55'),
(38, 37, '2014-02-04', 500, 0, '', 'Inserted initial value ', 2, '2014-02-04 13:24:06'),
(39, 38, '2014-02-04', 300, 0, '', 'Inserted initial value ', 2, '2014-02-04 13:51:29'),
(40, 39, '2014-02-04', 200, 0, '', 'Inserted initial value ', 2, '2014-02-04 13:53:32'),
(41, 40, '2014-02-04', 200, 0, '', 'Inserted initial value ', 2, '2014-02-04 14:01:47'),
(42, 41, '2014-02-04', 200, 0, '', 'Inserted initial value ', 2, '2014-02-04 14:24:00'),
(43, 42, '2014-02-04', 200, 0, '', 'Inserted initial value ', 2, '2014-02-04 14:37:19'),
(44, 43, '2014-02-04', 500, 0, '', 'Inserted initial value ', 3, '2014-02-04 14:51:05'),
(45, 44, '2014-02-04', 300, 0, '', 'Inserted initial value ', 2, '2014-02-04 15:14:07'),
(46, 45, '2014-02-04', 300, 0, '', 'Inserted initial value ', 2, '2014-02-04 15:43:26'),
(47, 46, '2014-02-04', 200, 0, '', 'Inserted initial value ', 2, '2014-02-04 15:56:50'),
(48, 47, '2014-02-05', 100, 0, '', 'Inserted initial value ', 3, '2014-02-05 12:51:09'),
(49, 48, '2014-02-05', 100, 0, '', 'Inserted initial value ', 3, '2014-02-05 12:59:39'),
(50, 49, '2014-02-06', 200, 0, '', 'Inserted initial value ', 2, '2014-02-06 16:27:49'),
(51, 50, '2014-02-06', 300, 0, '', 'Inserted initial value ', 2, '2014-02-06 16:42:09'),
(52, 51, '2014-02-08', 100, 0, '', 'Inserted initial value ', 3, '2014-02-08 14:18:56'),
(53, 52, '2014-02-08', 100, 0, '', 'Inserted initial value ', 3, '2014-02-08 14:22:38'),
(54, 53, '2014-02-08', 100, 0, '', 'Inserted initial value ', 3, '2014-02-08 14:39:48'),
(55, 54, '2014-02-08', 100, 0, '', 'Inserted initial value ', 3, '2014-02-08 14:58:49'),
(56, 55, '2014-02-08', 100, 0, '', 'Inserted initial value ', 3, '2014-02-08 15:05:56'),
(57, 56, '2014-02-08', 100, 0, '', 'Inserted initial value ', 3, '2014-02-08 15:23:58'),
(58, 57, '2014-02-12', 12, 0, '', 'Inserted initial value ', 1, '2014-02-12 17:22:08'),
(59, 58, '2014-02-13', 40, 0, '', 'Inserted initial value ', 3, '2014-02-13 12:27:32'),
(60, 59, '2014-02-13', 20, 0, '', 'Inserted initial value ', 3, '2014-02-13 12:44:02'),
(61, 60, '2014-02-16', 200, 0, '', 'Inserted initial value ', 2, '2014-02-16 11:02:45'),
(62, 61, '2014-02-16', 200, 0, '', 'Inserted initial value ', 2, '2014-02-16 11:06:00'),
(63, 62, '2014-02-16', 200, 0, '', 'Inserted initial value ', 2, '2014-02-16 11:15:14'),
(64, 63, '2014-02-16', 200, 0, '', 'Inserted initial value ', 2, '2014-02-16 12:37:36'),
(65, 64, '2014-02-16', 200, 0, '', 'Inserted initial value ', 2, '2014-02-16 12:39:10'),
(66, 65, '2014-02-16', 150, 0, '', 'Inserted initial value ', 2, '2014-02-16 12:46:42'),
(67, 66, '2014-02-16', 200, 0, '', 'Inserted initial value ', 2, '2014-02-16 12:55:28'),
(68, 67, '2014-02-16', 150, 0, '', 'Inserted initial value ', 2, '2014-02-16 12:58:47'),
(69, 68, '2014-02-16', 300, 0, '', 'Inserted initial value ', 2, '2014-02-16 13:46:06'),
(70, 69, '2014-02-16', 200, 0, '', 'Inserted initial value ', 2, '2014-02-16 13:48:38'),
(71, 70, '2014-02-16', 150, 0, '', 'Inserted initial value ', 2, '2014-02-16 13:52:55'),
(72, 71, '2014-02-16', 300, 0, '', 'Inserted initial value ', 2, '2014-02-16 14:07:06'),
(73, 72, '2014-02-16', 200, 0, '', 'Inserted initial value ', 2, '2014-02-16 14:08:48'),
(74, 73, '2014-02-16', 200, 0, '', 'Inserted initial value ', 2, '2014-02-16 14:27:25'),
(75, 74, '2014-02-16', 100, 0, '', 'Inserted initial value ', 3, '2014-02-16 14:29:26'),
(76, 75, '2014-02-16', 300, 0, '', 'Inserted initial value ', 2, '2014-02-16 14:38:32'),
(77, 76, '2014-02-16', 300, 0, '', 'Inserted initial value ', 2, '2014-02-16 14:41:40'),
(78, 77, '2014-02-16', 500, 0, '', 'Inserted initial value ', 2, '2014-02-16 14:43:25'),
(79, 78, '2014-02-16', 50, 0, '', 'Inserted initial value ', 3, '2014-02-16 14:48:31'),
(80, 79, '2014-02-16', 200, 0, '', 'Inserted initial value ', 2, '2014-02-16 15:22:09'),
(81, 80, '2014-02-16', 300, 0, '', 'Inserted initial value ', 2, '2014-02-16 15:22:59'),
(82, 81, '2014-02-16', 300, 0, '', 'Inserted initial value ', 2, '2014-02-16 15:25:33'),
(83, 82, '2014-02-16', 500, 0, '', 'Inserted initial value ', 2, '2014-02-16 15:32:35'),
(84, 83, '2014-02-16', 150, 0, '', 'Inserted initial value ', 2, '2014-02-16 15:42:43'),
(85, 84, '2014-02-16', 150, 0, '', 'Inserted initial value ', 2, '2014-02-16 15:58:42'),
(86, 85, '2014-02-16', 6, 0, '', 'Inserted initial value ', 1, '2014-02-16 16:06:14'),
(87, 86, '2014-02-16', 15, 0, '', 'Inserted initial value ', 1, '2014-02-16 16:09:04'),
(88, 87, '2014-02-16', 300, 0, '', 'Inserted initial value ', 2, '2014-02-16 16:26:12'),
(89, 88, '2014-02-16', 300, 0, '', 'Inserted initial value ', 2, '2014-02-16 16:29:23'),
(90, 89, '2014-02-17', 50, 0, '', 'Inserted initial value ', 3, '2014-02-17 12:01:48'),
(91, 90, '2014-02-17', 150, 0, '', 'Inserted initial value ', 2, '2014-02-17 12:10:34'),
(92, 91, '2014-02-17', 100, 0, '', 'Inserted initial value ', 3, '2014-02-17 12:11:10'),
(93, 92, '2014-02-17', 200, 0, '', 'Inserted initial value ', 2, '2014-02-17 12:15:20'),
(94, 93, '2014-02-17', 150, 0, '', 'Inserted initial value ', 2, '2014-02-17 12:16:59'),
(95, 94, '2014-02-17', 50, 0, '', 'Inserted initial value ', 3, '2014-02-17 12:25:42'),
(96, 95, '2014-02-17', 50, 0, '', 'Inserted initial value ', 3, '2014-02-17 12:29:44'),
(97, 96, '2014-02-17', 150, 0, '', 'Inserted initial value ', 2, '2014-02-17 12:32:51'),
(98, 97, '2014-02-17', 50, 0, '', 'Inserted initial value ', 3, '2014-02-17 12:36:53'),
(99, 98, '2014-02-17', 50, 0, '', 'Inserted initial value ', 3, '2014-02-17 12:43:14'),
(100, 99, '2014-02-17', 50, 0, '', 'Inserted initial value ', 3, '2014-02-17 12:52:26'),
(101, 100, '2014-02-17', 50, 0, '', 'Inserted initial value ', 3, '2014-02-17 13:02:25'),
(102, 101, '2014-02-17', 50, 0, '', 'Inserted initial value ', 3, '2014-02-17 13:05:32'),
(103, 102, '2014-02-17', 50, 0, '', 'Inserted initial value ', 3, '2014-02-17 13:08:53'),
(104, 103, '2014-02-17', 50, 0, '', 'Inserted initial value ', 3, '2014-02-17 13:14:14'),
(105, 104, '2014-02-17', 50, 0, '', 'Inserted initial value ', 3, '2014-02-17 13:14:32'),
(106, 105, '2014-02-17', 50, 0, '', 'Inserted initial value ', 3, '2014-02-17 14:33:26'),
(107, 106, '2014-02-17', 50, 0, '', 'Inserted initial value ', 3, '2014-02-17 14:38:08'),
(108, 107, '2014-02-17', 50, 0, '', 'Inserted initial value ', 3, '2014-02-17 14:42:12'),
(109, 108, '2014-02-17', 50, 0, '', 'Inserted initial value ', 3, '2014-02-17 14:42:46'),
(110, 109, '2014-02-17', 50, 0, '', 'Inserted initial value ', 3, '2014-02-17 14:46:20'),
(111, 110, '2014-02-17', 50, 0, '', 'Inserted initial value ', 3, '2014-02-17 14:48:34'),
(112, 111, '2014-02-17', 50, 0, '', 'Inserted initial value ', 3, '2014-02-17 15:11:19'),
(113, 112, '2014-02-17', 100, 0, '', 'Inserted initial value ', 3, '2014-02-17 15:15:19'),
(114, 113, '2014-02-17', 150, 0, '', 'Inserted initial value ', 2, '2014-02-17 17:23:24'),
(115, 114, '2014-02-17', 200, 0, '', 'Inserted initial value ', 2, '2014-02-17 17:34:52'),
(116, 115, '2014-02-17', 150, 0, '', 'Inserted initial value ', 2, '2014-02-17 17:41:43'),
(117, 116, '2014-02-17', 150, 0, '', 'Inserted initial value ', 2, '2014-02-17 17:48:39'),
(118, 117, '2014-02-18', 150, 0, '', 'Inserted initial value ', 2, '2014-02-18 11:00:30'),
(119, 118, '2014-02-18', 150, 0, '', 'Inserted initial value ', 2, '2014-02-18 11:10:32'),
(120, 119, '2014-02-18', 50, 0, '', 'Inserted initial value ', 3, '2014-02-18 12:41:21'),
(121, 120, '2014-02-18', 50, 0, '', 'Inserted initial value ', 3, '2014-02-18 12:42:22'),
(122, 121, '2014-02-18', 50, 0, '', 'Inserted initial value ', 3, '2014-02-18 12:42:39'),
(123, 122, '2014-02-18', 500, 0, '', 'Inserted initial value ', 2, '2014-02-18 13:02:53'),
(124, 123, '2014-02-18', 50, 0, '', 'Inserted initial value ', 3, '2014-02-18 13:10:10'),
(125, 124, '2014-02-18', 50, 0, '', 'Inserted initial value ', 3, '2014-02-18 13:12:37'),
(126, 125, '2014-02-18', 50, 0, '', 'Inserted initial value ', 3, '2014-02-18 13:23:59'),
(127, 126, '2014-02-18', 150, 0, '', 'Inserted initial value ', 2, '2014-02-18 14:10:40'),
(128, 127, '2014-02-18', 300, 0, '', 'Inserted initial value ', 2, '2014-02-18 14:14:06'),
(129, 128, '2014-02-18', 500, 0, '', 'Inserted initial value ', 2, '2014-02-18 14:18:15'),
(130, 129, '2014-02-18', 50, 0, '', 'Inserted initial value ', 3, '2014-02-18 15:10:54'),
(131, 130, '2014-02-18', 50, 0, '', 'Inserted initial value ', 3, '2014-02-18 15:15:46'),
(132, 131, '2014-02-18', 200, 0, '', 'Inserted initial value ', 2, '2014-02-18 15:40:11'),
(133, 132, '2014-02-18', 500, 0, '', 'Inserted initial value ', 2, '2014-02-18 15:50:52'),
(134, 133, '2014-02-18', 300, 0, '', 'Inserted initial value ', 2, '2014-02-18 16:06:23'),
(135, 134, '2014-02-19', 200, 0, '', 'Inserted initial value ', 2, '2014-02-19 10:38:16'),
(136, 135, '2014-02-19', 200, 0, '', 'Inserted initial value ', 2, '2014-02-19 10:39:26'),
(137, 136, '2014-02-19', 200, 0, '', 'Inserted initial value ', 2, '2014-02-19 10:41:30'),
(138, 137, '2014-02-19', 150, 0, '', 'Inserted initial value ', 2, '2014-02-19 10:42:09'),
(139, 138, '2014-02-19', 200, 0, '', 'Inserted initial value ', 2, '2014-02-19 12:58:12'),
(140, 139, '2014-02-19', 100, 0, '', 'Inserted initial value ', 3, '2014-02-19 13:26:38'),
(141, 140, '2014-02-19', 100, 0, '', 'Inserted initial value ', 3, '2014-02-19 13:26:46'),
(142, 141, '2014-02-19', 100, 0, '', 'Inserted initial value ', 3, '2014-02-19 13:27:07'),
(143, 142, '2014-02-20', 50, 0, '', 'Inserted initial value ', 3, '2014-02-20 10:44:34'),
(144, 143, '2014-02-20', 50, 0, '', 'Inserted initial value ', 3, '2014-02-20 14:50:30'),
(145, 144, '2014-02-20', 100, 0, '', 'Inserted initial value ', 3, '2014-02-20 16:20:49'),
(146, 145, '2014-02-20', 50, 0, '', 'Inserted initial value ', 3, '2014-02-20 16:31:33'),
(147, 146, '2014-02-22', 50, 0, '', 'Inserted initial value ', 3, '2014-02-22 12:16:06'),
(148, 147, '2014-02-22', 50, 0, '', 'Inserted initial value ', 3, '2014-02-22 12:24:55'),
(149, 148, '2014-02-22', 50, 0, '', 'Inserted initial value ', 3, '2014-02-22 12:34:17'),
(150, 149, '2014-02-24', 50, 0, '', 'Inserted initial value ', 3, '2014-02-24 15:12:12'),
(151, 150, '2014-02-24', 50, 0, '', 'Inserted initial value ', 3, '2014-02-24 15:38:42'),
(152, 151, '2014-02-25', 50, 0, '', 'Inserted initial value ', 3, '2014-02-25 12:13:38'),
(153, 152, '2014-02-25', 50, 0, '', 'Inserted initial value ', 3, '2014-02-25 12:19:42'),
(154, 153, '2014-02-25', 50, 0, '', 'Inserted initial value ', 3, '2014-02-25 13:01:08'),
(155, 154, '2014-02-25', 50, 0, '', 'Inserted initial value ', 3, '2014-02-25 13:04:29'),
(156, 155, '2014-02-25', 50, 0, '', 'Inserted initial value ', 3, '2014-02-25 13:10:18'),
(157, 156, '2014-02-25', 50, 0, '', 'Inserted initial value ', 3, '2014-02-25 13:15:15'),
(158, 157, '2014-02-25', 50, 0, '', 'Inserted initial value ', 3, '2014-02-25 13:21:09'),
(159, 158, '2014-02-25', 50, 0, '', 'Inserted initial value ', 3, '2014-02-25 13:25:54'),
(160, 159, '2014-02-25', 100, 0, '', 'Inserted initial value ', 2, '2014-02-25 13:26:54'),
(161, 160, '2014-02-25', 50, 0, '', 'Inserted initial value ', 3, '2014-02-25 13:28:05'),
(162, 161, '2014-02-25', 50, 0, '', 'Inserted initial value ', 3, '2014-02-25 13:30:20'),
(163, 162, '2014-02-25', 50, 0, '', 'Inserted initial value ', 3, '2014-02-25 13:34:03'),
(164, 163, '2014-02-25', 50, 0, '', 'Inserted initial value ', 3, '2014-02-25 13:37:31'),
(165, 164, '2014-02-25', 50, 0, '', 'Inserted initial value ', 3, '2014-02-25 13:41:06'),
(166, 165, '2014-02-25', 50, 0, '', 'Inserted initial value ', 3, '2014-02-25 13:45:18'),
(167, 166, '2014-02-25', 300, 0, '', 'Inserted initial value ', 2, '2014-02-25 13:55:25'),
(168, 167, '2014-02-25', 400, 0, '', 'Inserted initial value ', 2, '2014-02-25 14:00:33'),
(169, 168, '2014-02-25', 300, 0, '', 'Inserted initial value ', 2, '2014-02-25 14:07:00'),
(170, 169, '2014-02-25', 300, 0, '', 'Inserted initial value ', 2, '2014-02-25 14:07:35'),
(171, 170, '2014-02-25', 100, 0, '', 'Inserted initial value ', 2, '2014-02-25 14:25:31'),
(172, 171, '2014-02-25', 300, 0, '', 'Inserted initial value ', 2, '2014-02-25 14:27:25'),
(173, 172, '2014-02-25', 100, 0, '', 'Inserted initial value ', 2, '2014-02-25 14:33:23'),
(174, 173, '2014-02-25', 100, 0, '', 'Inserted initial value ', 2, '2014-02-25 14:33:51'),
(175, 174, '2014-02-25', 100, 0, '', 'Inserted initial value ', 2, '2014-02-25 14:34:13'),
(176, 175, '2014-02-25', 300, 0, '', 'Inserted initial value ', 2, '2014-02-25 14:39:56'),
(177, 176, '2014-02-25', 300, 0, '', 'Inserted initial value ', 2, '2014-02-25 14:40:27'),
(178, 177, '2014-02-25', 50, 0, '', 'Inserted initial value ', 3, '2014-02-25 14:43:36'),
(179, 178, '2014-02-25', 400, 0, '', 'Inserted initial value ', 2, '2014-02-25 14:56:00'),
(180, 179, '2014-02-25', 400, 0, '', 'Inserted initial value ', 2, '2014-02-25 14:56:22'),
(181, 180, '2014-02-25', 100, 0, '', 'Inserted initial value ', 2, '2014-02-25 15:00:51'),
(182, 181, '2014-02-25', 100, 0, '', 'Inserted initial value ', 2, '2014-02-25 15:01:08'),
(183, 182, '2014-02-25', 50, 0, '', 'Inserted initial value ', 3, '2014-02-25 15:10:19'),
(184, 183, '2014-02-25', 400, 0, '', 'Inserted initial value ', 2, '2014-02-25 15:11:34'),
(185, 184, '2014-02-25', 400, 0, '', 'Inserted initial value ', 2, '2014-02-25 15:11:55'),
(186, 185, '2014-02-25', 100, 0, '', 'Inserted initial value ', 2, '2014-02-25 15:20:23'),
(187, 186, '2014-02-25', 100, 0, '', 'Inserted initial value ', 2, '2014-02-25 15:20:43'),
(188, 187, '2014-02-25', 100, 0, '', 'Inserted initial value ', 2, '2014-02-25 15:23:17'),
(189, 188, '2014-02-25', 300, 0, '', 'Inserted initial value ', 2, '2014-02-25 15:25:57'),
(190, 189, '2014-02-25', 50, 0, '', 'Inserted initial value ', 3, '2014-02-25 15:46:49'),
(191, 190, '2014-02-25', 100, 0, '', 'Inserted initial value ', 2, '2014-02-25 15:52:06'),
(192, 191, '2014-02-25', 50, 0, '', 'Inserted initial value ', 3, '2014-02-25 15:54:42'),
(193, 192, '2014-02-25', 100, 0, '', 'Inserted initial value ', 2, '2014-02-25 15:59:38'),
(194, 193, '2014-02-25', 100, 0, '', 'Inserted initial value ', 2, '2014-02-25 16:24:51'),
(195, 194, '2014-02-25', 100, 0, '', 'Inserted initial value ', 2, '2014-02-25 16:27:34'),
(196, 195, '2014-02-25', 100, 0, '', 'Inserted initial value ', 2, '2014-02-25 16:32:38'),
(197, 196, '2014-02-25', 100, 0, '', 'Inserted initial value ', 2, '2014-02-25 16:34:55'),
(198, 197, '2014-02-25', 100, 0, '', 'Inserted initial value ', 2, '2014-02-25 16:39:36'),
(199, 198, '2014-02-25', 100, 0, '', 'Inserted initial value ', 2, '2014-02-25 16:39:52'),
(200, 199, '2014-02-26', 50, 0, '', 'Inserted initial value ', 3, '2014-02-26 11:16:12'),
(201, 200, '2014-02-26', 50, 0, '', 'Inserted initial value ', 3, '2014-02-26 11:18:40'),
(202, 201, '2014-02-26', 50, 0, '', 'Inserted initial value ', 3, '2014-02-26 11:20:28'),
(203, 202, '2014-02-26', 50, 0, '', 'Inserted initial value ', 3, '2014-02-26 11:23:28'),
(204, 203, '2014-02-26', 50, 0, '', 'Inserted initial value ', 3, '2014-02-26 11:23:57'),
(205, 204, '2014-02-26', 50, 0, '', 'Inserted initial value ', 3, '2014-02-26 11:27:48'),
(206, 205, '2014-02-26', 50, 0, '', 'Inserted initial value ', 3, '2014-02-26 11:30:31'),
(207, 206, '2014-02-26', 50, 0, '', 'Inserted initial value ', 3, '2014-02-26 11:33:01'),
(208, 207, '2014-02-26', 50, 0, '', 'Inserted initial value ', 3, '2014-02-26 11:35:25'),
(209, 208, '2014-02-26', 50, 0, '', 'Inserted initial value ', 3, '2014-02-26 11:46:32'),
(210, 209, '2014-02-26', 50, 0, '', 'Inserted initial value ', 3, '2014-02-26 11:46:39'),
(211, 210, '2014-02-26', 50, 0, '', 'Inserted initial value ', 3, '2014-02-26 11:52:13'),
(212, 211, '2014-02-26', 50, 0, '', 'Inserted initial value ', 3, '2014-02-26 11:52:24'),
(213, 212, '2014-02-26', 50, 0, '', 'Inserted initial value ', 3, '2014-02-26 12:00:49'),
(214, 213, '2014-02-26', 50, 0, '', 'Inserted initial value ', 3, '2014-02-26 12:01:06'),
(215, 214, '2014-02-26', 50, 0, '', 'Inserted initial value ', 3, '2014-02-26 12:03:21'),
(216, 215, '2014-02-26', 50, 0, '', 'Inserted initial value ', 3, '2014-02-26 12:05:17'),
(217, 216, '2014-02-26', 50, 0, '', 'Inserted initial value ', 3, '2014-02-26 12:05:29'),
(218, 217, '2014-02-26', 50, 0, '', 'Inserted initial value ', 3, '2014-02-26 12:08:30'),
(219, 218, '2014-02-26', 50, 0, '', 'Inserted initial value ', 3, '2014-02-26 12:10:35'),
(220, 219, '2014-02-26', 50, 0, '', 'Inserted initial value ', 3, '2014-02-26 12:13:57'),
(221, 220, '2014-02-26', 50, 0, '', 'Inserted initial value ', 3, '2014-02-26 12:15:54'),
(222, 221, '2014-02-26', 50, 0, '', 'Inserted initial value ', 3, '2014-02-26 12:17:53'),
(223, 222, '2014-02-26', 50, 0, '', 'Inserted initial value ', 3, '2014-02-26 12:20:04'),
(224, 223, '2014-02-26', 50, 0, '', 'Inserted initial value ', 3, '2014-02-26 12:22:56'),
(225, 224, '2014-02-26', 50, 0, '', 'Inserted initial value ', 3, '2014-02-26 12:25:28'),
(226, 225, '2014-02-26', 50, 0, '', 'Inserted initial value ', 3, '2014-02-26 12:28:54'),
(227, 226, '2014-02-26', 50, 0, '', 'Inserted initial value ', 3, '2014-02-26 12:29:11'),
(228, 227, '2014-02-26', 50, 0, '', 'Inserted initial value ', 3, '2014-02-26 12:41:44'),
(229, 228, '2014-02-26', 50, 0, '', 'Inserted initial value ', 3, '2014-02-26 12:53:21'),
(230, 229, '2014-02-26', 50, 0, '', 'Inserted initial value ', 3, '2014-02-26 13:03:26'),
(231, 230, '2014-02-26', 50, 0, '', 'Inserted initial value ', 3, '2014-02-26 13:08:23'),
(232, 231, '2014-02-26', 50, 0, '', 'Inserted initial value ', 3, '2014-02-26 14:01:07'),
(233, 232, '2014-02-26', 50, 0, '', 'Inserted initial value ', 3, '2014-02-26 14:07:07'),
(234, 233, '2014-02-26', 50, 0, '', 'Inserted initial value ', 3, '2014-02-26 14:09:15'),
(235, 234, '2014-02-26', 50, 0, '', 'Inserted initial value ', 3, '2014-02-26 14:11:21'),
(236, 235, '2014-02-26', 50, 0, '', 'Inserted initial value ', 3, '2014-02-26 14:13:48'),
(237, 236, '2014-02-26', 50, 0, '', 'Inserted initial value ', 3, '2014-02-26 14:16:29'),
(238, 237, '2014-02-26', 50, 0, '', 'Inserted initial value ', 3, '2014-02-26 14:19:00'),
(239, 238, '2014-02-26', 300, 0, '', 'Inserted initial value ', 2, '2014-02-26 14:26:32'),
(240, 239, '2014-02-26', 50, 0, '', 'Inserted initial value ', 3, '2014-02-26 15:03:04'),
(241, 240, '2014-02-26', 50, 0, '', 'Inserted initial value ', 3, '2014-02-26 15:03:21'),
(242, 241, '2014-02-26', 50, 0, '', 'Inserted initial value ', 3, '2014-02-26 15:03:43'),
(243, 242, '2014-02-26', 50, 0, '', 'Inserted initial value ', 3, '2014-02-26 15:06:15'),
(244, 243, '2014-02-26', 50, 0, '', 'Inserted initial value ', 3, '2014-02-26 15:09:33'),
(245, 244, '2014-02-26', 50, 0, '', 'Inserted initial value ', 3, '2014-02-26 15:09:56'),
(246, 245, '2014-02-26', 100, 0, '', 'Inserted initial value ', 2, '2014-02-26 15:28:54'),
(247, 246, '2014-02-26', 100, 0, '', 'Inserted initial value ', 2, '2014-02-26 16:36:48'),
(248, 247, '2014-02-26', 100, 0, '', 'Inserted initial value ', 2, '2014-02-26 17:36:20'),
(249, 248, '2014-02-27', 100, 0, '', 'Inserted initial value ', 2, '2014-02-27 10:19:12'),
(250, 249, '2014-02-27', 100, 0, '', 'Inserted initial value ', 2, '2014-02-27 10:53:03'),
(251, 250, '2014-02-27', 50, 0, '', 'Inserted initial value ', 3, '2014-02-27 10:53:36'),
(252, 251, '2014-02-27', 50, 0, '', 'Inserted initial value ', 3, '2014-02-27 10:56:20'),
(253, 252, '2014-02-27', 100, 0, '', 'Inserted initial value ', 2, '2014-02-27 10:59:05'),
(254, 253, '2014-02-27', 50, 0, '', 'Inserted initial value ', 3, '2014-02-27 10:59:09'),
(255, 254, '2014-02-27', 50, 0, '', 'Inserted initial value ', 3, '2014-02-27 11:01:10'),
(256, 255, '2014-02-27', 100, 0, '', 'Inserted initial value ', 2, '2014-02-27 11:01:59'),
(257, 256, '2014-02-27', 50, 0, '', 'Inserted initial value ', 3, '2014-02-27 11:03:07'),
(258, 257, '2014-02-27', 50, 0, '', 'Inserted initial value ', 3, '2014-02-27 11:04:41'),
(259, 257, '2014-02-27', 0, 50, '', '', 3, '2014-02-27 11:07:34'),
(260, 258, '2014-02-27', 50, 0, '', 'Inserted initial value ', 3, '2014-02-27 11:29:03'),
(261, 259, '2014-02-27', 50, 0, '', 'Inserted initial value ', 3, '2014-02-27 11:31:11'),
(262, 260, '2014-02-27', 50, 0, '', 'Inserted initial value ', 3, '2014-02-27 11:31:25'),
(263, 261, '2014-02-27', 50, 0, '', 'Inserted initial value ', 3, '2014-02-27 11:44:13'),
(264, 262, '2014-02-27', 50, 0, '', 'Inserted initial value ', 3, '2014-02-27 11:46:12'),
(265, 263, '2014-02-27', 50, 0, '', 'Inserted initial value ', 3, '2014-02-27 11:48:31'),
(266, 264, '2014-02-27', 50, 0, '', 'Inserted initial value ', 3, '2014-02-27 11:50:13'),
(267, 265, '2014-02-27', 50, 0, '', 'Inserted initial value ', 3, '2014-02-27 11:52:05'),
(268, 266, '2014-02-27', 50, 0, '', 'Inserted initial value ', 3, '2014-02-27 11:54:11'),
(269, 267, '2014-02-27', 50, 0, '', 'Inserted initial value ', 3, '2014-02-27 11:56:03'),
(270, 268, '2014-02-27', 50, 0, '', 'Inserted initial value ', 3, '2014-02-27 11:59:46'),
(271, 269, '2014-02-27', 50, 0, '', 'Inserted initial value ', 3, '2014-02-27 12:01:45'),
(272, 270, '2014-02-27', 50, 0, '', 'Inserted initial value ', 3, '2014-02-27 12:03:27'),
(273, 271, '2014-02-27', 50, 0, '', 'Inserted initial value ', 3, '2014-02-27 12:06:16'),
(274, 272, '2014-02-27', 100, 0, '', 'Inserted initial value ', 2, '2014-02-27 12:32:27'),
(275, 273, '2014-02-27', 50, 0, '', 'Inserted initial value ', 3, '2014-02-27 12:42:12'),
(276, 274, '2014-02-27', 50, 0, '', 'Inserted initial value ', 3, '2014-02-27 12:45:39'),
(277, 275, '2014-02-27', 50, 0, '', 'Inserted initial value ', 3, '2014-02-27 12:47:41'),
(278, 276, '2014-02-27', 300, 0, '', 'Inserted initial value ', 2, '2014-02-27 12:47:52'),
(279, 277, '2014-02-27', 300, 0, '', 'Inserted initial value ', 2, '2014-02-27 12:51:53'),
(280, 278, '2014-02-27', 100, 0, '', 'Inserted initial value ', 2, '2014-02-27 12:54:39'),
(281, 279, '2014-02-27', 100, 0, '', 'Inserted initial value ', 2, '2014-02-27 12:55:23'),
(282, 280, '2014-02-27', 100, 0, '', 'Inserted initial value ', 2, '2014-02-27 12:58:37'),
(283, 281, '2014-02-27', 100, 0, '', 'Inserted initial value ', 2, '2014-02-27 12:59:10'),
(284, 282, '2014-02-27', 300, 0, '', 'Inserted initial value ', 2, '2014-02-27 13:03:14'),
(285, 283, '2014-02-27', 100, 0, '', 'Inserted initial value ', 2, '2014-02-27 13:03:47'),
(286, 284, '2014-02-27', 50, 0, '', 'Inserted initial value ', 3, '2014-02-27 13:17:11'),
(287, 285, '2014-02-27', 50, 0, '', 'Inserted initial value ', 3, '2014-02-27 13:21:32'),
(288, 286, '2014-02-27', 300, 0, '', 'Inserted initial value ', 2, '2014-02-27 13:22:28'),
(289, 287, '2014-02-27', 100, 0, '', 'Inserted initial value ', 2, '2014-02-27 13:26:23'),
(290, 288, '2014-02-27', 50, 0, '', 'Inserted initial value ', 3, '2014-02-27 13:30:58'),
(291, 289, '2014-02-27', 50, 0, '', 'Inserted initial value ', 3, '2014-02-27 13:32:39'),
(292, 290, '2014-02-27', 50, 0, '', 'Inserted initial value ', 3, '2014-02-27 13:35:35'),
(293, 291, '2014-02-27', 100, 0, '', 'Inserted initial value ', 2, '2014-02-27 13:42:08'),
(294, 292, '2014-02-27', 50, 0, '', 'Inserted initial value ', 3, '2014-02-27 14:34:16'),
(295, 293, '2014-02-27', 50, 0, '', 'Inserted initial value ', 3, '2014-02-27 14:34:49'),
(296, 294, '2014-02-27', 50, 0, '', 'Inserted initial value ', 3, '2014-02-27 14:41:52'),
(297, 295, '2014-02-27', 50, 0, '', 'Inserted initial value ', 3, '2014-02-27 14:44:57'),
(298, 296, '2014-02-27', 100, 0, '', 'Inserted initial value ', 2, '2014-02-27 14:56:59'),
(299, 297, '2014-02-27', 100, 0, '', 'Inserted initial value ', 2, '2014-02-27 14:58:48'),
(300, 298, '2014-02-27', 100, 0, '', 'Inserted initial value ', 2, '2014-02-27 15:02:27'),
(301, 299, '2014-02-27', 100, 0, '', 'Inserted initial value ', 2, '2014-02-27 15:05:29'),
(302, 300, '2014-02-27', 100, 0, '', 'Inserted initial value ', 2, '2014-02-27 15:11:47'),
(303, 301, '2014-02-27', 100, 0, '', 'Inserted initial value ', 2, '2014-02-27 15:12:07'),
(304, 302, '2014-02-27', 50, 0, '', 'Inserted initial value ', 3, '2014-02-27 15:12:36'),
(305, 303, '2014-02-27', 50, 0, '', 'Inserted initial value ', 3, '2014-02-27 15:40:34'),
(306, 304, '2014-02-27', 100, 0, '', 'Inserted initial value ', 2, '2014-02-27 16:00:40'),
(307, 305, '2014-02-27', 300, 0, '', 'Inserted initial value ', 2, '2014-02-27 16:01:02'),
(308, 306, '2014-02-27', 100, 0, '', 'Inserted initial value ', 2, '2014-02-27 16:04:54'),
(309, 307, '2014-02-27', 100, 0, '', 'Inserted initial value ', 2, '2014-02-27 16:05:19'),
(310, 308, '2014-02-27', 100, 0, '', 'Inserted initial value ', 2, '2014-02-27 16:11:55'),
(311, 309, '2014-02-27', 100, 0, '', 'Inserted initial value ', 2, '2014-02-27 16:12:37'),
(312, 310, '2014-02-27', 300, 0, '', 'Inserted initial value ', 2, '2014-02-27 16:13:50'),
(313, 311, '2014-02-27', 100, 0, '', 'Inserted initial value ', 2, '2014-02-27 16:17:52'),
(314, 312, '2014-02-27', 100, 0, '', 'Inserted initial value ', 2, '2014-02-27 16:19:10'),
(315, 313, '2014-02-27', 100, 0, '', 'Inserted initial value ', 2, '2014-02-27 16:25:22'),
(316, 314, '2014-02-27', 100, 0, '', 'Inserted initial value ', 2, '2014-02-27 16:26:48'),
(317, 315, '2014-02-27', 100, 0, '', 'Inserted initial value ', 2, '2014-02-27 16:29:23'),
(318, 316, '2014-02-27', 100, 0, '', 'Inserted initial value ', 2, '2014-02-27 16:32:19'),
(319, 317, '2014-02-27', 100, 0, '', 'Inserted initial value ', 2, '2014-02-27 16:37:02'),
(320, 318, '2014-02-27', 100, 0, '', 'Inserted initial value ', 2, '2014-02-27 16:37:22'),
(321, 319, '2014-02-27', 100, 0, '', 'Inserted initial value ', 2, '2014-02-27 16:38:02'),
(322, 320, '2014-02-27', 100, 0, '', 'Inserted initial value ', 2, '2014-02-27 16:41:42'),
(323, 321, '2014-03-01', 50, 0, '', 'Inserted initial value ', 3, '2014-03-01 11:35:19'),
(324, 322, '2014-03-01', 50, 0, '', 'Inserted initial value ', 3, '2014-03-01 11:37:49'),
(325, 323, '2014-03-01', 50, 0, '', 'Inserted initial value ', 3, '2014-03-01 11:39:53'),
(326, 324, '2014-03-01', 50, 0, '', 'Inserted initial value ', 3, '2014-03-01 11:44:28'),
(327, 325, '2014-03-01', 50, 0, '', 'Inserted initial value ', 3, '2014-03-01 11:44:42'),
(328, 326, '2014-03-01', 50, 0, '', 'Inserted initial value ', 3, '2014-03-01 11:45:02'),
(329, 327, '2014-03-01', 50, 0, '', 'Inserted initial value ', 3, '2014-03-01 11:45:24'),
(330, 328, '2014-03-01', 50, 0, '', 'Inserted initial value ', 3, '2014-03-01 11:58:19'),
(331, 329, '2014-03-01', 50, 0, '', 'Inserted initial value ', 3, '2014-03-01 12:00:57'),
(332, 330, '2014-03-01', 50, 0, '', 'Inserted initial value ', 3, '2014-03-01 12:06:15'),
(333, 331, '2014-03-01', 50, 0, '', 'Inserted initial value ', 3, '2014-03-01 12:10:14'),
(334, 332, '2014-03-01', 50, 0, '', 'Inserted initial value ', 3, '2014-03-01 12:16:49'),
(335, 333, '2014-03-01', 50, 0, '', 'Inserted initial value ', 3, '2014-03-01 12:17:00'),
(336, 334, '2014-03-01', 50, 0, '', 'Inserted initial value ', 3, '2014-03-01 12:17:11'),
(337, 335, '2014-03-01', 50, 0, '', 'Inserted initial value ', 3, '2014-03-01 12:19:56'),
(338, 336, '2014-03-01', 50, 0, '', 'Inserted initial value ', 3, '2014-03-01 12:25:14'),
(339, 337, '2014-03-01', 500, 0, '', 'Inserted initial value ', 3, '2014-03-01 12:27:50'),
(340, 338, '2014-03-01', 50, 0, '', 'Inserted initial value ', 3, '2014-03-01 12:31:05'),
(341, 339, '2014-03-01', 50, 0, '', 'Inserted initial value ', 3, '2014-03-01 12:32:00'),
(342, 340, '2014-03-01', 50, 0, '', 'Inserted initial value ', 3, '2014-03-01 12:32:21'),
(343, 341, '2014-03-01', 50, 0, '', 'Inserted initial value ', 3, '2014-03-01 12:33:20'),
(344, 342, '2014-03-01', 50, 0, '', 'Inserted initial value ', 3, '2014-03-01 12:36:50'),
(345, 343, '2014-03-02', 50, 0, '', 'Inserted initial value ', 3, '2014-03-02 12:16:58'),
(346, 344, '2014-03-02', 50, 0, '', 'Inserted initial value ', 3, '2014-03-02 12:24:39'),
(347, 345, '2014-03-02', 50, 0, '', 'Inserted initial value ', 3, '2014-03-02 12:28:48'),
(348, 346, '2014-03-02', 50, 0, '', 'Inserted initial value ', 3, '2014-03-02 12:31:33'),
(349, 347, '2014-03-02', 50, 0, '', 'Inserted initial value ', 3, '2014-03-02 12:34:45'),
(350, 348, '2014-03-02', 50, 0, '', 'Inserted initial value ', 3, '2014-03-02 12:39:26'),
(351, 349, '2014-03-02', 50, 0, '', 'Inserted initial value ', 3, '2014-03-02 12:42:18'),
(352, 350, '2014-03-02', 50, 0, '', 'Inserted initial value ', 3, '2014-03-02 12:44:47'),
(353, 351, '2014-03-02', 50, 0, '', 'Inserted initial value ', 3, '2014-03-02 12:54:59'),
(354, 352, '2014-03-02', 50, 0, '', 'Inserted initial value ', 3, '2014-03-02 12:58:15'),
(355, 353, '2014-03-02', 50, 0, '', 'Inserted initial value ', 3, '2014-03-02 13:04:24'),
(356, 354, '2014-03-02', 50, 0, '', 'Inserted initial value ', 3, '2014-03-02 13:07:04'),
(357, 355, '2014-03-02', 50, 0, '', 'Inserted initial value ', 3, '2014-03-02 13:09:55'),
(358, 356, '2014-03-02', 50, 0, '', 'Inserted initial value ', 3, '2014-03-02 13:13:40'),
(359, 357, '2014-03-02', 50, 0, '', 'Inserted initial value ', 3, '2014-03-02 13:15:52'),
(360, 358, '2014-03-02', 50, 0, '', 'Inserted initial value ', 3, '2014-03-02 13:20:17'),
(361, 359, '2014-03-02', 50, 0, '', 'Inserted initial value ', 3, '2014-03-02 13:26:41'),
(362, 360, '2014-03-02', 50, 0, '', 'Inserted initial value ', 3, '2014-03-02 13:32:57'),
(363, 361, '2014-03-02', 50, 0, '', 'Inserted initial value ', 3, '2014-03-02 14:08:28'),
(364, 362, '2014-03-02', 50, 0, '', 'Inserted initial value ', 3, '2014-03-02 14:15:43'),
(365, 363, '2014-03-02', 50, 0, '', 'Inserted initial value ', 3, '2014-03-02 14:18:32'),
(366, 364, '2014-03-02', 50, 0, '', 'Inserted initial value ', 3, '2014-03-02 14:24:28'),
(367, 365, '2014-03-02', 50, 0, '', 'Inserted initial value ', 3, '2014-03-02 14:24:48'),
(368, 366, '2014-03-02', 50, 0, '', 'Inserted initial value ', 3, '2014-03-02 14:31:49'),
(369, 367, '2014-03-02', 50, 0, '', 'Inserted initial value ', 3, '2014-03-02 14:34:13'),
(370, 368, '2014-03-02', 50, 0, '', 'Inserted initial value ', 3, '2014-03-02 14:34:29'),
(371, 369, '2014-03-02', 300, 0, '', 'Inserted initial value ', 2, '2014-03-02 14:37:49'),
(372, 370, '2014-03-02', 50, 0, '', 'Inserted initial value ', 3, '2014-03-02 14:46:29'),
(373, 371, '2014-03-02', 50, 0, '', 'Inserted initial value ', 3, '2014-03-02 14:48:54'),
(374, 372, '2014-03-02', 50, 0, '', 'Inserted initial value ', 3, '2014-03-02 14:51:25'),
(375, 373, '2014-03-02', 50, 0, '', 'Inserted initial value ', 3, '2014-03-02 14:51:40'),
(376, 374, '2014-03-02', 50, 0, '', 'Inserted initial value ', 3, '2014-03-02 14:54:27'),
(377, 375, '2014-03-02', 50, 0, '', 'Inserted initial value ', 3, '2014-03-02 14:56:48'),
(378, 376, '2014-03-02', 50, 0, '', 'Inserted initial value ', 3, '2014-03-02 15:01:04'),
(379, 377, '2014-03-02', 50, 0, '', 'Inserted initial value ', 3, '2014-03-02 15:01:26'),
(380, 378, '2014-03-02', 50, 0, '', 'Inserted initial value ', 3, '2014-03-02 15:08:31'),
(381, 379, '2014-03-02', 50, 0, '', 'Inserted initial value ', 3, '2014-03-02 15:10:32'),
(382, 380, '2014-03-02', 50, 0, '', 'Inserted initial value ', 3, '2014-03-02 15:10:48'),
(383, 381, '2014-03-02', 50, 0, '', 'Inserted initial value ', 3, '2014-03-02 15:11:13'),
(384, 382, '2014-03-02', 50, 0, '', 'Inserted initial value ', 3, '2014-03-02 15:11:46'),
(385, 383, '2014-03-02', 50, 0, '', 'Inserted initial value ', 3, '2014-03-02 15:14:48'),
(386, 383, '2014-03-01', 0, 50, '', '', 3, '2014-03-02 15:16:11'),
(387, 384, '2014-03-02', 50, 0, '', 'Inserted initial value ', 3, '2014-03-02 17:03:26'),
(388, 385, '2014-03-02', 100, 0, '', 'Inserted initial value ', 2, '2014-03-02 17:05:16'),
(389, 386, '2014-03-02', 100, 0, '', 'Inserted initial value ', 2, '2014-03-02 17:36:25'),
(390, 387, '2014-03-02', 100, 0, '', 'Inserted initial value ', 2, '2014-03-02 17:38:17'),
(391, 388, '2014-03-02', 100, 0, '', 'Inserted initial value ', 2, '2014-03-02 17:40:16'),
(392, 389, '2014-03-02', 100, 0, '', 'Inserted initial value ', 2, '2014-03-02 17:42:46'),
(393, 390, '2014-03-02', 50, 0, '', 'Inserted initial value ', 3, '2014-03-02 17:46:57'),
(394, 391, '2014-03-02', 50, 0, '', 'Inserted initial value ', 3, '2014-03-02 17:47:16');

-- --------------------------------------------------------

--
-- Table structure for table `product_rating`
--

CREATE TABLE IF NOT EXISTS `product_rating` (
  `PR_id` int(5) NOT NULL AUTO_INCREMENT,
  `PR_product_id` int(5) NOT NULL,
  `PR_user_id` int(11) NOT NULL,
  `PR_rating_amount` int(5) NOT NULL,
  PRIMARY KEY (`PR_id`)
) ENGINE=InnoDB DEFAULT CHARSET=latin1 AUTO_INCREMENT=1 ;

-- --------------------------------------------------------

--
-- Table structure for table `product_review`
--

CREATE TABLE IF NOT EXISTS `product_review` (
  `PRE_id` int(11) NOT NULL AUTO_INCREMENT,
  `PRE_product_id` int(11) NOT NULL,
  `PRE_user_id` int(5) NOT NULL,
  `PRE_comment` varchar(500) NOT NULL,
  `PRE_status` enum('draft','publish') NOT NULL,
  `PRE_read` enum('yes','no') NOT NULL,
  PRIMARY KEY (`PRE_id`)
) ENGINE=InnoDB DEFAULT CHARSET=latin1 AUTO_INCREMENT=1 ;

-- --------------------------------------------------------

--
-- Table structure for table `product_sizes`
--

CREATE TABLE IF NOT EXISTS `product_sizes` (
  `PS_id` int(11) NOT NULL AUTO_INCREMENT,
  `PS_size_id` int(11) NOT NULL,
  `PS_size_title` varchar(200) COLLATE utf8_unicode_ci NOT NULL,
  `PS_product_id` int(11) NOT NULL,
  `PS_created` timestamp NOT NULL DEFAULT CURRENT_TIMESTAMP ON UPDATE CURRENT_TIMESTAMP,
  PRIMARY KEY (`PS_id`)
) ENGINE=InnoDB  DEFAULT CHARSET=utf8 COLLATE=utf8_unicode_ci COMMENT='product_sizes (specific sizes which show frontend)' AUTO_INCREMENT=459 ;

--
-- Dumping data for table `product_sizes`
--

INSERT INTO `product_sizes` (`PS_id`, `PS_size_id`, `PS_size_title`, `PS_product_id`, `PS_created`) VALUES
(1, 4, '1pice', 1, '2014-02-03 05:14:13'),
(2, 9, '4 pice', 1, '2014-02-03 05:14:23'),
(3, 8, '1 dozen', 1, '2014-02-03 05:14:29'),
(4, 3, '1kg', 1, '2014-02-03 05:14:35'),
(7, 4, '1pice', 3, '2014-02-03 06:12:56'),
(8, 11, '200ml', 2, '2014-02-03 06:14:10'),
(9, 11, '200ml', 4, '2014-02-03 06:31:33'),
(10, 11, '200ml', 5, '2014-02-03 07:02:50'),
(11, 12, '125gm', 6, '2014-02-03 08:05:41'),
(12, 11, '200ml', 7, '2014-02-03 08:11:46'),
(13, 13, '250ml', 8, '2014-02-03 08:34:10'),
(14, 14, '1ltr', 9, '2014-02-03 08:39:59'),
(15, 13, '250ml', 10, '2014-02-03 08:46:38'),
(16, 14, '1ltr', 11, '2014-02-03 08:55:25'),
(17, 14, '1ltr', 12, '2014-02-03 09:37:06'),
(18, 14, '1ltr', 13, '2014-02-03 09:39:18'),
(19, 14, '1ltr', 14, '2014-02-03 09:51:13'),
(20, 14, '1ltr', 15, '2014-02-03 10:00:51'),
(21, 11, '200ml', 16, '2014-02-03 10:04:17'),
(22, 15, '125ml', 17, '2014-02-03 10:09:17'),
(23, 15, '125ml', 18, '2014-02-03 10:14:02'),
(24, 15, '125ml', 19, '2014-02-03 10:17:23'),
(25, 15, '125ml', 20, '2014-02-03 10:20:02'),
(26, 15, '125ml', 21, '2014-02-03 10:29:45'),
(27, 11, '200ml', 22, '2014-02-03 10:48:06'),
(28, 13, '250ml', 23, '2014-02-03 10:54:31'),
(29, 13, '250ml', 24, '2014-02-03 11:03:30'),
(30, 16, '500ml', 25, '2014-02-03 11:14:10'),
(31, 14, '1ltr', 26, '2014-02-04 04:27:19'),
(32, 13, '250ml', 27, '2014-02-04 04:42:34'),
(33, 13, '250ml', 28, '2014-02-04 04:55:09'),
(34, 4, '1pice', 29, '2014-02-04 04:59:38'),
(35, 13, '250ml', 30, '2014-02-04 05:06:54'),
(36, 7, '1 packet', 31, '2014-02-04 05:21:55'),
(37, 13, '250ml', 32, '2014-02-04 05:31:02'),
(38, 13, '250ml', 33, '2014-02-04 05:52:25'),
(40, 13, '250ml', 35, '2014-02-04 06:07:35'),
(42, 7, '1 packet', 36, '2014-02-04 06:12:05'),
(43, 13, '250ml', 37, '2014-02-04 06:17:06'),
(44, 13, '250ml', 34, '2014-02-04 06:28:42'),
(45, 7, '1 packet', 38, '2014-02-04 06:34:06'),
(46, 13, '250ml', 39, '2014-02-04 06:56:03'),
(47, 13, '250ml', 40, '2014-02-04 07:08:35'),
(48, 13, '250ml', 41, '2014-02-04 07:22:07'),
(49, 13, '250ml', 42, '2014-02-04 07:53:04'),
(50, 13, '250ml', 43, '2014-02-04 08:01:28'),
(51, 13, '250ml', 44, '2014-02-04 08:23:28'),
(52, 13, '250ml', 45, '2014-02-04 08:36:22'),
(53, 4, '1pice', 46, '2014-02-04 08:50:53'),
(54, 13, '250ml', 46, '2014-02-04 09:09:04'),
(55, 13, '250ml', 47, '2014-02-04 09:11:08'),
(56, 14, '1ltr', 48, '2014-02-04 09:43:07'),
(57, 14, '1ltr', 49, '2014-02-04 09:56:21'),
(58, 7, '1 packet', 50, '2014-02-05 06:50:45'),
(59, 20, '1 Tin', 51, '2014-02-05 06:58:32'),
(60, 13, '250ml', 52, '2014-02-06 10:27:22'),
(61, 21, '1.5ltr', 53, '2014-02-06 10:41:35'),
(62, 4, '1pice', 55, '2014-02-08 08:18:24'),
(63, 4, '1pice', 56, '2014-02-08 08:22:15'),
(64, 4, '1pice', 57, '2014-02-08 08:39:10'),
(65, 7, '1 packet', 58, '2014-02-08 08:58:21'),
(66, 7, '1 packet', 59, '2014-02-08 09:02:32'),
(67, 7, '1 packet', 60, '2014-02-08 09:05:38'),
(68, 7, '1 packet', 61, '2014-02-08 09:23:28'),
(69, 7, '1 packet', 62, '2014-02-08 09:36:23'),
(71, 1, '100gm', 54, '2014-02-13 06:25:12'),
(72, 2, '500gm', 54, '2014-02-13 06:25:14'),
(73, 11, '200ml', 54, '2014-02-13 06:25:14'),
(74, 12, '125gm', 54, '2014-02-13 06:25:14'),
(75, 13, '250ml', 54, '2014-02-13 06:25:14'),
(76, 15, '125ml', 54, '2014-02-13 06:25:14'),
(77, 16, '500ml', 54, '2014-02-13 06:25:14'),
(78, 17, '1000ml', 54, '2014-02-13 06:25:14'),
(79, 18, '50gm', 54, '2014-02-13 06:25:14'),
(80, 16, '500ml', 9, '2014-02-16 04:36:44'),
(82, 15, '125ml', 2, '2014-02-16 06:57:43'),
(83, 14, '1ltr', 64, '2014-02-16 07:45:43'),
(84, 22, '285 gm', 65, '2014-02-16 08:28:29'),
(85, 23, '320 gm', 66, '2014-02-16 08:47:58'),
(86, 15, '125ml', 6, '2014-02-16 09:48:58'),
(87, 14, '1ltr', 67, '2014-02-16 09:58:23'),
(88, 14, '1ltr', 68, '2014-02-16 10:25:43'),
(89, 14, '1ltr', 69, '2014-02-16 10:28:52'),
(90, 24, '350 gm', 70, '2014-02-17 06:01:18'),
(92, 11, '200ml', 6, '2014-02-17 06:09:39'),
(93, 14, '1ltr', 6, '2014-02-17 06:09:58'),
(94, 13, '250ml', 6, '2014-02-17 06:14:44'),
(95, 26, '130 gm', 72, '2014-02-17 06:25:16'),
(96, 27, '220 gm', 73, '2014-02-17 06:29:21'),
(97, 28, '108 gm', 74, '2014-02-17 06:36:12'),
(98, 29, '115 gm', 75, '2014-02-17 06:42:42'),
(99, 30, '80 gm', 76, '2014-02-17 06:51:40'),
(100, 32, '190 gm', 77, '2014-02-17 07:02:06'),
(101, 33, '145 gm', 78, '2014-02-17 07:04:56'),
(102, 34, '125 gm', 79, '2014-02-17 07:08:33'),
(103, 35, '58 gm', 79, '2014-02-17 07:12:55'),
(104, 1, '100gm', 79, '2014-02-17 07:12:59'),
(105, 36, '200 gm', 80, '2014-02-17 08:32:52'),
(106, 36, '200 gm', 81, '2014-02-17 08:37:48'),
(107, 37, 'Big Size', 82, '2014-02-17 08:41:33'),
(108, 38, '450 gm', 83, '2014-02-17 08:45:57'),
(109, 39, '400 gm', 84, '2014-02-17 08:48:10'),
(110, 38, '450 gm', 85, '2014-02-17 09:10:55'),
(111, 40, '14 gm', 86, '2014-02-17 09:14:51'),
(112, 18, '50gm', 87, '2014-02-17 11:22:23'),
(113, 21, '1.5ltr', 88, '2014-02-17 11:34:23'),
(114, 41, '2 ltr', 89, '2014-02-17 11:41:01'),
(115, 16, '500ml', 90, '2014-02-17 11:48:09'),
(116, 42, '25gm', 91, '2014-02-18 04:59:59'),
(117, 14, '1ltr', 92, '2014-02-18 05:08:59'),
(118, 21, '1.5ltr', 89, '2014-02-18 06:30:52'),
(119, 43, '1.25ltr', 89, '2014-02-18 06:32:55'),
(120, 16, '500ml', 88, '2014-02-18 06:35:37'),
(121, 44, '2.5 ltr.', 88, '2014-02-18 06:37:36'),
(122, 45, '4.5 ltr', 88, '2014-02-18 06:37:36'),
(123, 46, '750 ml', 93, '2014-02-18 07:09:43'),
(124, 47, '330 ml', 93, '2014-02-18 07:11:56'),
(125, 16, '500ml', 95, '2014-02-18 07:22:59'),
(127, 36, '200 gm', 96, '2014-02-18 09:10:30'),
(128, 1, '100gm', 81, '2014-02-18 09:15:26'),
(129, 18, '50gm', 97, '2014-02-18 09:39:38'),
(130, 18, '50gm', 98, '2014-02-18 09:50:23'),
(131, 18, '50gm', 99, '2014-02-18 10:05:01'),
(132, 48, '600gm', 100, '2014-02-19 06:52:13'),
(133, 16, '500ml', 24, '2014-02-22 06:15:48'),
(134, 11, '200ml', 15, '2014-02-22 06:24:37'),
(135, 11, '200ml', 21, '2014-02-22 06:34:01'),
(136, 49, '178 gm', 101, '2014-02-24 09:10:35'),
(137, 50, '700 gm', 104, '2014-02-24 09:34:24'),
(138, 51, '946ml', 11, '2014-02-24 09:56:48'),
(139, 49, '178 gm', 102, '2014-02-25 06:13:08'),
(140, 36, '200 gm', 105, '2014-02-25 06:19:12'),
(142, 52, '180 gm', 77, '2014-02-25 06:33:16'),
(143, 53, '130 gm', 71, '2014-02-25 06:53:08'),
(144, 50, '700 gm', 106, '2014-02-25 07:00:44'),
(145, 54, '260gm', 107, '2014-02-25 07:03:50'),
(147, 1, '100gm', 107, '2014-02-25 07:06:37'),
(148, 39, '400 gm', 108, '2014-02-25 07:09:53'),
(149, 24, '350 gm', 109, '2014-02-25 07:14:50'),
(150, 24, '350 gm', 110, '2014-02-25 07:20:48'),
(151, 55, '300gm', 111, '2014-02-25 07:25:20'),
(152, 56, '600ml', 89, '2014-02-25 07:26:25'),
(153, 57, '274 gm', 112, '2014-02-25 07:27:38'),
(154, 23, '320 gm', 113, '2014-02-25 07:29:54'),
(155, 55, '300gm', 114, '2014-02-25 07:33:03'),
(156, 58, '88gm', 115, '2014-02-25 07:37:10'),
(157, 50, '700 gm', 116, '2014-02-25 07:40:21'),
(158, 59, '330 gm', 117, '2014-02-25 07:44:15'),
(159, 13, '250ml', 118, '2014-02-25 07:53:19'),
(160, 60, '325ml', 118, '2014-02-25 07:54:18'),
(161, 13, '250ml', 119, '2014-02-25 08:05:46'),
(162, 16, '500ml', 119, '2014-02-25 08:06:04'),
(163, 60, '325ml', 120, '2014-02-25 08:22:21'),
(164, 61, '330ml', 120, '2014-02-25 08:23:39'),
(165, 43, '1.25ltr', 121, '2014-02-25 08:31:38'),
(166, 41, '2 ltr', 121, '2014-02-25 08:31:57'),
(167, 56, '600ml', 121, '2014-02-25 08:32:06'),
(168, 13, '250ml', 122, '2014-02-25 08:38:54'),
(169, 60, '325ml', 122, '2014-02-25 08:39:15'),
(170, 55, '300gm', 123, '2014-02-25 08:42:21'),
(171, 43, '1.25ltr', 124, '2014-02-25 08:55:12'),
(172, 56, '600ml', 124, '2014-02-25 08:55:28'),
(173, 13, '250ml', 125, '2014-02-25 08:59:00'),
(174, 47, '330 ml', 125, '2014-02-25 08:59:59'),
(175, 55, '300gm', 126, '2014-02-25 09:09:56'),
(176, 14, '1ltr', 127, '2014-02-25 09:11:00'),
(177, 16, '500ml', 127, '2014-02-25 09:11:12'),
(178, 41, '2 ltr', 128, '2014-02-25 09:19:44'),
(179, 13, '250ml', 128, '2014-02-25 09:20:04'),
(180, 16, '500ml', 128, '2014-02-25 09:22:33'),
(181, 60, '325ml', 129, '2014-02-25 09:25:03'),
(183, 55, '300gm', 130, '2014-02-25 09:48:09'),
(184, 41, '2 ltr', 127, '2014-02-25 09:51:30'),
(186, 10, '70 gm', 131, '2014-02-25 09:57:17'),
(187, 47, '330 ml', 132, '2014-02-25 09:58:31'),
(188, 11, '200ml', 133, '2014-02-25 10:24:28'),
(189, 46, '750 ml', 134, '2014-02-25 10:27:10'),
(190, 47, '330 ml', 135, '2014-02-25 10:32:10'),
(191, 47, '330 ml', 136, '2014-02-25 10:34:35'),
(192, 47, '330 ml', 137, '2014-02-25 10:39:00'),
(193, 47, '330 ml', 138, '2014-02-25 10:39:14'),
(194, 22, '285 gm', 139, '2014-02-26 05:15:48'),
(195, 10, '70 gm', 140, '2014-02-26 05:18:19'),
(196, 32, '190 gm', 141, '2014-02-26 05:20:08'),
(197, 30, '80 gm', 142, '2014-02-26 05:22:17'),
(198, 63, '240gm', 142, '2014-02-26 05:22:58'),
(199, 64, '255gm', 143, '2014-02-26 05:27:24'),
(200, 65, '18gm', 144, '2014-02-26 05:30:10'),
(201, 66, '95gm', 145, '2014-02-26 05:32:25'),
(202, 39, '400 gm', 146, '2014-02-26 05:34:43'),
(203, 2, '500gm', 147, '2014-02-26 05:45:23'),
(204, 67, '750gm', 147, '2014-02-26 05:45:51'),
(205, 12, '125gm', 148, '2014-02-26 05:51:13'),
(206, 68, '375gm', 148, '2014-02-26 05:51:40'),
(207, 70, '550gm', 149, '2014-02-26 05:59:39'),
(208, 69, '295gm', 149, '2014-02-26 06:00:04'),
(209, 71, '425gm', 150, '2014-02-26 06:02:54'),
(210, 39, '400 gm', 151, '2014-02-26 06:04:39'),
(211, 70, '550gm', 151, '2014-02-26 06:04:52'),
(212, 55, '300gm', 152, '2014-02-26 06:07:58'),
(213, 2, '500gm', 153, '2014-02-26 06:10:06'),
(214, 72, '510gm', 154, '2014-02-26 06:13:15'),
(215, 5, '250gm', 155, '2014-02-26 06:15:23'),
(216, 73, '560gm', 156, '2014-02-26 06:17:38'),
(217, 50, '700 gm', 157, '2014-02-26 06:19:45'),
(218, 67, '750gm', 158, '2014-02-26 06:22:25'),
(219, 68, '375gm', 159, '2014-02-26 06:24:58'),
(220, 74, '150gm', 160, '2014-02-26 06:28:10'),
(221, 75, '275gm', 160, '2014-02-26 06:28:10'),
(222, 68, '375gm', 161, '2014-02-26 06:41:24'),
(223, 75, '275gm', 162, '2014-02-26 06:52:51'),
(224, 2, '500gm', 163, '2014-02-26 07:01:07'),
(225, 36, '200 gm', 164, '2014-02-26 07:07:58'),
(226, 73, '560gm', 165, '2014-02-26 08:00:47'),
(227, 2, '500gm', 166, '2014-02-26 08:06:50'),
(228, 25, '250 gm', 167, '2014-02-26 08:08:56'),
(229, 76, '318gm', 168, '2014-02-26 08:11:02'),
(230, 25, '250 gm', 169, '2014-02-26 08:13:16'),
(231, 5, '250gm', 170, '2014-02-26 08:16:12'),
(232, 60, '325ml', 16, '2014-02-26 08:18:15'),
(233, 77, '340gm', 171, '2014-02-26 08:18:39'),
(234, 60, '325ml', 22, '2014-02-26 08:25:56'),
(235, 60, '325ml', 25, '2014-02-26 08:34:15'),
(236, 1, '100gm', 172, '2014-02-26 09:02:29'),
(237, 39, '400 gm', 172, '2014-02-26 09:02:29'),
(238, 36, '200 gm', 172, '2014-02-26 09:02:40'),
(239, 39, '400 gm', 173, '2014-02-26 09:05:59'),
(240, 1, '100gm', 174, '2014-02-26 09:08:36'),
(241, 78, '110gm', 174, '2014-02-26 09:09:05'),
(242, 14, '1ltr', 10, '2014-02-26 09:28:13'),
(243, 14, '1ltr', 24, '2014-02-26 10:36:14'),
(244, 14, '1ltr', 46, '2014-02-26 11:35:42'),
(245, 41, '2 ltr', 49, '2014-02-26 11:42:45'),
(246, 41, '2 ltr', 26, '2014-02-26 11:59:33'),
(247, 5, '250gm', 175, '2014-02-27 04:18:30'),
(248, 3, '1kg', 175, '2014-02-27 04:38:29'),
(249, 8, '1 dozen', 177, '2014-02-27 04:52:08'),
(250, 79, '200gm', 176, '2014-02-27 04:53:17'),
(251, 80, '227gm', 178, '2014-02-27 04:56:01'),
(252, 8, '1 dozen', 179, '2014-02-27 04:56:50'),
(253, 36, '200 gm', 180, '2014-02-27 04:57:58'),
(254, 5, '250gm', 181, '2014-02-27 05:00:48'),
(255, 3, '1kg', 182, '2014-02-27 05:01:38'),
(256, 36, '200 gm', 183, '2014-02-27 05:02:40'),
(257, 39, '400 gm', 183, '2014-02-27 05:04:06'),
(258, 1, '100gm', 184, '2014-02-27 05:28:43'),
(259, 39, '400 gm', 185, '2014-02-27 05:30:22'),
(260, 81, '900gm', 185, '2014-02-27 05:30:39'),
(261, 82, '8pcs', 186, '2014-02-27 05:43:49'),
(262, 55, '300gm', 187, '2014-02-27 05:45:55'),
(263, 25, '250 gm', 188, '2014-02-27 05:48:15'),
(264, 1, '100gm', 189, '2014-02-27 05:49:48'),
(265, 36, '200 gm', 190, '2014-02-27 05:51:33'),
(266, 5, '250gm', 191, '2014-02-27 05:53:57'),
(267, 63, '240gm', 192, '2014-02-27 05:55:38'),
(268, 39, '400 gm', 180, '2014-02-27 05:59:17'),
(269, 13, '250ml', 193, '2014-02-27 06:01:24'),
(270, 16, '500ml', 194, '2014-02-27 06:03:06'),
(271, 4, '1piece', 195, '2014-02-27 06:05:52'),
(272, 3, '1kg', 196, '2014-02-27 06:32:00'),
(273, 18, '50gm', 197, '2014-02-27 06:41:52'),
(274, 83, '75 pcs jar', 198, '2014-02-27 06:45:09'),
(275, 84, '57gm', 200, '2014-02-27 06:47:17'),
(276, 4, '1piece', 199, '2014-02-27 06:47:25'),
(277, 3, '1kg', 201, '2014-02-27 06:51:15'),
(278, 3, '1kg', 202, '2014-02-27 06:54:02'),
(279, 4, '1piece', 203, '2014-02-27 06:54:14'),
(280, 3, '1kg', 204, '2014-02-27 06:58:07'),
(281, 3, '1kg', 205, '2014-02-27 06:58:15'),
(282, 3, '1kg', 206, '2014-02-27 07:02:42'),
(283, 3, '1kg', 207, '2014-02-27 07:02:49'),
(284, 39, '400 gm', 210, '2014-02-27 07:16:43'),
(285, 85, '23gm', 211, '2014-02-27 07:21:03'),
(286, 8, '1 dozen', 208, '2014-02-27 07:21:14'),
(287, 4, '1piece', 209, '2014-02-27 07:24:13'),
(288, 30, '80 gm', 212, '2014-02-27 07:30:40'),
(289, 86, '33gm', 213, '2014-02-27 07:32:23'),
(290, 87, '9.2gm', 214, '2014-02-27 07:33:52'),
(291, 79, '200gm', 214, '2014-02-27 07:34:10'),
(292, 88, '40gm', 214, '2014-02-27 07:34:46'),
(293, 3, '1kg', 215, '2014-02-27 07:41:34'),
(294, 89, '45gm', 216, '2014-02-27 08:41:17'),
(295, 89, '45gm', 217, '2014-02-27 08:44:31'),
(296, 4, '1piece', 218, '2014-02-27 08:56:21'),
(297, 4, '1piece', 219, '2014-02-27 08:57:09'),
(298, 90, '1 bundle', 220, '2014-02-27 09:02:05'),
(299, 2, '500gm', 221, '2014-02-27 09:05:07'),
(300, 90, '1 bundle', 222, '2014-02-27 09:09:45'),
(301, 2, '500gm', 223, '2014-02-27 09:10:43'),
(302, 91, '60gm', 224, '2014-02-27 09:12:09'),
(303, 92, '146gm', 225, '2014-02-27 09:39:52'),
(304, 2, '500gm', 226, '2014-02-27 10:00:06'),
(305, 2, '500gm', 227, '2014-02-27 10:00:09'),
(306, 4, '1piece', 228, '2014-02-27 10:03:49'),
(307, 1, '100gm', 229, '2014-02-27 10:04:04'),
(308, 2, '500gm', 230, '2014-02-27 10:10:34'),
(309, 2, '500gm', 231, '2014-02-27 10:10:45'),
(310, 2, '500gm', 232, '2014-02-27 10:11:07'),
(311, 3, '1kg', 233, '2014-02-27 10:11:25'),
(312, 93, '150gm', 234, '2014-02-27 10:18:43'),
(313, 3, '1kg', 236, '2014-02-27 10:25:01'),
(314, 2, '500gm', 237, '2014-02-27 10:26:27'),
(315, 4, '1piece', 238, '2014-02-27 10:29:03'),
(316, 3, '1kg', 239, '2014-02-27 10:32:01'),
(317, 3, '1kg', 241, '2014-02-27 10:36:25'),
(318, 2, '500gm', 240, '2014-02-27 10:36:31'),
(319, 1, '100gm', 242, '2014-02-27 10:37:41'),
(320, 39, '400 gm', 243, '2014-02-27 10:41:19'),
(321, 13, '250ml', 244, '2014-03-01 05:34:59'),
(322, 14, '1ltr', 245, '2014-03-01 05:37:15'),
(323, 14, '1ltr', 246, '2014-03-01 05:39:28'),
(324, 14, '1ltr', 247, '2014-03-01 05:42:08'),
(327, 11, '200ml', 247, '2014-03-01 05:43:46'),
(328, 13, '250ml', 247, '2014-03-01 05:43:54'),
(329, 16, '500ml', 247, '2014-03-01 05:44:02'),
(330, 14, '1ltr', 248, '2014-03-01 05:57:59'),
(331, 16, '500ml', 249, '2014-03-01 06:00:23'),
(332, 14, '1ltr', 249, '2014-03-01 06:00:32'),
(333, 97, '397gm', 250, '2014-03-01 06:09:48'),
(334, 39, '400 gm', 251, '2014-03-01 06:15:40'),
(335, 2, '500gm', 251, '2014-03-01 06:15:51'),
(336, 98, '800gm', 251, '2014-03-01 06:16:17'),
(337, 3, '1kg', 252, '2014-03-01 06:19:32'),
(338, 99, '2kg', 253, '2014-03-01 06:24:40'),
(339, 100, '170gm', 254, '2014-03-01 06:27:30'),
(340, 1, '100gm', 255, '2014-03-01 06:30:00'),
(341, 39, '400 gm', 255, '2014-03-01 06:30:05'),
(342, 2, '500gm', 255, '2014-03-01 06:30:17'),
(343, 101, '1000gm', 255, '2014-03-01 06:30:40'),
(344, 11, '200ml', 256, '2014-03-01 06:36:32'),
(345, 14, '1ltr', 257, '2014-03-02 06:16:35'),
(346, 102, '150ml', 258, '2014-03-02 06:24:01'),
(347, 103, '5ltr', 259, '2014-03-02 06:28:23'),
(348, 56, '600ml', 260, '2014-03-02 06:31:05'),
(349, 14, '1ltr', 261, '2014-03-02 06:34:07'),
(350, 16, '500ml', 262, '2014-03-02 06:38:49'),
(351, 16, '500ml', 263, '2014-03-02 06:41:38'),
(352, 14, '1ltr', 264, '2014-03-02 06:44:24'),
(353, 41, '2 ltr', 265, '2014-03-02 06:54:16'),
(354, 103, '5ltr', 266, '2014-03-02 06:57:47'),
(355, 102, '150ml', 267, '2014-03-02 07:03:50'),
(356, 16, '500ml', 268, '2014-03-02 07:06:33'),
(357, 104, '3ltr', 269, '2014-03-02 07:09:27'),
(358, 102, '150ml', 270, '2014-03-02 07:12:53'),
(360, 13, '250ml', 271, '2014-03-02 07:17:23'),
(361, 14, '1ltr', 271, '2014-03-02 07:17:40'),
(362, 16, '500ml', 272, '2014-03-02 07:26:15'),
(363, 14, '1ltr', 263, '2014-03-02 07:32:37'),
(364, 14, '1ltr', 273, '2014-03-02 08:08:09'),
(365, 104, '3ltr', 273, '2014-03-02 08:14:51'),
(367, 103, '5ltr', 274, '2014-03-02 08:19:15'),
(368, 13, '250ml', 275, '2014-03-02 08:23:58'),
(369, 16, '500ml', 275, '2014-03-02 08:24:04'),
(370, 105, '8ltr', 276, '2014-03-02 08:31:30'),
(371, 16, '500ml', 277, '2014-03-02 08:33:38'),
(372, 14, '1ltr', 277, '2014-03-02 08:33:43'),
(373, 3, '1kg', 278, '2014-03-02 08:37:28'),
(374, 14, '1ltr', 279, '2014-03-02 08:46:09'),
(375, 13, '250ml', 279, '2014-03-02 08:48:12'),
(376, 41, '2 ltr', 280, '2014-03-02 08:50:44'),
(377, 103, '5ltr', 280, '2014-03-02 08:50:54'),
(378, 105, '8ltr', 281, '2014-03-02 08:54:07'),
(379, 13, '250ml', 282, '2014-03-02 08:56:17'),
(381, 13, '250ml', 283, '2014-03-02 09:00:33'),
(382, 16, '500ml', 283, '2014-03-02 09:00:40'),
(383, 16, '500ml', 284, '2014-03-02 09:05:29'),
(384, 14, '1ltr', 284, '2014-03-02 09:05:38'),
(385, 41, '2 ltr', 284, '2014-03-02 09:05:48'),
(386, 103, '5ltr', 284, '2014-03-02 09:05:59'),
(387, 105, '8ltr', 284, '2014-03-02 09:06:07'),
(388, 55, '300gm', 285, '2014-03-02 11:02:27'),
(389, 6, '5kg', 286, '2014-03-02 11:04:41'),
(390, 3, '1kg', 288, '2014-03-02 11:36:01'),
(391, 6, '5kg', 287, '2014-03-02 11:37:56'),
(392, 6, '5kg', 288, '2014-03-02 11:39:56'),
(393, 3, '1kg', 289, '2014-03-02 11:42:33'),
(394, 1, '100gm', 290, '2014-03-02 11:46:21'),
(395, 2, '500gm', 290, '2014-03-02 11:46:34'),
(452, 4, '1piece', 2143, '2014-06-15 11:56:54'),
(453, 9, '4pieces', 2144, '2014-06-15 11:56:54'),
(454, 8, '1dozen', 2145, '2014-06-15 11:56:54'),
(455, 3, '1kg', 2146, '2014-06-15 11:56:54'),
(456, 4, '1piece', 2147, '2014-06-15 11:56:54'),
(457, 11, '200ml', 2148, '2014-06-15 11:56:54'),
(458, 15, '125ml', 2149, '2014-06-15 11:56:54');

-- --------------------------------------------------------

--
-- Table structure for table `promotions`
--

CREATE TABLE IF NOT EXISTS `promotions` (
  `promotion_id` int(11) NOT NULL AUTO_INCREMENT,
  `promotion_title` varchar(1200) COLLATE utf8_unicode_ci NOT NULL,
  `promotion_description` text COLLATE utf8_unicode_ci NOT NULL,
  `promotion_image` varchar(150) COLLATE utf8_unicode_ci NOT NULL,
  `promotion_code_prefix` varchar(50) COLLATE utf8_unicode_ci NOT NULL,
  `promotion_code_predefined_user` enum('yes','no') COLLATE utf8_unicode_ci NOT NULL DEFAULT 'no' COMMENT 'admin can enter user email on every code ',
  `promotion_code_use_type` enum('single','multiple') COLLATE utf8_unicode_ci NOT NULL DEFAULT 'single',
  `promotion_discount_type` enum('percentage','fix') COLLATE utf8_unicode_ci NOT NULL DEFAULT 'percentage' COMMENT 'check discount range table ',
  `promotion_expire` date NOT NULL,
  `promotion_status` enum('active','inactive','archive') COLLATE utf8_unicode_ci NOT NULL DEFAULT 'active',
  PRIMARY KEY (`promotion_id`)
) ENGINE=InnoDB  DEFAULT CHARSET=utf8 COLLATE=utf8_unicode_ci AUTO_INCREMENT=4 ;

--
-- Dumping data for table `promotions`
--

INSERT INTO `promotions` (`promotion_id`, `promotion_title`, `promotion_description`, `promotion_image`, `promotion_code_prefix`, `promotion_code_predefined_user`, `promotion_code_use_type`, `promotion_discount_type`, `promotion_expire`, `promotion_status`) VALUES
(1, 'Gift Items', 'Gift Items', '', 'GNBJR', 'yes', 'single', 'percentage', '2014-07-01', 'active'),
(2, 'CD/DVDs', 'CD/DVDs', '', 'BJEID', 'no', 'single', 'percentage', '2014-06-30', 'active'),
(3, 'Food', 'Food', '', 'SDS', 'yes', 'single', 'percentage', '2014-06-30', 'inactive');

-- --------------------------------------------------------

--
-- Table structure for table `promotion_codes`
--

CREATE TABLE IF NOT EXISTS `promotion_codes` (
  `PC_id` int(11) NOT NULL AUTO_INCREMENT,
  `PC_promotion_id` int(11) NOT NULL,
  `PC_code_prefix` varchar(50) COLLATE utf8_unicode_ci NOT NULL,
  `PC_code_suffix` varchar(50) COLLATE utf8_unicode_ci NOT NULL,
  `PC_code_used_email` varchar(150) COLLATE utf8_unicode_ci NOT NULL COMMENT 'which user will use the code or used the code ',
  `PC_code_status` enum('active','inactive','applied','used','archive') COLLATE utf8_unicode_ci NOT NULL,
  PRIMARY KEY (`PC_id`)
) ENGINE=InnoDB  DEFAULT CHARSET=utf8 COLLATE=utf8_unicode_ci COMMENT='PC = promotion_codes' AUTO_INCREMENT=22 ;

--
-- Dumping data for table `promotion_codes`
--

INSERT INTO `promotion_codes` (`PC_id`, `PC_promotion_id`, `PC_code_prefix`, `PC_code_suffix`, `PC_code_used_email`, `PC_code_status`) VALUES
(1, 1, 'GNBJR', '2014', 'mijo.jfwg@gmail.com', 'used'),
(7, 2, 'BJEID', '6', '', 'active'),
(8, 2, 'BJEID', '7', '', 'active'),
(9, 2, 'BJEID', '8', '', 'active'),
(10, 2, 'BJEID', '9', '', 'active'),
(11, 2, 'BJEID', '10', '', 'active'),
(19, 3, 'SDS', '8', '', 'inactive'),
(20, 3, 'SDS', '9', '', 'inactive'),
(21, 3, 'SDS', '10', '', 'inactive');

-- --------------------------------------------------------

--
-- Table structure for table `promotion_discount_range`
--

CREATE TABLE IF NOT EXISTS `promotion_discount_range` (
  `PDR_id` int(11) NOT NULL AUTO_INCREMENT,
  `PDR_promotion_id` int(11) NOT NULL,
  `PDR_discount_type` enum('percentage','fix') COLLATE utf8_unicode_ci NOT NULL DEFAULT 'percentage',
  `PDR_discount_min_range` int(10) NOT NULL COMMENT 'example: 200 - 300, 400-500',
  `PDR_discount_max_range` int(10) NOT NULL COMMENT 'example: 200 - 300, 400-500',
  `PDR_discount_quantity` int(11) NOT NULL,
  `PDR_status` enum('active','inactive') COLLATE utf8_unicode_ci NOT NULL DEFAULT 'active',
  PRIMARY KEY (`PDR_id`)
) ENGINE=InnoDB  DEFAULT CHARSET=utf8 COLLATE=utf8_unicode_ci COMMENT='PDR= promotion_discount_range' AUTO_INCREMENT=4 ;

--
-- Dumping data for table `promotion_discount_range`
--

INSERT INTO `promotion_discount_range` (`PDR_id`, `PDR_promotion_id`, `PDR_discount_type`, `PDR_discount_min_range`, `PDR_discount_max_range`, `PDR_discount_quantity`, `PDR_status`) VALUES
(1, 1, 'percentage', 0, 0, 10, 'active'),
(2, 2, 'percentage', 0, 0, 10, 'active'),
(3, 3, 'percentage', 0, 0, 10, 'inactive');

-- --------------------------------------------------------

--
-- Table structure for table `sizes`
--

CREATE TABLE IF NOT EXISTS `sizes` (
  `size_id` int(5) NOT NULL AUTO_INCREMENT,
  `size_title` varchar(20) COLLATE utf8_unicode_ci NOT NULL,
  `size_updated` timestamp NOT NULL DEFAULT CURRENT_TIMESTAMP,
  `size_updated_by` int(5) NOT NULL,
  PRIMARY KEY (`size_id`)
) ENGINE=InnoDB  DEFAULT CHARSET=utf8 COLLATE=utf8_unicode_ci AUTO_INCREMENT=106 ;

--
-- Dumping data for table `sizes`
--

INSERT INTO `sizes` (`size_id`, `size_title`, `size_updated`, `size_updated_by`) VALUES
(1, '100gm', '2014-02-03 05:04:49', 3),
(2, '500gm', '2014-02-03 05:05:01', 3),
(3, '1kg', '2014-02-03 05:05:10', 3),
(4, '1piece', '2014-02-03 05:05:23', 2),
(5, '250gm', '2014-02-03 05:05:32', 3),
(6, '5kg', '2014-02-03 05:05:43', 3),
(7, '1 packet', '2014-02-03 05:05:59', 3),
(8, '1 dozen', '2014-02-03 05:06:57', 3),
(9, '4 piece', '2014-02-03 05:07:11', 2),
(10, '70 gm', '2014-02-03 06:11:47', 3),
(11, '200ml', '2014-02-03 06:13:55', 2),
(12, '125gm', '2014-02-03 08:05:27', 2),
(13, '250ml', '2014-02-03 08:33:58', 2),
(14, '1ltr', '2014-02-03 08:39:45', 2),
(15, '125ml', '2014-02-03 10:09:03', 2),
(16, '500ml', '2014-02-03 11:13:58', 2),
(17, '1000ml', '2014-02-04 05:33:36', 2),
(18, '50gm', '2014-02-04 05:33:55', 2),
(19, 'a', '2014-02-04 08:44:58', 2),
(20, '1 Tin', '2014-02-05 06:58:14', 3),
(21, '1.5ltr', '2014-02-06 10:41:24', 2),
(22, '285 gm', '2014-02-16 08:27:53', 3),
(23, '320 gm', '2014-02-16 08:47:43', 3),
(24, '350 gm', '2014-02-17 06:01:09', 3),
(25, '250 gm', '2014-02-17 06:06:40', 3),
(26, '130 gm', '2014-02-17 06:24:57', 3),
(27, '220 gm', '2014-02-17 06:29:12', 3),
(28, '108 gm', '2014-02-17 06:35:58', 3),
(29, '115 gm', '2014-02-17 06:42:31', 3),
(30, '80 gm', '2014-02-17 06:51:33', 3),
(31, '135 gm', '2014-02-17 07:01:44', 3),
(32, '190 gm', '2014-02-17 07:01:54', 3),
(33, '145 gm', '2014-02-17 07:04:48', 3),
(34, '125 gm', '2014-02-17 07:08:22', 3),
(35, '58 gm', '2014-02-17 07:12:45', 3),
(36, '200 gm', '2014-02-17 08:32:43', 3),
(37, 'Big Size', '2014-02-17 08:41:10', 3),
(38, '450 gm', '2014-02-17 08:45:49', 3),
(39, '400 gm', '2014-02-17 08:48:02', 3),
(40, '14 gm', '2014-02-17 09:14:44', 3),
(41, '2 ltr', '2014-02-17 11:40:09', 2),
(42, '25gm', '2014-02-18 04:59:31', 2),
(43, '1.25ltr', '2014-02-18 06:32:29', 2),
(44, '2.5 ltr.', '2014-02-18 06:36:20', 3),
(45, '4.5 ltr', '2014-02-18 06:36:59', 3),
(46, '750 ml', '2014-02-18 07:09:36', 3),
(47, '330 ml', '2014-02-18 07:11:22', 3),
(48, '600gm', '2014-02-19 06:46:55', 2),
(49, '178 gm', '2014-02-24 09:10:20', 3),
(50, '700 gm', '2014-02-24 09:34:03', 3),
(51, '946ml', '2014-02-24 09:56:24', 2),
(52, '180 gm', '2014-02-25 06:24:59', 3),
(53, '130 gm', '2014-02-25 06:52:59', 3),
(54, '260gm', '2014-02-25 07:03:22', 3),
(55, '300gm', '2014-02-25 07:24:58', 3),
(56, '600ml', '2014-02-25 07:26:16', 2),
(57, '274 gm', '2014-02-25 07:27:15', 3),
(58, '88gm', '2014-02-25 07:36:50', 3),
(59, '330 gm', '2014-02-25 07:44:06', 3),
(60, '325ml', '2014-02-25 07:54:10', 2),
(61, '330ml', '2014-02-25 08:23:07', 2),
(62, '75gm', '2014-02-25 09:46:15', 3),
(63, '240gm', '2014-02-26 05:22:51', 3),
(64, '255gm', '2014-02-26 05:27:15', 3),
(65, '18gm', '2014-02-26 05:30:00', 3),
(66, '95gm', '2014-02-26 05:32:19', 3),
(67, '750gm', '2014-02-26 05:45:43', 3),
(68, '375gm', '2014-02-26 05:51:29', 3),
(69, '295gm', '2014-02-26 05:59:14', 3),
(70, '550gm', '2014-02-26 05:59:28', 3),
(71, '425gm', '2014-02-26 06:02:47', 3),
(72, '510gm', '2014-02-26 06:13:07', 3),
(73, '560gm', '2014-02-26 06:17:21', 3),
(74, '150gm', '2014-02-26 06:27:50', 3),
(75, '275gm', '2014-02-26 06:28:02', 3),
(76, '318gm', '2014-02-26 08:10:51', 3),
(77, '340gm', '2014-02-26 08:18:29', 3),
(78, '110gm', '2014-02-26 09:08:58', 3),
(79, '200gm', '2014-02-27 04:53:06', 3),
(80, '227gm', '2014-02-27 04:55:50', 3),
(81, '900gm', '2014-02-27 05:30:31', 3),
(82, '8pcs', '2014-02-27 05:43:42', 3),
(83, '75 pcs jar', '2014-02-27 06:44:26', 3),
(84, '57gm', '2014-02-27 06:47:00', 3),
(85, '23gm', '2014-02-27 07:20:53', 3),
(86, '33gm', '2014-02-27 07:32:16', 3),
(87, '9.2gm', '2014-02-27 07:33:27', 3),
(88, '40gm', '2014-02-27 07:34:35', 3),
(89, '45gm', '2014-02-27 08:41:07', 3),
(90, '1 bundle', '2014-02-27 09:01:52', 2),
(91, '60gm', '2014-02-27 09:11:57', 3),
(92, '146gm', '2014-02-27 09:39:44', 3),
(93, '150gm', '2014-02-27 10:18:31', 2),
(94, '250ml', '2014-03-01 05:43:22', 3),
(95, '500ml', '2014-03-01 05:43:27', 3),
(96, '200ml', '2014-03-01 05:43:35', 3),
(97, '397gm', '2014-03-01 06:08:31', 3),
(98, '800gm', '2014-03-01 06:16:09', 3),
(99, '2kg', '2014-03-01 06:24:29', 3),
(100, '170gm', '2014-03-01 06:26:50', 3),
(101, '1000gm', '2014-03-01 06:29:56', 3),
(102, '150ml', '2014-03-02 06:23:48', 3),
(103, '5ltr', '2014-03-02 06:28:06', 3),
(104, '3ltr', '2014-03-02 07:08:30', 3),
(105, '8ltr', '2014-03-02 08:30:55', 3);

-- --------------------------------------------------------

--
-- Table structure for table `suppliers`
--

CREATE TABLE IF NOT EXISTS `suppliers` (
  `supplier_id` int(11) NOT NULL AUTO_INCREMENT,
  `supplier_name` varchar(255) NOT NULL,
  `supplier_is_partner` enum('yes','no') NOT NULL DEFAULT 'no',
  `supplier_address` text NOT NULL,
  `supplier_phone` varchar(255) NOT NULL,
  `supplier_status` enum('active','inactive') NOT NULL DEFAULT 'active',
  `supplier_updated` timestamp NOT NULL DEFAULT CURRENT_TIMESTAMP ON UPDATE CURRENT_TIMESTAMP,
  `supplier_updated_by` int(11) NOT NULL,
  PRIMARY KEY (`supplier_id`)
) ENGINE=InnoDB  DEFAULT CHARSET=latin1 AUTO_INCREMENT=3 ;

--
-- Dumping data for table `suppliers`
--

INSERT INTO `suppliers` (`supplier_id`, `supplier_name`, `supplier_is_partner`, `supplier_address`, `supplier_phone`, `supplier_status`, `supplier_updated`, `supplier_updated_by`) VALUES
(1, 'William Gomes', 'no', '80, Tejturi Bazar', '8801914272921', 'inactive', '2014-05-31 05:38:49', 0),
(2, 'William Gomes', 'yes', '80, Tejturi Bazar', '8801914272921', 'active', '2014-05-29 06:42:45', 0);

-- --------------------------------------------------------

--
-- Table structure for table `supplier_areas`
--

CREATE TABLE IF NOT EXISTS `supplier_areas` (
  `SA_id` int(11) NOT NULL AUTO_INCREMENT,
  `SA_supplier_id` int(11) NOT NULL,
  `SA_area_id` int(11) NOT NULL,
  `SA_updated` timestamp NOT NULL DEFAULT CURRENT_TIMESTAMP ON UPDATE CURRENT_TIMESTAMP,
  `SA_updated_by` int(11) NOT NULL,
  PRIMARY KEY (`SA_id`)
) ENGINE=InnoDB DEFAULT CHARSET=latin1 COMMENT='SA = supplier_areas' AUTO_INCREMENT=1 ;

-- --------------------------------------------------------

--
-- Table structure for table `supplier_inventories`
--

CREATE TABLE IF NOT EXISTS `supplier_inventories` (
  `SI_id` int(11) NOT NULL AUTO_INCREMENT,
  `SI_supplier_id` int(11) NOT NULL,
  `SI_product_inventory_id` int(11) NOT NULL,
  `SI_product_cost` decimal(10,2) NOT NULL,
  `SI_status` enum('active','inactive') NOT NULL DEFAULT 'active',
  `SI_updated` timestamp NOT NULL DEFAULT CURRENT_TIMESTAMP ON UPDATE CURRENT_TIMESTAMP,
  `SI_updated_by` int(11) NOT NULL,
  PRIMARY KEY (`SI_id`)
) ENGINE=InnoDB  DEFAULT CHARSET=latin1 COMMENT='SI = supplier inventories' AUTO_INCREMENT=18 ;

--
-- Dumping data for table `supplier_inventories`
--

INSERT INTO `supplier_inventories` (`SI_id`, `SI_supplier_id`, `SI_product_inventory_id`, `SI_product_cost`, `SI_status`, `SI_updated`, `SI_updated_by`) VALUES
(1, 1, 139, 13.00, 'active', '2014-05-31 05:23:51', 0),
(11, 1, 392, 13.00, 'active', '2014-06-15 11:56:54', 0),
(12, 1, 393, 15.00, 'active', '2014-06-15 11:56:54', 0),
(13, 1, 394, 10.00, 'active', '2014-06-15 11:56:54', 0),
(14, 1, 395, 20.00, 'active', '2014-06-15 11:56:54', 0),
(15, 1, 396, 25.00, 'active', '2014-06-15 11:56:54', 0),
(16, 1, 397, 18.00, 'active', '2014-06-15 11:56:54', 0),
(17, 1, 398, 20.00, 'active', '2014-06-15 11:56:54', 0);

-- --------------------------------------------------------

--
-- Table structure for table `tags`
--

CREATE TABLE IF NOT EXISTS `tags` (
  `tag_id` int(5) NOT NULL AUTO_INCREMENT,
  `tag_title` varchar(20) COLLATE utf8_unicode_ci NOT NULL,
  `tag_updated` timestamp NOT NULL DEFAULT CURRENT_TIMESTAMP,
  `tag_updated_by` int(5) NOT NULL,
  PRIMARY KEY (`tag_id`)
) ENGINE=InnoDB  DEFAULT CHARSET=utf8 COLLATE=utf8_unicode_ci AUTO_INCREMENT=15 ;

--
-- Dumping data for table `tags`
--

INSERT INTO `tags` (`tag_id`, `tag_title`, `tag_updated`, `tag_updated_by`) VALUES
(1, 'food', '2014-02-03 05:03:59', 3),
(2, 'sweet', '2014-02-03 05:04:08', 3),
(3, 'icecream', '2014-02-03 05:04:19', 3),
(4, 'Fruit ', '2014-02-03 06:19:37', 2),
(5, 'juice', '2014-02-03 06:19:40', 2),
(6, 'mango', '2014-02-04 04:44:36', 2),
(7, 'orange', '2014-02-04 04:44:50', 2),
(8, 'lemon', '2014-02-04 04:57:09', 2),
(9, 'guava ', '2014-02-04 05:36:00', 2),
(10, 'apple', '2014-02-04 06:10:13', 2),
(11, 'banana', '2014-02-04 07:24:52', 2),
(12, 'pineapple ', '2014-02-04 08:24:36', 2),
(13, 'aaa', '2014-02-04 08:45:27', 2),
(14, 'grapefruit ', '2014-02-06 10:43:10', 2);

-- --------------------------------------------------------

--
-- Table structure for table `tax_classes`
--

CREATE TABLE IF NOT EXISTS `tax_classes` (
  `TC_id` int(5) NOT NULL AUTO_INCREMENT,
  `TC_title` varchar(20) COLLATE utf8_unicode_ci NOT NULL,
  `TC_percent` decimal(10,2) NOT NULL,
  `TC_updated` timestamp NOT NULL DEFAULT CURRENT_TIMESTAMP,
  `TC_updated_by` int(5) NOT NULL,
  PRIMARY KEY (`TC_id`)
) ENGINE=InnoDB  DEFAULT CHARSET=utf8 COLLATE=utf8_unicode_ci COMMENT='TC = tax_classes' AUTO_INCREMENT=4 ;

--
-- Dumping data for table `tax_classes`
--

INSERT INTO `tax_classes` (`TC_id`, `TC_title`, `TC_percent`, `TC_updated`, `TC_updated_by`) VALUES
(1, 'none', 0.00, '2013-04-30 08:31:43', 3),
(2, '15%', 15.00, '2013-04-30 08:37:00', 3),
(3, '1.5%', 1.50, '2014-06-05 08:19:47', 1);

-- --------------------------------------------------------

--
-- Table structure for table `temp_carts`
--

CREATE TABLE IF NOT EXISTS `temp_carts` (
  `TC_id` int(5) NOT NULL AUTO_INCREMENT,
  `TC_session_id` varchar(300) COLLATE utf8_unicode_ci NOT NULL,
  `TC_user_id` int(11) NOT NULL,
  `TC_product_id` int(5) NOT NULL,
  `TC_product_inventory_id` int(5) NOT NULL,
  `TC_product_tax` decimal(10,2) NOT NULL,
  `TC_unit_price` decimal(10,0) NOT NULL,
  `TC_per_unit_discount` decimal(10,0) NOT NULL,
  `TC_discount_amount` decimal(10,0) NOT NULL,
  `TC_product_quantity` int(5) NOT NULL,
  `TC_product_total_price` decimal(10,0) NOT NULL COMMENT 'total price = quantity * price',
  `TC_created` timestamp NOT NULL DEFAULT CURRENT_TIMESTAMP,
  PRIMARY KEY (`TC_id`)
) ENGINE=InnoDB  DEFAULT CHARSET=utf8 COLLATE=utf8_unicode_ci COMMENT='empty regularly using cron, TC= temp_carts' AUTO_INCREMENT=78 ;

--
-- Dumping data for table `temp_carts`
--

INSERT INTO `temp_carts` (`TC_id`, `TC_session_id`, `TC_user_id`, `TC_product_id`, `TC_product_inventory_id`, `TC_product_tax`, `TC_unit_price`, `TC_per_unit_discount`, `TC_discount_amount`, `TC_product_quantity`, `TC_product_total_price`, `TC_created`) VALUES
(1, '863aaea604c023c4821e7a88bf26d4ac', 12, 45, 42, 0.00, 40, 0, 0, 4, 160, '2014-02-19 07:41:43'),
(2, '823534bb378f8045866d464db28e54f6', 0, 87, 113, 0.00, 90, 0, 0, 6, 540, '2014-02-22 06:52:08'),
(3, 'eb910aa75c6bdd840caa0f7be6348c43', 0, 5, 83, 0.00, 25, 0, 0, 2, 0, '2014-02-25 05:13:16'),
(5, '492e6afa3e574d3f090cd91311249f12', 0, 1, 139, 0.00, 20, 5, 10, 2, 40, '2014-02-25 06:48:18'),
(6, '492e6afa3e574d3f090cd91311249f12', 0, 4, 82, 0.00, 25, 0, 0, 2, 50, '2014-02-25 07:02:38'),
(7, '492e6afa3e574d3f090cd91311249f12', 0, 6, 134, 0.00, 20, 0, 0, 2, 40, '2014-02-25 07:02:38'),
(8, '492e6afa3e574d3f090cd91311249f12', 0, 8, 7, 0.00, 25, 0, 0, 1, 25, '2014-02-25 07:02:39'),
(9, 'ebf78c217d2c0f7d3ecfb448a3a7e807', 0, 6, 134, 0.00, 20, 0, 0, 2, 40, '2014-02-26 06:53:02'),
(10, 'ebf78c217d2c0f7d3ecfb448a3a7e807', 0, 4, 82, 0.00, 25, 0, 0, 2, 50, '2014-02-26 06:53:03'),
(11, 'ebf78c217d2c0f7d3ecfb448a3a7e807', 0, 2, 80, 0.00, 25, 0, 0, 1, 25, '2014-02-26 06:53:04'),
(12, 'ebf78c217d2c0f7d3ecfb448a3a7e807', 0, 9, 8, 0.00, 100, 0, 0, 1, 100, '2014-02-26 06:53:05'),
(13, 'ebf78c217d2c0f7d3ecfb448a3a7e807', 0, 5, 83, 0.00, 25, 0, 0, 2, 0, '2014-02-26 07:26:56'),
(15, '5ff03b27d7f954642da761900b3fe0ca', 14, 6, 134, 0.00, 20, 0, 0, 2, 40, '2014-02-27 08:48:28'),
(17, '666h7mlg8bd5ln7jotqvtg0iv0', 1, 5, 83, 0.00, 25, 0, 0, 2, 0, '2014-03-03 08:32:19'),
(18, 'ni5193ld9pcsocnstcbgmstkn4', 0, 5, 83, 0.00, 25, 0, 0, 2, 0, '2014-03-04 04:32:40'),
(19, 'ni5193ld9pcsocnstcbgmstkn4', 0, 6, 137, 0.00, 20, 0, 0, 1, 20, '2014-03-04 04:32:41'),
(20, 'ni5193ld9pcsocnstcbgmstkn4', 0, 11, 10, 0.00, 350, 0, 0, 2, 700, '2014-03-04 04:32:42'),
(21, 'u2ka7f31nnqog6tcith1hj3ff1', 0, 6, 137, 0.00, 20, 0, 0, 1, 20, '2014-03-05 06:25:53'),
(24, 'e5608c0u1us5t63joafetg8q52', 1, 49, 46, 0.00, 160, 0, 0, 1, 160, '2014-05-07 12:08:47'),
(25, 'e5608c0u1us5t63joafetg8q52', 1, 53, 50, 0.00, 400, 0, 0, 3, 1200, '2014-05-07 12:19:48'),
(28, 'cril09h7lqmmb088iep6hqcra5', 0, 37, 34, 0.00, 30, 0, 0, 1, 30, '2014-05-10 08:05:03'),
(29, 'cril09h7lqmmb088iep6hqcra5', 0, 49, 46, 0.00, 160, 0, 0, 1, 160, '2014-05-10 08:05:03'),
(30, 'cril09h7lqmmb088iep6hqcra5', 0, 47, 44, 0.00, 30, 0, 0, 1, 30, '2014-05-10 08:05:04'),
(31, 'cril09h7lqmmb088iep6hqcra5', 0, 10, 9, 0.00, 25, 0, 0, 1, 25, '2014-05-10 08:05:04'),
(32, 'cril09h7lqmmb088iep6hqcra5', 0, 27, 25, 0.00, 25, 0, 0, 1, 25, '2014-05-10 08:05:05'),
(33, 'cril09h7lqmmb088iep6hqcra5', 0, 43, 40, 0.00, 30, 0, 0, 1, 30, '2014-05-10 08:05:05'),
(34, 'immmi4euhu6idpbg0djsgi3lj0', 0, 44, 41, 0.00, 30, 0, 0, 1, 30, '2014-05-11 05:27:16'),
(35, 'immmi4euhu6idpbg0djsgi3lj0', 0, 15, 13, 0.00, 100, 0, 0, 1, 100, '2014-05-11 05:27:17'),
(36, 'immmi4euhu6idpbg0djsgi3lj0', 0, 47, 44, 0.00, 30, 0, 0, 1, 30, '2014-05-11 09:33:22'),
(37, 'immmi4euhu6idpbg0djsgi3lj0', 0, 12, 144, 0.00, 60, 0, 0, 1, 60, '2014-05-11 09:34:03'),
(38, 'c0ssr0n46lvr5kt5d0anv449q2', 0, 30, 28, 0.00, 25, 0, 0, 6, 150, '2014-05-11 10:55:51'),
(39, 'uopmpvsfkrrbshrt7jhqb163b5', 0, 40, 36, 0.00, 30, 0, 0, 1, 30, '2014-05-25 07:35:51'),
(40, 'icr95392o50f6m4lfshrlsdi46', 0, 64, 86, 0.00, 295, 0, 0, 2, 590, '2014-05-29 05:24:22'),
(41, 'drnsbvgevsdrf2qo31h8a4i950', 1, 15, 13, 0.00, 100, 0, 0, 1, 100, '2014-06-03 04:50:43'),
(42, 'drnsbvgevsdrf2qo31h8a4i950', 1, 64, 86, 0.00, 295, 0, 0, 2, 590, '2014-06-03 04:50:45'),
(43, 'drnsbvgevsdrf2qo31h8a4i950', 1, 6, 137, 0.00, 70, 0, 0, 1, 70, '2014-06-03 04:53:03'),
(44, 'drnsbvgevsdrf2qo31h8a4i950', 1, 37, 34, 0.00, 30, 0, 0, 1, 30, '2014-06-03 04:53:17'),
(45, 'drnsbvgevsdrf2qo31h8a4i950', 1, 2, 80, 0.00, 25, 0, 0, 1, 25, '2014-06-03 04:53:29'),
(46, 'drnsbvgevsdrf2qo31h8a4i950', 1, 5, 83, 0.00, 25, 0, 0, 2, 0, '2014-06-03 04:53:49'),
(50, '7hcsn8qpb7qodgr2cj2212d584', 1, 40, 36, 0.00, 30, 0, 0, 1, 30, '2014-06-03 11:57:54'),
(65, '19l3idqu5g9uvqth3kndmc6cm6', 1, 48, 45, 0.00, 35, 0, 0, 1, 35, '2014-06-05 11:54:03'),
(66, '6ig3ntrptrhkb4ud1f1grule17', 41, 14, 12, 0.00, 100, 0, 0, 1, 100, '2014-06-19 04:44:09'),
(67, '6ig3ntrptrhkb4ud1f1grule17', 41, 44, 41, 0.00, 30, 0, 0, 1, 30, '2014-06-19 04:44:09'),
(68, '6ig3ntrptrhkb4ud1f1grule17', 41, 48, 45, 0.00, 35, 0, 0, 1, 35, '2014-06-19 07:15:00'),
(69, '6ig3ntrptrhkb4ud1f1grule17', 41, 54, 58, 0.00, 25, 0, 0, 1, 25, '2014-06-19 07:15:01'),
(70, '6ig3ntrptrhkb4ud1f1grule17', 41, 2, 80, 0.00, 25, 0, 0, 1, 25, '2014-06-19 07:15:01'),
(71, '6ig3ntrptrhkb4ud1f1grule17', 41, 11, 10, 0.00, 350, 0, 0, 1, 350, '2014-06-19 07:19:06'),
(72, '6ig3ntrptrhkb4ud1f1grule17', 41, 39, 35, 0.00, 30, 0, 0, 1, 30, '2014-06-19 07:19:06'),
(73, '6ig3ntrptrhkb4ud1f1grule17', 41, 43, 40, 0.00, 30, 0, 0, 1, 30, '2014-06-19 07:19:07'),
(74, '6ig3ntrptrhkb4ud1f1grule17', 41, 47, 44, 0.00, 30, 0, 0, 1, 30, '2014-06-19 07:19:08'),
(75, 'e33her6q40pfv838dega35s8c3', 1, 47, 44, 0.00, 30, 0, 0, 1, 30, '2014-06-21 05:25:36'),
(76, 'e33her6q40pfv838dega35s8c3', 1, 33, 31, 1.50, 25, 0, 0, 1, 25, '2014-06-21 05:25:36'),
(77, 'e33her6q40pfv838dega35s8c3', 0, 14, 12, 0.00, 100, 0, 0, 1, 100, '2014-06-21 06:49:37');

-- --------------------------------------------------------

--
-- Table structure for table `users`
--

CREATE TABLE IF NOT EXISTS `users` (
  `user_id` int(11) NOT NULL AUTO_INCREMENT,
  `user_email` varchar(100) COLLATE utf8_unicode_ci NOT NULL,
  `user_password` varchar(50) COLLATE utf8_unicode_ci NOT NULL,
  `google_user_id` int(100) NOT NULL,
  `user_hash` varchar(200) COLLATE utf8_unicode_ci NOT NULL,
  `user_status` enum('active','inactive') COLLATE utf8_unicode_ci NOT NULL,
  `user_verification` enum('yes','no') COLLATE utf8_unicode_ci NOT NULL DEFAULT 'no',
  `user_first_name` varchar(50) COLLATE utf8_unicode_ci NOT NULL,
  `user_middle_name` varchar(50) COLLATE utf8_unicode_ci NOT NULL,
  `user_last_name` varchar(50) COLLATE utf8_unicode_ci NOT NULL,
  `user_DOB` date NOT NULL COMMENT 'date of birth',
  `user_gender` enum('Male','Female','Not defined') COLLATE utf8_unicode_ci NOT NULL DEFAULT 'Not defined',
  `user_aboutme` varchar(500) COLLATE utf8_unicode_ci NOT NULL,
  `user_street_address` text COLLATE utf8_unicode_ci NOT NULL,
  `user_country` int(11) NOT NULL,
  `user_city` int(11) NOT NULL,
  `user_zip` int(10) NOT NULL,
  `user_delivery_address` text COLLATE utf8_unicode_ci NOT NULL,
  `user_phone` varchar(20) COLLATE utf8_unicode_ci NOT NULL,
  `user_last_login` timestamp NOT NULL DEFAULT CURRENT_TIMESTAMP,
  PRIMARY KEY (`user_id`)
) ENGINE=InnoDB  DEFAULT CHARSET=utf8 COLLATE=utf8_unicode_ci AUTO_INCREMENT=42 ;

--
-- Dumping data for table `users`
--

INSERT INTO `users` (`user_id`, `user_email`, `user_password`, `google_user_id`, `user_hash`, `user_status`, `user_verification`, `user_first_name`, `user_middle_name`, `user_last_name`, `user_DOB`, `user_gender`, `user_aboutme`, `user_street_address`, `user_country`, `user_city`, `user_zip`, `user_delivery_address`, `user_phone`, `user_last_login`) VALUES
(1, 'mijo.jfwg@gmail.com', 'e10adc3949ba59abb#b1a2j1r1e2*e56e057f20f883e', 0, 'acccs6btbcgk4nc3lvegp27ud0', 'active', 'yes', 'William', '', 'Gomes', '1986-07-10', 'Male', '', '', 0, 0, 0, '', '8801914272921', '2014-02-12 07:52:41'),
(10, 'faruk@bscheme.com', 'e10adc3949ba59abb#b1a2j1r1e2*e56e057f20f883e', 0, 'be4a378e0edcdde9d187f28d65e09219', 'active', 'yes', '', '', '', '0000-00-00', 'Not defined', '', '', 0, 0, 0, '', '', '2014-02-13 10:57:33'),
(23, 'admin@bscheme.com', 'e10adc3949ba59abb#b1a2j1r1e2*e56e057f20f883e', 0, 'mnjqjinpmmojk5f1b4uie06g37', 'active', 'no', 'Admin', '', '', '0000-00-00', 'Not defined', '', '', 0, 0, 0, '', '', '2014-03-15 06:01:15'),
(24, 'admin+1@bscheme.com', 'e10adc3949ba59abb#b1a2j1r1e2*e56e057f20f883e', 0, 'mnjqjinpmmojk5f1b4uie06g37', 'active', 'no', 'Will', '', '', '0000-00-00', 'Not defined', '', '', 0, 0, 0, '', '', '2014-03-15 06:06:20'),
(33, 'asda@asfsdf.csd', 'e10adc3949ba59abb#b1a2j1r1e2*e56e057f20f883e', 0, 'jta0pi2c6bi09eqrnsivktv3n2', 'active', 'no', 'asdasd', '', '', '0000-00-00', 'Not defined', '', '', 0, 0, 0, '', '', '2014-05-21 12:18:00'),
(40, 'mijo.jfwg+1@gmail.com', 'e10adc3949ba59abb#b1a2j1r1e2*e56e057f20f883e', 0, 'drnsbvgevsdrf2qo31h8a4i950', 'active', 'no', 'William F. Gomes', '', '', '0000-00-00', 'Not defined', '', '', 0, 0, 0, '', '', '2014-06-02 06:54:15'),
(41, 'mijo.jfwg+2@gmail.com', 'e10adc3949ba59abb#b1a2j1r1e2*e56e057f20f883e', 0, '6ig3ntrptrhkb4ud1f1grule17', 'active', 'no', 'william', '', '', '0000-00-00', 'Not defined', '', '', 0, 0, 0, '', '', '2014-06-19 07:19:21');

-- --------------------------------------------------------

--
-- Table structure for table `user_addresses`
--

CREATE TABLE IF NOT EXISTS `user_addresses` (
  `UA_id` int(5) NOT NULL AUTO_INCREMENT,
  `UA_user_id` int(11) NOT NULL,
  `UA_title` varchar(100) COLLATE utf8_unicode_ci NOT NULL,
  `UA_first_name` varchar(50) COLLATE utf8_unicode_ci NOT NULL,
  `UA_middle_name` varchar(50) COLLATE utf8_unicode_ci NOT NULL,
  `UA_last_name` varchar(50) COLLATE utf8_unicode_ci NOT NULL,
  `UA_phone` varchar(20) COLLATE utf8_unicode_ci NOT NULL,
  `UA_best_call_time` varchar(20) COLLATE utf8_unicode_ci NOT NULL,
  `UA_country_id` int(5) NOT NULL,
  `UA_city_id` int(5) NOT NULL,
  `UA_area_id` int(11) NOT NULL,
  `UA_zip` varchar(10) COLLATE utf8_unicode_ci NOT NULL,
  `UA_address` varchar(300) COLLATE utf8_unicode_ci NOT NULL,
  `UA_updated` timestamp NOT NULL DEFAULT CURRENT_TIMESTAMP ON UPDATE CURRENT_TIMESTAMP,
  PRIMARY KEY (`UA_id`)
) ENGINE=InnoDB  DEFAULT CHARSET=utf8 COLLATE=utf8_unicode_ci COMMENT='UA= user_addresses' AUTO_INCREMENT=12 ;

--
-- Dumping data for table `user_addresses`
--

INSERT INTO `user_addresses` (`UA_id`, `UA_user_id`, `UA_title`, `UA_first_name`, `UA_middle_name`, `UA_last_name`, `UA_phone`, `UA_best_call_time`, `UA_country_id`, `UA_city_id`, `UA_area_id`, `UA_zip`, `UA_address`, `UA_updated`) VALUES
(1, 1, 'Home Page Banner 1 Edited', 'William', '', 'Gomes', '8801914272921', '', 1, 1, 3, '1111111111', '111111111', '2014-06-21 05:41:29'),
(2, 1, 'Test Address 2', 'William', '', 'Gomes', '8801914272921', '', 1, 1, 1, '1215', '80, Tejturi Bazar', '2014-06-21 05:47:39'),
(3, 1, 'asdasssd', 'William', '', 'Gomes', '8801914272921', '', 1, 1, 1, '1215', '80, Tejturi Bazar', '2014-03-05 06:29:21'),
(4, 23, '80, Tejturi Bazar', 'William', '', 'Gomes', '8801914272921', '', 1, 1, 1, '1215', '80, Tejturi Bazar', '2014-03-15 06:02:36'),
(5, 24, '80, Tejturi Bazar', 'William', '', 'Gomes', '8801914272921', '', 1, 1, 1, '1215', '80, Tejturi Bazar', '2014-03-15 06:06:52'),
(6, 24, 'One ', 'William', '', 'Gomes', '8801914272921', '', 1, 1, 1, '1215', '80, Tejturi Bazar', '2014-03-15 06:10:51'),
(7, 24, 'Home Page Banner 1', 'William', '', 'Gomes', '8801914272921', '', 1, 1, 1, '1215', '80, Tejturi Bazar', '2014-03-15 06:12:20'),
(8, 1, '111111111111', '', '', '', '11111111111111', '', 1, 1, 1, '1111111111', '1111111111', '2014-05-07 08:31:30'),
(9, 1, 'add1', '', '', '', '8801914272921', '', 1, 1, 1, '1215', '80, Tejturi Bazar', '2014-05-07 12:12:32'),
(10, 1, 'asdasdad', '', '', '', 'asdasdasd', '', 1, 1, 1, 'asdasdasd', 'adasdasd', '2014-05-07 12:13:57'),
(11, 41, 'asdasdasd', '', '', '', '12312313', '', 1, 1, 1, '123', 'asdasdad', '2014-06-19 07:19:54');

-- --------------------------------------------------------

--
-- Table structure for table `wishlists`
--

CREATE TABLE IF NOT EXISTS `wishlists` (
  `WL_id` int(5) NOT NULL AUTO_INCREMENT,
  `WL_product_id` int(5) NOT NULL,
  `WL_inventory_id` int(11) NOT NULL,
  `WL_user_id` int(11) NOT NULL,
  `WL_cteated` timestamp NOT NULL DEFAULT CURRENT_TIMESTAMP ON UPDATE CURRENT_TIMESTAMP,
  PRIMARY KEY (`WL_id`)
) ENGINE=InnoDB  DEFAULT CHARSET=utf8 COLLATE=utf8_unicode_ci COMMENT='WL= wishlists ' AUTO_INCREMENT=3 ;

--
-- Dumping data for table `wishlists`
--

INSERT INTO `wishlists` (`WL_id`, `WL_product_id`, `WL_inventory_id`, `WL_user_id`, `WL_cteated`) VALUES
(1, 11, 10, 1, '2014-02-27 07:34:32'),
(2, 6, 137, 14, '2014-02-27 09:01:17');

/*!40101 SET CHARACTER_SET_CLIENT=@OLD_CHARACTER_SET_CLIENT */;
/*!40101 SET CHARACTER_SET_RESULTS=@OLD_CHARACTER_SET_RESULTS */;
/*!40101 SET COLLATION_CONNECTION=@OLD_COLLATION_CONNECTION */;
